标题,发布机构,发布时间,政策类别,关键词,摘要,原文链接
人工智能北京共识,北京人工智能研究院,2019-05,共识,"原则,研究,开发,使用,治理和长远规划",人工智能（AI）的发展关系到全社会、全人类和环境的未来。提出以下原则，作为人工智能研究、开发、使用、治理和长远规划的倡议，呼吁人工智能健康发展，支持构建命运共同体，实现人工智能造福人类社会和自然。,https://www.baai.ac.cn/news/beijing-ai-principles.html
人工智能行业自律公约（征求意见稿）,中国人工智能产业发展联盟,2019-06,自愿承诺,"人工智能伦理,安全,标准化和参与，包括国际化","中国人工智能产业联盟 (AIIA) 于 2017 年成立，拥有中国顶尖科技公司和大学的名人录成员，发布了关于人工智能 (AI) 行业自律的“联合承诺”草案。 5 月 31 日。

该草案将在 6 月 30 日之前向联盟成员和公众开放征求意见，这可能是中国在被理解为人工智能发展的广泛活动中努力的重要共同起点。虽然其内容较为笼统，但包含“安全可控”、“自律”等词语，使该文件与中国数字治理的更广泛趋势相吻合。

AIIA 似乎是一个伪官方组织，这一事实加强了这种一致性。根据其网站，AIIA 于 2017 年 10 月由工业和信息化部（MIIT）中国信息通信研究院（CAICT，见 DigiChina 简介）牵头的一组机构启动。新联盟接待了各种问题的工作组，吸引了来自研究机构和私营部门的成员。

AIIA 的成员分为正式成员（250 名以上）、理事会成员（125 名以上）和理事会副主席（29 名）。最后一类包括领先的科技公司百度、阿里巴巴、腾讯、华为、中兴通讯、360 等，以及清华大学、浙江大学和哈尔滨工业大学。

从最初发布的版本中，是否所有 AIIA 成员都会签署这份文件的最终版本尚不清楚，但这无疑是自 2017 年新一代人工智能发布以来中国出现的最突出的人工智能伦理声明之一。智能发展计划（AIDP，见 DigiChina 译文），它呼吁对人工智能发展的政策和伦理方面给予高度重视。",https://mp.weixin.qq.com/s/x7HTx4AR6oNBWwWxUpnSuQ
新一代人工智能的治理原则：发展负责任的人工智能,中国政府,2019-06,倡议,"治理原则,负责任","中国科技部（MOST）成立的专家委员会今天发布了一份文件，概述了人工智能治理和“负责任的人工智能”的八项原则。完整的翻译如下。

由国家新一代人工智能治理专家委员会制定的这些原则已被期待数周，并加入了其他几份最近关于人工智能治理和伦理的中国文件。 2017年国务院发布了科技部牵头的新一代人工智能发展规划（AIDP）。

据该委员会主席、清华大学苏世民学院院长薛澜介绍，科技部于 3 月成立了该委员会，研究人工智能治理的政策建议并确定国际合作领域。今年 5 月，科技部部长王志刚表示，该委员会正在起草指导人工智能治理的原则。

除了委员会成员之外，外部利益相关者似乎也为起草工作提供了意见。例如，据报道，投资者和人工智能科学家李开复为委员会的第一次会议提交了书面建议。

这些原则伴随着中国最近几周为阐明人工智能发展指南而做出的一系列努力。 5 月 28 日，北京人工智能研究院（BAAI）发布了《北京人工智能原则》，用于“人工智能的研究、开发、使用、治理和长期规划”。 5 月 31 日，中国人工智能产业联盟（AIIA）发布（DigiChina 译）一份关于人工智能开发和使用自律的“联合承诺”草案。",
《人工智能模型风险治理能力成熟度模型》标准编制说明,中国互联网协会,2021-08,标准,"人工智能,风险治理,模型","本标准针对企业在研发、实施和使用人工智能模型过程中面临的主要风险挑战，根据法律法规和行业特性，明确人工智能模型治理的原则、目标，厘清主体责任，建立覆盖围绕人工智能模型的风险治理能力成熟度模型，规范模型在需求分析、数据准备、模型构建、检验验证、模型部署、持续验证、模型修正、模型下线等环节中的风险治理活动，从策略制度、组织架构、资源配置、技术手段等方面提供保障，提出切实有效的治理措施，确保组织健康有序发展。
本标准适用于规范各类组织人工智能模型风险治理活动，指导组织建设和评价风险治理能力，也适用于主管监管部门、第三方评估机构等组织对人工智能模型研发、实施和使用进行监督、管理和评估。",https://www.isc.org.cn/zxzx/hyxx/listinfo-40432.html
《关于加强科技伦理治理的指导意见(征求意见稿)》,科学技术部科技监督与诚信建设司,2021-07,伦理规范,"科研伦理,伦理治理,监管框架","科技伦理是伦理思想在科学研究和技术开发等科技活动中的应用，是科技活动需要遵循的价值理念和行为规范。党中央、国务院高度重视科技伦理建设，习近平总书记在中国科学院第二十次院士大会、中国工程院第十五次院士大会、中国科协第十次全国代表大会上讲话指出，科技是发展的利器，也可能成为风险的源头，要前瞻研判科技发展带来的规则冲突、社会风险、伦理挑战，完善相关法律法规、伦理审查规则及监管框架。

为贯彻习近平总书记重要讲话精神，落实党的十九届四中全会、五中全会关于“健全科技伦理治理体制”“健全科技伦理体系”的决策部署，加大科技伦理治理力度，推动科技向善，保障我国科技事业健康发展，在国家科技伦理委员会领导下，科技部研究起草了《关于加强科技伦理治理的指导意见（征求意见稿）》，现向社会公开征求意见。",http://www.ncsti.gov.cn/kjdt/tzgg/202107/t20210728_37551.html
关于开展车联网身份认证和安全信任试点工作的通知,中国工信部,2021-06,指令,"车联网,网络安全,身份认证",为贯彻落实《新能源汽车产业发展规划（2021-2035年）》《智能汽车创新发展战略》和车联网产业发展专委会第四次全体会议工作任务要求，加快推进车联网网络安全保障能力建设，构建车联网身份认证和安全信任体系，推动商用密码应用，保障蜂窝车联网（C-V2X）通信安全，现开展车联网身份认证和安全信任试点工作。,https://wap.miit.gov.cn/jgsj/waj/wjfb/art/2021/art_203bcf2323ca42d4aca6c9324e90187f.html
《人工智能安全发展上海倡议》,上海市人工智能产业安全专家咨询委员会,2019-07,伦理规范,"人工智能,风险评估,安全监管","为了应对人工智能安全挑战，守护智能时代人类未来，上海市人工智能产业安全专家咨询委员会在充分吸纳国内外人工智能安全共识的基础上，联合人工智能安全领域的专家学者和产业界同仁，共同发起“人工智能安全发展上海倡议”，主要内容包括：

面向未来——人工智能发展需要实现创新与安全的协同，以安全保障创新，以创新驱动安全。在确保人工智能自身安全的同时，积极将人工智能技术应用于解决人类社会的安全难题。

以人为本——国际社会应一道科学规划人工智能的发展路径，确保人工智能按照人类预期并服务人类福祉方向发展，机器自主进化和自我复制等关键进程须进行风险评估和安全监管。

责任明晰——人工智能发展应当建立完备的安全责任框架，需要针对人工智能的应用场景，不断创新法律法规和伦理规范，明确人工智能安全责任认定和分担机制。

隐私保护——人工智能发展需要保障用户的数据安全，人工智能发展不得以牺牲用户隐私为代价，需要加强数据保护立法，丰富人工智能的技术路线，不断强化人工智能应用中的用户隐私保护。

算法公正——人工智能发展应避免由于算法设计对公众产生的危害，须明确算法动机和可解释性，克服算法设计和数据收集引发的不公正影响。

透明监管——人工智能发展应当避免技术黑箱导致的安全风险，需要通过建立可审查、可回溯、可推演的监管机制，确保目标功能和技术实现的统一。

和平利用——人工智能技术应当审慎运用在军事领域，自主化武器的研发和使用须遵循严格的风险评估，避免由于人工智能技术在军事领域滥用对全球和平稳定的威胁。

开放合作——人工智能发展需要各国、各方的协同共进，应当积极在国际范围建立人工智能安全发展的规范和标准，避免技术和政策不兼容导致的安全风险。",https://baijiahao.baidu.com/s?id=1637929566959873584&wfr=spider&for=pc
中国《工业和信息化领域数据安全管理办法 (试行)》,工业和信息化部,2021-10,法律法规,"数据安全,管理,法规","《办法》指出，行业监管部门鼓励数据开发利用和数据安全技术研究，支持推广数据安全产品和服务，培育数据安全企业、研究和服务机构，壮大数据安全产业，提升数据安全保障能力，促进数据的创新应用。

《办法》提出，工业和电信数据处理者收集数据应当遵循合法、正当、必要的原则，不得窃取或者以其他非法方式收集数据。数据收集过程中，应当采取配备技术手段、签署安全协议等措施加强对数据收集人员、设备的管理，并对数据收集的时间、类型、数量、频度、流向等进行记录。通过间接途径获取数据的，应当要求数据提供方做出数据源合法性的书面承诺，并承担相应的法律责任。

 《办法》指出，工业和电信数据处理者在中华人民共和国境内收集和产生的重要数据，应当依照法律、行政法规要求在境内存储，确需向境外提供的，应当依法依规进行数据出境安全评估，在确保安全的前提下进行数据出境，并加强对数据出境后的跟踪掌握。核心数据不得出境。

 《办法》提出，工业和电信数据处理者未经个人、单位等同意，不得使用数据挖掘、关联分析等技术手段针对特定主体进行精准画像、数据复原等加工处理活动。利用数据进行自动化决策的，应当保证决策的透明度和结果公平合理。使用、加工重要数据和核心数据的，还应当加强访问控制，建立登记、审批机制并留存记录。工业和电信数据处理者提供数据处理服务，涉及经营电信业务的，应当按照相关法律、行政法规规定取得电信业务经营许可。",https://www.secrss.com/articles/34838
《深圳经济特区人工智能产业促进条例》草案,深圳市人大常委会办公厅,2021-07,法律法规,"AI产业,开放相关数据,治理机制",《深圳经济特区人工智能产业促进条例（草案）》从深圳人工智能产业发展实际出发，围绕“明确范围+补齐短板+强化支撑+抢抓应用+集聚发展+规范治理”等环节，主要在人工智能及人工智能产业的界定、人工智能统计与监测制度、补齐人工智能基础研究短板、人工智能产业基础设施、充分发挥应用场景驱动作用、确立人工智能治理机制等六个方面进行探索创新。目标：率先通过立法推动人工智能产业高质量健康发展，促进人工智能与各产业领域深度融合，是打造全球领先人工智能产业高地的必然选择。,https://syncedreview.com/2021/06/30/shenzhen-rolls-out-chinas-first-general-ai-regulation/
《物联网新型基础设施建设三年行动计划 (2021-2023年)》,"农业农村部,国家卫生健康委员会,国家能源局,工业和信息化部,中央网络安全和信息化委员会办公室,科学技术部,生态环境部,住房和城乡建设部",2021-09,,"基础设施体系,物联网,数字经济",物联网是以感知技术和网络通信技术为主要手段，实现人、机、物的泛在连接，提供信息感知、信息传输、信息处理等服务的基础设施。随着经济社会数字化转型和智能升级步伐加快，物联网已经成为新型基础设施的重要组成部分。为贯彻落实《中华人民共和国国民经济和社会发展第十四个五年规划和2035年远景目标纲要》，打造系统完备、高效实用、智能绿色、安全可靠的现代化基础设施体系，推进物联网新型基础设施建设，充分发挥物联网在推动数字经济发展、赋能传统产业转型升级方面的重要作用，制定本计划。,https://www.secrss.com/articles/34789
《新一代人工智能治理原则》,国家新一代人工智能治理专业委员会,2021-09,伦理规范,"伦理意识,行为自觉,负责任",《新一代人工智能治理原则——发展负责任的人工智能》是为促进新一代人工智能健康发展，更好协调发展与治理的关系，确保人工智能安全可靠可控，推动经济、社会及生态可持续发展，共建人类命运共同体，人工智能发展相关各方应遵循的原则。由国家新一代人工智能治理专业委员会于2019年6月17日印发实施。,https://mp.weixin.qq.com/s/FnC9hIe2LDcwujSKnAKnSA
《网络数据安全标准体系建设指南》（征求意见稿）,工业和信息化部科技司,2020-04,法律法规,"网络数据安全保护能力,网络数据安全,数字经济","为落实《中华人民共和国网络安全法》《全国人民代表大会常务委员会关于加强网络信息保护的决定》《电信和互联网用户个人信息保护规定》等法律法规要求，有效提升电信和互联网行业网络数据安全保护能力，充分发挥标准在保障网络数据安全、推动行业健康有序发展中的引领和支撑作用，助力数字经济高质量发展，有关单位编制完成了《网络数据安全标准体系建设指南》（征求意见稿）及编制说明（见附件1、2）。
为进一步听取社会各界意见，现予以公示，公示日期截止2020年5月9日。如有意见或建议，请在公示期间填写《公示意见反馈信息表》（见附件3）并反馈至工业和信息化部科技司，电子邮件发送至KJBZ@miit.gov.cn（邮件主题注明：网络数据安全标准体系建设指南公示反馈）。",http://www.djbh.net/webdev/web/PolicyStandardsAction.do?p=getJcbz&id=8a81825671a5dfe50171b416cf930008
《网络数据安全管理条例(征求意见稿)》,国家互联网信息办公室,2021-11,政策规划,"数据安全管理,网络数据处理活动,国家安全,公共利益",为落实《中华人民共和国网络安全法》《中华人民共和国数据安全法》《中华人民共和国个人信息保护法》等法律关于数据安全管理的规定，规范网络数据处理活动，保护个人、组织在网络空间的合法权益，维护国家安全和公共利益，根据国务院2021年立法计划，我办会同相关部门研究起草《网络数据安全管理条例（征求意见稿）》，现向社会公开征求意见。,http://www.ncsti.gov.cn/kjdt/tzgg/202111/t20211115_51269.html
中华人民共和国个人信息保护法,第十三届全国人民代表大会,2021-08,法律法规,"个人信息,国家机关处理,法律责任",正式通过的《个人信息保护法》全文共计八章七十四条，围绕个人信息的处理，从处理规则、跨境提供、个人权力、处理者义务、保护职责部门以及法律责任等不同角度确立了相应规则，并且针对敏感个人信息和国家机关处理强调了特别规则。其出发点是保护个人对于个人信息处理享有的权力，厘清企业等个人信息处理者应当遵循的规则和履行的义务，同时明确违法和侵权行为的法律责任。,http://www.npc.gov.cn/npc/c30834/202108/a8c4e3672c74491a80b53a172bb753fe.shtml
中华人民共和国数据安全法,第十三届全国人民代表大会,2021-06,法律法规,"数据安全,国家安全,法律框架","2021年6月10日，《中华人民共和国数据安全法》(以下简称《数据安全法》)正式颁布，并将于2021年9月1日起正式实施。《数据安全法》(2021)将与《国家安全法》(2015)、《网络安全法》(2017)、《网络安全审查办法》(2020)共同构成我国数据安全范畴下的法律框架。《数据安全法》作为我国第一部专门规定“数据”安全的法律，明确对“数据”的规制原则。

        一、明确将数据安全上升到国家安全范畴

        新出台的《数据安全法》第四条明确“维护数据安全，应当坚持总体国家安全观”，并将“维护国家主权、安全和发展利益”写入本法的立法目的条款中。随着世界数据化进程的加快，各企业商业模式也在随之改变，例如采用基于数据智能驱动的商业模式的公司“滴滴”，这些公司在运营过程中无可避免地涉及数据使用的一系列问题。随着数据跨境流动等趋势的愈发常见，数据已然转换为关乎国家安全价值的利益形态，特别是当其掌握的数据足够丰富时，经过数据分析处理得出的结果极可能包含国家隐私核心数据，这些核心数据的不当使用可能引发国家安全问题，主要包括涉及国家安全数据的审查、境外数据对国家安全的侵犯和相关数据的境外传输问题。《数据安全法》从数据全场景构建数据全监管体系，明确行业主管部门对本行业、本领域的数据安全监管职责，指出公安机关、国家安全机关等依照本法和有关法律、行政法规的规定，在各自职责范围内承担数据安全监管职责，而监管细节有待进一步的规定。",http://www.npc.gov.cn/npc/c30834/202106/7c9af12f51334a73b56d7938f99a788a.shtml
汽车数据安全管理若干规定 (征求意见稿),国家互联网信息办公室,2021-05,法律法规,"个人信息,数据保护,汽车数据安全",为加强个人信息和重要数据保护，规范汽车数据处理活动，根据《中华人民共和国网络安全法》等法律法规，国家互联网信息办公室会同有关部门起草了《汽车数据安全管理若干规定（征求意见稿）》，现向社会公开征求意见。公众可通过以下途径和方式提出反馈意见,https://www.secrss.com/articles/32955
云南省人民政府关于印发云南省新一代人工智能发展规划（云南省人民政府）,云南省人民政府,2019-11,政策规划,"人工智能,产业生态,创新驱动",为贯彻落实《国务院关于印发新一代人工智能发展规划的通知》（国发〔2017〕35号）精神，抢抓人工智能发展战略机遇，推动新一代人工智能技术在我省经济社会各领域应用和推广，带动产业生态体系建设，促进新旧动能转化，培育发展新动能，制定本规划。,http://www.yn.gov.cn/zwgk/zcwj/yzf/201911/t20191122_185001.html
关于印发四川省新一代人工智能发展实施方案川函〔2018〕151号,四川省政府,2018-09,政策规划,"数字经济,创新驱动,发展",为深入贯彻落实《国务院关于印发新一代人工智能发展规划的通知》（国发〔2017〕35号）和省委十一届三次全会决策部署，加快我省新一代人工智能发展，抢占数字经济发展制高点，培育经济发展新动能，加快建成国家创新驱动发展先行省和创新型四川，特制定本方案。,http://www.sc.gov.cn/10462/11555/11562/2018/11/8/10462510.shtml?from=groupmessage
广东省人民政府关于印发广东省新一代人工智能发展规划的通知,广东省人民政府,2018-08,法律法规,"广东,人工智能,治理体系",为贯彻落实党的十九大精神和习近平总书记重要讲话精神，主动把握新一代人工智能发展重大战略机遇，加快建设国家科技产业创新中心，奋力实现“四个走在全国前列”，根据国务院《新一代人工智能发展规划》（国发〔2017〕35号），结合广东实际，制定本规划。,http://www.gd.gov.cn/gkmlpt/content/0/147/post_147108.html#7
科技工作者道德行为自律规范,江苏省计算机学会,2017-08,法律法规,"人工智能,道德行为,自律规范",科技工作者道德行为自律规范（中国科协第九届常务委员会第四次会议审议通过）,https://www.jscs.org.cn/x1.php?id=96
《人工智能深度学习算法评估规范》,中国科学院软件研究所作为技术牵头单位，中国电子技术标准化研究院出台,2018-07,法律法规,"人工智能,深度学习,规范,算法","人工智能的迅速发展正在深刻改变人类社会生活、改变世界，其技术和应用正经历快速发展的阶段。
根据GB/T 5271.28-2001《信息技术 词汇 第28部分:人工智能 基本概念与专家系统》中的定义，“人工
智能是表现出与人类智能（如推理和学习）相关的各种功能单元的能力。”机器学习是人工智能的核心
技术之一，是使计算机具有智能的重要途径，其应用遍及人工智能的各个领域。深度学习是机器学习的
一个子集，发源于人工神经网络的研究，通常也称为深度神经网络，是一种基于数据进行表征学习的方
法。目前，深度学习算法在金融、安防、医疗等领域得到广泛应用，国务院发布的《新一代人工智能发
展规划》中指出，人工智能进入新的发展阶段，“呈现出深度学习、跨界融合、人机协同、群智开放、
自主操控等新特征。”
然而，业界缺乏对深度学习算法可靠性、可移植性、效率等的系统性评估方法，一定程度上影响着
深度学习的广泛应用和技术发展。本标准此版本仅针对人工智能深度学习算法的可靠性评估进行要求。
随着研究的深入及应用的发展，后续将不断进行持续改进，逐渐扩展到深度学习算法可移植性、效率等
方面的评估。
中国电子技术标准化研究院作为国际标准化组织ISO/IEC JTC1/SC42（人工智能分技术委员会）的
国内技术归口单位，在本标准研制过程中，充分发挥了组织协调和技术方向把关作用。标准编写组聚集
了国内人工智能深度学习领域的技术专家，开展了多种形式的专题研讨和征求意见活动，在保证标准科
学性、合理性和可行性的同时，也确保了标准研制过程的公开性和透明性。
本标准的研制工作，得到了中国人工智能开源软件发展联盟专家委员会的指导和支持，专家委员会
主任委员、中国科学院院士、华东师范大学计算机科学与软件工程学院院长何积丰院士和各位专家对标
准内容和文稿进行了深入严谨的讨论，给出了许多切实可行的意见，对标准质量提升和标准内容完善起
到关键性作用。
使用帮助信息：任何单位和个人在使用本标准的过程中，若存在疑问，或有对本标准的改进建议和
意见，请与中国电子技术标准化研究院（中国人工智能开源软件发展联盟 秘书处）联系。
电话：010-64102848；电子邮件：aioss@cesi.cn
通信地址：北京东城区安定门东大街1号（100007）
版权声明：本标准版权受法律保护，转载、摘编或利用其它方式使用本标准内容的，应注明出处。
违反上述声明者，本联盟将追究其相关法律责任。
为了推动本标准的持续改进，使其内容更加贴近用户组织的实际需求，欢迎社会各方力量参加本标
准的持续改进，本标准的更多信息欢迎关注“中国人工智能开源软件发展联盟”公众号",http://www.cesi.cn/images/editor/20180703/20180703174359294.pdf
《数据安全管理办法》（征求意见稿）,国家互联网信息办公室,2019-05,法律法规,"以人为本,数据安全",为了维护、社会公共利益，保护公民、法人和其他组织在网络空间的合法权益，保障和重要，根据等法律法规，制定本办法。,https://www.sohu.com/a/316948876_653604
《电子商务法》,十三届全国人民代表大会,2018-08,法律法规,"电子商务,法规,合法利益",为了保障电子商务各方主体的合法权益，规范电子商务行为，维护市场秩序，促进电子商务持续健康发展，制定本法。,http://www.npc.gov.cn/npc/c30834/201808/5f7ac8879fa44f2aa0d52626757371bf.shtml
人工智能视觉隐私保护第1部分：通用 技术要求,中关村视听产业技术创新联盟,2020-12,政策规划,"人工智能,视觉隐私保护,通用 技术",本文件规定了人工智能技术中涉及视觉隐私保护的通用技术要求，给出了隐私数据控制者的义务、保障措施等约束行为和视觉隐私数据保护定级指南。,http://www.ttbz.org.cn/StandardManage/Detail/46108/
信息技术人工智能小样本机器学习样 本量和算法要求,中国电子工业标准化技术协会,2019-04,政策规划,"人工智能,小样本,机器学习,算法",本标准规定了小样本机器学习算法在不同场景情况下的样本量及算法的要求，适用于小样本机器学习相关产品。,http://www.ttbz.org.cn/StandardManage/Detail/28143/
信息技术人工智能服务器系统性能测试规范,中国电子工业标准化技术协会,2021-04,政策规划,"人工智能,服务器系统,性能测试","人工智能服务器，人工智能服务器集群及高性能计算中心，是当前各行业应用中，承载人工智能计
算的主要形态，已被广泛采用。人工智能计算与通用计算相比，有大数据量、大量并行处理等特征。人
工智能计算设备的性能关系到各行业实施人工智能应用的效率和成本。然而，因为设备实现技术的多样
性、各行业应用能力差异和大数据量训练需求、高并发推理需求等因素，设备实际性能成为应用关注的
重点。对人工智能计算系统的性能瓶颈识别和验证，是推进人工智能应用优化，提升效能的先决条件。
人工智能服务器，人工智能集群及高性能计算中心的性能是系统整体的综合体现，但因其构造的复
杂性，其性能可被系统内部各子环节的性能影响。这要求考察除端到端运行时间、能耗之外的，更加细
致、全面的运行时特征，方便分析、识别系统性能瓶颈。为此，应结合测试科学，规划和设计指标，为
用户人工智能应用的优化找出科学依据，创造条件。
通用场景（如图像分类等）涉及的模型负载及数据集，因其结构、规模及数据，与各行业实际应用
之间存在差异，不能完整地验证行业人工智能系统的性能的真实水平。行业应用的性能测试，需要引入
各行业领域中的常见场景。
本文件的提出，旨在提供规范化的、较为全面的、兼顾行业常见场景的人工智能服务器，人工智能
服务器集群及高性能计算中心的性能测试方法和指标，为各领域用户人工智能计算系统的优化提供依据
和途径。",http://www.ttbz.org.cn/Home/Show/24144/
信息技术人工智能服务能力成熟度评 价参考模型,中国电子工业标准化技术协会,2019-04,政策规划,"人工智能,服务能力,模型","本标准提出了人工智能服务能力成熟度评价参考模型，规定了成熟度等级、能力框架和评价方法, 适用于对云服务提供商提供的人工智能服务能力的成熟度评估，以及服务能力成熟度模型中某项能力主域、能力子域的单项评估",http://www.ttbz.org.cn/StandardManage/Detail/28166/
信息技术人工智能面向机器学习的数 据标注规程,中国电子工业标准化技术协会,2019-04,政策规划,"人工智能,机器学习,数据标注",本标准确立了数据标注规程框架，规定了数据标注的具体规程，适用于面向人工智能研究或开发应用等需要实施数据标注的企业、高校、科研院所、政府机构等,http://www.ttbz.org.cn/StandardManage/Detail/28148/
信息技术人工智能面向机器学习的系统框架和功能要求,中国电子工业标准化技术协会,2019-04,政策规划,"人工智能,机器学习,系 统框架,功能要求",本标准给出了面向机器学习的系统框架，规定了系统整体及各组件的功能要求，适用于各领域人工智能系统及解决方案的规划、设计，可作为评估、选型及验收的依据,http://www.ttbz.org.cn/StandardManage/Detail/28146/
信息技术人工智能风险评估模型,中国电子工业标准化技术协会,2021-07,政策规划,"人工智能,风险,评估模型","本文件规定了人工智能领域产品的风险评估模型，包括风险能力等级、风险要素、风险能力要求，
给出了判定人工智能产品的风险评估等级的方法。
本文件适用于指导人工智能产品开发方、用户方以及第三方等相关组织对人工智能产品风险开展评
估工作",http://www.ttbz.org.cn/Home/Show/26993/
自动驾驶车辆道路测试能力评估内容与 方法,中关村智通智能交通产业联盟,2020-11,政策规划,"自动驾驶,车辆,道路测试",本标准规定了自动驾驶车辆道路测试能力的评估内容、评估操作要求和评估判断。,http://www.ttbz.org.cn/StandardManage/Detail/39736/
《浙江省公共数据条例》,浙江省第十三届人民代表大会第六次会议主席团,2022-03,政策规划,"公共数据,数据处理,共享开放,数据安全保障",《浙江省公共数据条例》已于2022年1月21日经浙江省第十三届人民代表大会第六次会议通过，现予公布，自2022年3月1日起施行。,https://www.163.com/dy/article/GUKU64AJ0518KCLG.html
人工智能产业担当宣言,智源研究院,2021-08,伦理规范,"数据隐私,算法偏见,技术滥用,AI系统安全","作为引领第四次科技革命的战略性技术，人工智能虽然在纯技术层面是价值中立的，但在实际应用中，兼具创造性和破坏性。数据隐私、算法偏见、技术滥用等安全问题正给社会公共治理与产业智能化转型带来严峻挑战。

为了更好的推动人工智能技术创新和产业稳健发展，形成更完备规范的创新体系和产业生态，日前，在首届全球数字经济大会的人工智能产业治理论坛上，由北京智源人工智能研究院和瑞莱智慧共同发起，百度、华为、蚂蚁集团、寒武纪、爱笔科技、第四范式、出门问问等在内数十家研究机构与创新企业联合参与的首个《人工智能（AI）产业担当宣言》正式发布，强调中国科技企业在推动人工智能自律自治稳健发展中应积极承担的责任。",https://new.qq.com/omn/20210804/20210804A06UJM00.html
国务院关于印发“十四五”数字经济发展规划的通知,国务院,2021-12,政策规划,"数字政府,数字产业化,数字化服务,数字经济治理体系",数字经济是继农业经济、工业经济之后的主要经济形态，是以数据资源为关键要素，以现代信息网络为主要载体，以信息通信技术融合应用、全要素数字化转型为重要推动力，促进公平与效率更加统一的新经济形态。数字经济发展速度之快、辐射范围之广、影响程度之深前所未有，正推动生产方式、生活方式和治理方式深刻变革，成为重组全球要素资源、重塑全球经济结构、改变全球竞争格局的关键力量。“十四五”时期，我国数字经济转向深化应用、规范发展、普惠共享的新阶段。为应对新形势新挑战，把握数字化发展新机遇，拓展经济发展新空间，推动我国数字经济健康发展，依据《中华人民共和国国民经济和社会发展第十四个五年规划和2035年远景目标纲要》，制定本规划。,http://www.gov.cn/zhengce/content/2022-01/12/content_5667817.htm?trs=1
解读：《金融数据安全 数据安全评估规范》,全国金融标准化技术委员会,2021-12,政策规划,"数字资产,金融数据安全评估,隐私政策,脱敏",2021年12月3日，全国金融标准化技术委员会发布公告，就《金融数据安全数据安全评估规范》（以下简称“规范”）征求意见。,https://mp.weixin.qq.com/s/ihwtHlYfa7xjcwOTPceoUw
车联网网络安全和数据安全标准体系建设指南,工业和信息化部,2022-02,政策规划,"车联网,网络安全,数据安全","车联网是新一代网络通信技术与汽车、电子、道路交通
运输等领域深度融合的新兴产业形态，呈现蓬勃发展的良好
态势。随着汽车电动化、网联化、智能化交融发展，车辆运
行安全、数据安全和网络安全风险交织叠加，安全形势更加
复杂严峻，亟需加快建立健全车联网网络安全和数据安全保
障体系，为车联网产业安全健康发展提供支撑。
为贯彻落实《中华人民共和国网络安全法》《中华人民
共和国数据安全法》《关键信息基础设施安全保护条例》，
根据《新能源汽车产业发展规划（2021-2035 年）》《车联
网（智能网联汽车）产业发展行动计划》《汽车数据安全管
理若干规定》《关于加强车联网网络安全和数据安全工作的
通知》要求，工业和信息化部在现有国家车联网产业标准体
系的基础上，组织编制了《车联网网络安全和数据安全标准
体系建设指南》，用于指导相关标准研制。",http://www.gov.cn/zhengce/zhengceku/2022-03/07/content_5677676.htm
中共中央办公厅 国务院办公厅印发《关于加强科技伦理治理的意见》,"中共中央办公厅,国务院办公厅",2022-03,政策规划,"科技伦理治理,科技伦理体系,科技伦理知识",新华社北京3月20日电 近日，中共中央办公厅、国务院办公厅印发了《关于加强科技伦理治理的意见》，并发出通知，要求各地区各部门结合实际认真贯彻落实。,http://www.chinanews.com.cn/gn/2022/03-20/9707124.shtml
互联网信息服务算法推荐管理规定,"国家市场监督管理总局,国家互联网信息办公室,工业和信息化部,公安部",2022-01,政策规划,"算法推荐技术,用户自主选择机制,干预信息",《互联网信息服务算法推荐管理规定》已经2021年11月16日国家互联网信息办公室2021年第20次室务会议审议通过，并经工业和信息化部、公安部、国家市场监督管理总局同意，现予公布，自2022年3月1日起施行。,http://wzhd.gxnews.com.cn/staticpages/20220104/newgx61d3cf42-20600148.shtml
网信办《互联网弹窗信息推送服务管理规定》公开征求意见,国家互联网信息办公室,2022-03,政策规划,"弹窗信息,推送服务,网络安全,数据安全,个人信息保护",为了进一步规范互联网弹窗信息推送服务管理，保障公民、法人和其他组织的合法权益，弘扬社会主义核心价值观，营造清朗网络空间，根据《中华人民共和国网络安全法》《中华人民共和国未成年人保护法》《中华人民共和国广告法》《互联网信息服务管理办法》《网络信息内容生态治理规定》等法律法规，我办起草了《互联网弹窗信息推送服务管理规定（征求意见稿）》，现向社会公开征求意见。,https://www.secrss.com/articles/39851
重磅！国家标准《信息技术人工智能知识图谱技术框架》征求意见稿发布，35页pdf详细规定知识图谱技术框架,国家市监总局和国家标准化委员会,2022-02,政策规划,"知识图谱,人工智能技术,数字基础设施",本文件给出了知识图谱的技术框架中知识图谱供应方、知识图谱集成方、知识图谱用户、知识图 谱生态合作伙伴的主要活动、任务组成和质量一般性能等。本文件适用于知识图谱及其应用系统的构建、应用、实施与维护。,https://mp.weixin.qq.com/s?__biz=MzI3MTA0MTk1MA==&mid=2652174174&idx=3&sn=e380110ffe8239eceb99487478655600&chksm=f12783afc6500ab9e7d1fe61fbbdefaaadf5f2514ffd46dfdd92db566bbfdf98257353c9d9ec&scene=126&&sessionid=1646564668#rd
《网络安全标准实践指南—Windows 7操作系统安全加固指引》公开征求意见,全国信息安全标准化技术委员会秘书处,2022-04,政策规划,"网络安全,标准,Windows 7,操作系统,安全","《网络安全标准实践指南》（以下简称《实践指南》）是
全国信息安全标准化技术委员会（以下简称“信安标委”）秘书处组织制定和发布的标准相关技术文件，旨在围绕网络安全法律法规政策、标准、网络安全热点和事件等主题，宣传网络安全相关标准及知识，提供标准化实践指引。",https://www.tc260.org.cn/front/postDetail.html?id=20220411174703
关于开展汽车软件在线升级备案的通知,工业和信息化部装备工业发展中心,2022-04,政策规划,"汽车,软件,升级备案","各有关汽车生产企业：

根据《道路机动车辆生产企业及产品准入管理办法》《关于加强智能网联汽车生产企业及产品准入管理的意见》等有关规定，受工业和信息化部委托，工业和信息化部装备工业发展中心组织开展汽车软件在线升级（又称OTA升级）备案工作。现将有关事项通知如下：

一、备案范围

获得道路机动车辆生产准入许可的汽车整车生产企业（以下简称“企业”）及其生产的具备OTA升级功能的汽车整车产品（以下简称“产品”）和实施的OTA升级活动，应进行备案。申请主体应是汽车整车生产企业。

二、备案要求

（一）企业实施OTA升级活动，应当确保汽车产品符合国家法律法规、技术标准及技术规范等相关要求，保障汽车产品生产一致性。

（二）企业应按要求依次完成企业管理能力备案、车型及功能备案和具体升级活动备案后，才能实施OTA升级活动。

（三）根据升级活动的影响评估，具体升级活动应采取分级备案，要求如下：

1. 不涉及产品安全、环保、节能、防盗等技术性能变化的相关升级活动，企业在备案后可直接开展升级。

2. 涉及产品安全、环保、节能、防盗等技术性能变化的相关升级活动，应提交验证材料，保障产品符合国家法律法规、技术标准及技术规范等相关要求。其中，涉及《公告》技术参数变更的相关升级活动，企业应在备案前按照《公告》管理规定，向工业和信息化部申请产品变更或扩展，按流程完成《公告》产品准入后才能开展升级，保障汽车产品生产一致性。

3. 涉及汽车自动驾驶功能（驾驶自动化分级的3级及以上）的相关升级活动，应经工业和信息化部批准。

（四）企业是OTA升级活动安全和产品生产一致性的责任主体。企业应履行告知义务，升级执行前向车辆用户告知OTA升级的目的、内容、所需时长、升级影响、注意事项等信息，升级执行后告知车辆用户升级结果。

（五）企业应识别升级活动所影响的电子控制系统，并保存软件初始和升级版本（集），支持实施升级追溯管理。相关备案信息应真实、准确和完整。

三、备案工作流程

（一）企业管理能力备案。企业应开展OTA升级管理能力评估，提交企业管理能力备案及相关证明材料。备案有效期为3年，有效期满或不能持续保持企业管理能力的，需重新申请备案。企业开展车型及功能备案、具体升级活动备案和实施升级活动，均应在有效期内进行。

（二）车型及功能备案。本通知发布后，申请《公告》新产品准入的，应在产品《公告》发布后15个工作日内，按照汽车软件在线升级备案系统中所列备案信息及要求，提交车型及功能备案和相关证明材料。本通知发布前已《公告》的产品，应在企业管理能力备案后60个工作日内完成补充备案。

（三）具体升级活动备案。企业开展具体OTA升级活动前，应按照汽车软件在线升级备案系统中所列备案信息及要求，提交具体升级活动备案及相关证明材料。在升级活动完成后5个工作日内，提交该具体升级活动的实施情况报告。其中升级活动起止时间间隔超过6个月的，还应每6个月提交实施情况阶段性报告。

四、实施安排

自本通知发布之日起，企业应开展企业管理能力备案、车型及功能备案和具体升级活动备案。企业通过登录“汽车软件在线升级备案系统”（网址为https://ota.miit-eidc.org.cn/）填报备案信息和相关证明材料。企业登录系统首页时首先进行注册，注册时需填写企业相关信息。注册成功后，使用注册账号登录备案系统。

五、企业责任

企业应持续履行备案承诺要求。如发现企业存在未按规定备案、隐瞒真实情况、提供虚假材料、不能持续保持企业OTA升级管理能力，以及存在产品一致性等问题的，报工业和信息化部依据《公告》管理有关规定处理。

特此通知。
各有关汽车生产企业：

根据《道路机动车辆生产企业及产品准入管理办法》《关于加强智能网联汽车生产企业及产品准入管理的意见》等有关规定，受工业和信息化部委托，工业和信息化部装备工业发展中心组织开展汽车软件在线升级（又称OTA升级）备案工作。现将有关事项通知如下：

一、备案范围

获得道路机动车辆生产准入许可的汽车整车生产企业（以下简称“企业”）及其生产的具备OTA升级功能的汽车整车产品（以下简称“产品”）和实施的OTA升级活动，应进行备案。申请主体应是汽车整车生产企业。

二、备案要求

（一）企业实施OTA升级活动，应当确保汽车产品符合国家法律法规、技术标准及技术规范等相关要求，保障汽车产品生产一致性。

（二）企业应按要求依次完成企业管理能力备案、车型及功能备案和具体升级活动备案后，才能实施OTA升级活动。

（三）根据升级活动的影响评估，具体升级活动应采取分级备案，要求如下：

1. 不涉及产品安全、环保、节能、防盗等技术性能变化的相关升级活动，企业在备案后可直接开展升级。

2. 涉及产品安全、环保、节能、防盗等技术性能变化的相关升级活动，应提交验证材料，保障产品符合国家法律法规、技术标准及技术规范等相关要求。其中，涉及《公告》技术参数变更的相关升级活动，企业应在备案前按照《公告》管理规定，向工业和信息化部申请产品变更或扩展，按流程完成《公告》产品准入后才能开展升级，保障汽车产品生产一致性。

3. 涉及汽车自动驾驶功能（驾驶自动化分级的3级及以上）的相关升级活动，应经工业和信息化部批准。

（四）企业是OTA升级活动安全和产品生产一致性的责任主体。企业应履行告知义务，升级执行前向车辆用户告知OTA升级的目的、内容、所需时长、升级影响、注意事项等信息，升级执行后告知车辆用户升级结果。

（五）企业应识别升级活动所影响的电子控制系统，并保存软件初始和升级版本（集），支持实施升级追溯管理。相关备案信息应真实、准确和完整。

三、备案工作流程

（一）企业管理能力备案。企业应开展OTA升级管理能力评估，提交企业管理能力备案及相关证明材料。备案有效期为3年，有效期满或不能持续保持企业管理能力的，需重新申请备案。企业开展车型及功能备案、具体升级活动备案和实施升级活动，均应在有效期内进行。

（二）车型及功能备案。本通知发布后，申请《公告》新产品准入的，应在产品《公告》发布后15个工作日内，按照汽车软件在线升级备案系统中所列备案信息及要求，提交车型及功能备案和相关证明材料。本通知发布前已《公告》的产品，应在企业管理能力备案后60个工作日内完成补充备案。

（三）具体升级活动备案。企业开展具体OTA升级活动前，应按照汽车软件在线升级备案系统中所列备案信息及要求，提交具体升级活动备案及相关证明材料。在升级活动完成后5个工作日内，提交该具体升级活动的实施情况报告。其中升级活动起止时间间隔超过6个月的，还应每6个月提交实施情况阶段性报告。

四、实施安排

自本通知发布之日起，企业应开展企业管理能力备案、车型及功能备案和具体升级活动备案。企业通过登录“汽车软件在线升级备案系统”（网址为https://ota.miit-eidc.org.cn/）填报备案信息和相关证明材料。企业登录系统首页时首先进行注册，注册时需填写企业相关信息。注册成功后，使用注册账号登录备案系统。

五、企业责任

企业应持续履行备案承诺要求。如发现企业存在未按规定备案、隐瞒真实情况、提供虚假材料、不能持续保持企业OTA升级管理能力，以及存在产品一致性等问题的，报工业和信息化部依据《公告》管理有关规定处理。

特此通知。",http://www.miit-eidc.org.cn/art/2022/4/15/art_54_30478.html
2022年上海市扩大有效投资稳定经济发展的若干政策措施印发：加快推动能源安全低碳发展,上海市发展和改革委员会,2022-01,政策规划,"智能工厂,智能交通,智能电网",1月18日，《2022年上海市扩大有效投资稳定经济发展的若干政策措施》印发，其中提出，加快推动能源安全低碳发展。以煤电等容量替代和“三改联动”改造为重点，加快推动全市煤电转型升级。以上海LNG站线扩建工程为重点，加快完善天然气产供储销体系，同步建设一批天然气调峰电源。以坚强智能电网建设为重点，加快提升城市能源安全韧性。出台新一轮可再生能源、充换电设施扶持政策，推动杭州湾海域海上风电项目全面开发，加快各行业领域“光伏+”综合开发利用。制定出台并推进落实碳达峰碳中和实施意见及配套政策措施，积极引导社会资本进入绿色低碳新赛道。,https://finance.sina.com.cn/roll/2022-01-18/doc-ikyakumy1019724.shtml
App违法违规收集使用个人信息行为认定方法,"国家市场监督管理总局,国家互联网信息办公室,工业和信息化部,公安部",2019-11,政策规划,"个人信息,隐私政策,社会监督",根据《关于开展App违法违规收集使用个人信息专项治理的公告》，为监督管理部门认定App违法违规收集使用个人信息行为提供参考，为App运营者自查自纠和网民社会监督提供指引，落实《网络安全法》等法律法规，制定本方法。,http://www.cac.gov.cn/2019-12/27/c_1578986455686625.htm
“十四五”数字经济发展规划,国务院,2021-12,政策规划,"数据资源,现代信息网络,信息通信技术,全要素数字化转型",数字经济是继农业经济、工业经济之后的主要经济形态，是以数据资源为关键要素，以现代信息网络为主要载体，以信息通信技术融合应用、全要素数字化转型为重要推动力，促进公平与效率更加统一的新经济形态。数字经济发展速度之快、辐射范围之广、影响程度之深前所未有，正推动生产方式、生活方式和治理方式深刻变革，成为重组全球要素资源、重塑全球经济结构、改变全球竞争格局的关键力量。“十四五”时期，我国数字经济转向深化应用、规范发展、普惠共享的新阶段。为应对新形势新挑战，把握数字化发展新机遇，拓展经济发展新空间，推动我国数字经济健康发展，依据《中华人民共和国国民经济和社会发展第十四个五年规划和2035年远景目标纲要》，制定本规划。,http://www.gov.cn/zhengce/content/2022-01/12/content_5667817.htm
《中华人民共和国个人信息保护法（草案）》,全国人民代表大会常务委员会,2020-10,法律法规,"个人信息处理规则,个人信息保护,敏感个人信息","第一章 总 则

                      第二章 个人信息处理规则

                      第一节 一般规定

                      第二节 敏感个人信息的处理规则 

                      第三节 国家机关处理个人信息的特别规定 

                      第三章 个人信息跨境提供的规则 

                      第四章 个人在个人信息处理活动中的权利 

                      第五章 个人信息处理者的义务 

                      第六章 履行个人信息保护职责的部门 

                      第七章 法律责任 

                      第八章 附 则",http://fzzfyjy.cupl.edu.cn/info/1077/12335.htm
《中华人民共和国数据安全法 (草案) 》,全国人民代表大会常务委员会,2020-07,法律法规,"数据安全与发展,数据安全制度,数据安全保护义务,政务数据安全与开放","第一章 总则

第二章 数据安全与发展

第三章 数据安全制度

第四章 数据安全保护义务

第五章 政务数据安全与开放

第六章 法律责任

第七章 附则",https://www.secrss.com/articles/23542
《工业数据分类分级指南（试行）》,工业和信息化部办公厅,2020-02,政策规划,"工业数据,个人信息泄露,数据分类分级制度","第一章 总则

第一条 为贯彻《促进大数据发展行动纲要》《大数据产业发展规划（2016-2020年）》有关要求，更好推动《数据管理能力成熟度评估模型》（GB/T 36073-2018）贯标和《工业控制系统信息安全防护指南》落实，指导企业提升工业数据管理能力，促进工业数据的使用、流动与共享，释放数据潜在价值，赋能制造业高质量发展，制定本指南。

第二条 本指南所指工业数据是工业领域产品和服务全生命周期产生和应用的数据，包括但不限于工业企业在研发设计、生产制造、经营管理、运维服务等环节中生成和使用的数据，以及工业互联网平台企业（以下简称平台企业）在设备接入、平台运行、工业APP应用等过程中生成和使用的数据。

第三条 本指南适用于工业和信息化主管部门、工业企业、平台企业等开展工业数据分类分级工作。涉及国家秘密信息的工业数据，应遵守保密法律法规的规定，不适用本指南。

第四条 工业数据分类分级以提升企业数据管理能力为目标，坚持问题导向、目标导向和结果导向相结合，企业主体、行业指导和属地监管相结合，分类标识、逐类定级和分级管理相结合。",http://www.cac.gov.cn/2020-03/08/c_1585210563153197.htm
《网络安全审查办法》,"商务部,国家市场监督管理总局,国家互联网信息办公室,国家安全部,国家广播电视总局,中国证券监督管理委员会,工业和信息化部,国家保密局,国家密码管理局,国家发展和改革委员会,中国人民银行,财政部,公安部",2020-04,政策规划,"大型数据库,网络安全设备,云计算服务",【国家互联网信息办公室等十三部门修订发布《网络安全审查办法》】《办法》将网络平台运营者开展数据处理活动影响或者可能影响国家安全等情形纳入网络安全审查，并明确掌握超过100万用户个人信息的网络平台运营者赴国外上市必须向网络安全审查办公室申报网络安全审查。,http://www.gov.cn/gongbao/content/2020/content_5522548.htm
《金融科技发展规划(2022-2025年)》,中国人民银行,2022-01,政策规划,"金融数字化转型,金融科技治理,科技成果转化",中国人民银行印发《金融科技发展规划（2022-2025年）》（以下简称《规划》）。《规划》依据《中华人民共和国国民经济和社会发展第十四个五年规划和2035年远景目标纲要》制定，提出新时期金融科技发展指导意见，明确金融数字化转型的总体思路|发展目标|重点任务和实施保障。,http://www.china-cer.com.cn/guwen/2022010516303.html
中共中央办公厅、国务院办公厅印发《关于加强科技伦理治理的意见》,"中共中央办公厅,国务院办公厅",2022-03,政策规划,"伦理先行,依法依规,敏捷治理,立足国情,开放合作",新华社北京3月20日电  近日，中共中央办公厅、国务院办公厅印发了《关于加强科技伦理治理的意见》，并发出通知，要求各地区各部门结合实际认真贯彻落实。,https://mp.weixin.qq.com/s/xU73onKBfpX85YMoz6-YRQ
中华人民共和国消费者权益保护法,全国人民代表大会常务委员会,2016-03,法律法规,"消费者合法权益, 消费者组织",1993年10月31日第八届全国人民代表大会常务委员会第四次会议通过 根据2009年8月27日第十一届全国人民代表大会常务委员会第十次会议《关于修改部分法律的决定》第一次修正 根据2013年10月25日第十二届全国人民代表大会常务委员会第五次会议《关于修改的决定》第二次修正,https://www.lawtime.cn/faguizt/117.html
中华人民共和国电子商务法,全国人民代表大会常务委员会,2018-08,法律法规,"电子商务,法律责任","第一条　为了保障电子商务各方主体的合法权益，规范电子商务行为，维护市场秩序，促进电子商务持续健康发展，制定本法。

　　第二条　中华人民共和国境内的电子商务活动，适用本法。

　　本法所称电子商务，是指通过互联网等信息网络销售商品或者提供服务的经营活动。

　　法律、行政法规对销售商品或者提供服务有规定的，适用其规定。金融类产品和服务，利用信息网络提供新闻信息、音视频节目、出版以及文化产品等内容方面的服务，不适用本法。",http://www.jzrb.com/zhuanti2020/wlbypt/flfg/202004/724671.html
中华人民共和国网络安全法,全国人民代表大会常务委员会,2016-11,法律法规,"网络信息安全 , 法律责任 , 网络运行安全","《中华人民共和国网络安全法》是为保障网络安全，维护网络空间主权和国家安全、社会公共利益，保护公民、法人和其他组织的合法权益，促进经济社会信息化健康发展而制定的法律。

《中华人民共和国网络安全法》由中华人民共和国第十二届全国人民代表大会常务委员会第二十四次会议于2016年11月7日通过，自2017年6月1日起施行。",https://baike.so.com/doc/24210940-24838928.html
五部门关于印发《智能光伏产业创新发展行动计划（2021-2025年）》的通知,"交通运输部,农业农村部,国家能源局,工业和信息化部,住房和城乡建设部",2022-01,政策规划,"光伏产业,半导体技术,新能源需求,智慧能源,智能运维产品",光伏产业是基于半导体技术和新能源需求而融合发展|快速兴起的朝阳产业，也是实现制造强国和能源革命的重大关键领域。为推动光伏产业与新一代信息技术深度融合，加快实现智能制造|智能应用|智能运维|智能调度，全面提升我国光伏产业发展质量和效率，推动实现2030年碳达峰|2060年碳中和目标，制定本行动计划。,https://wap.miit.gov.cn/zwgk/zcwj/wjfb/tz/art/2022/art_de86b26087844ebab5e886e954ca1453.html
人民银行关于印发《中国人民银行金融消费者权益保护实施办法》的通知,中国人民银行,2016-12,政策规划,"消费者权益保护,风险承受等级","中国人民银行上海总部，各分行、营业管理部，各省会（首府）城市中心支行，各副省级城市中心支行；各国有商业银行、股份制商业银行，中国邮政储蓄银行；中国银联：

为贯彻落实《国务院办公厅关于加强金融消费者权益保护工作的指导意见》（国办发〔2015〕81号），进一步规范金融机构行为，切实保障金融消费者合法权益，中国人民银行制定了《中国人民银行金融消费者权益保护实施办法》，现印发给你们，请遵照执行。执行过程中遇到新情况、新问题，请及时告知中国人民银行金融消费权益保护局。

请中国人民银行上海总部，各分行、营业管理部，各省会（首府）城市中心支行，各副省级城市中心支行将本通知转发至辖区内有关金融机构、非银行支付机构和征信机构。",http://www.gov.cn/gongbao/content/2017/content_5213211.htm
关于印发《常见类型移动互联网应用程序必要个人信息范围规定》的通知,"国家市场监督管理总局,国家互联网信息办公室,工业和信息化部,公安部",2021-03,政策规划,"网络运营 , 个人信息, 个人信息行为","为贯彻落实《中华人民共和国网络安全法》关于“网络运营者收集、使用个人信息，应当遵循合法、正当、必要的原则”“网络运营者不得收集与其提供的服务无关的个人信息”等规定，国家互联网信息办公室、工业和信息化部、公安部、国家市场监督管理总局联合制定了《常见类型移动互联网应用程序必要个人信息范围规定》，明确移动互联网应用程序（App）运营者不得因用户不同意收集非必要个人信息，而拒绝用户使用App基本功能服务。

现将《常见类型移动互联网应用程序必要个人信息范围规定》印发给你们，请指导督促本地区App运营者抓紧落实，并加强监督检查，及时调查、处理违法违规收集使用个人信息行为，切实维护公民在网络空间的合法权益。",http://www.cac.gov.cn/2021-03/22/c_1617990997054277.htm
关于审理使用人脸识别技术处理个人信息相关民事案件适用法律若干问题的规定【 法释〔2021〕15号】,最高人民法院审判委员会,2021-06,法律法规,"人脸识别技术,人脸信息,,生物识别信息",为正确审理使用人脸识别技术处理个人信息相关民事案件，保护当事人合法权益，促进数字经济健康发展，根据《中华人民共和国民法典》《中华人民共和国网络安全法》《中华人民共和国消费者权益保护法》《中华人民共和国电子商务法》《中华人民共和国民事诉讼法》等法律的规定，结合审判实践，制定本规定。,https://www.163.com/dy/article/H10M3T690552KSEM.html
工业和信息化部关于开展纵深推进APP侵害用户权益专项整治行动的通知,工业和信息化部,2020-07,政策规划,"技管结合,个人用户信息",按照2020年信息通信行业行风建设暨纠风工作部署，为切实加强用户个人信息保护，为人民群众提供更安全、更健康、更干净的信息环境，我部决定开展纵深推进APP侵害用户权益专项整治行动。专项整治时间为通知印发之日至2020年12月10日。,http://www.cac.gov.cn/2020-07/28/c_1597492913060262.htm
建设现代流通体系 强化国内国际双循环支撑,国家发展改革委,2022-02,政策规划,"新型产销体系,安全监管,数据共享",近日，国务院批复同意《十四五现代流通体系建设规划》（以下简称《规划》），并对组织实施和重点任务作出明确指示，国家发展改革委也已正式印发《规划》。作为我国第一部流通领域国家级发展建设规划，《规划》从完善市场体系，加强商贸流通体系、物流体系和交通承载能力以及完善金融服务和信用体系等三个维度、六个方面对现代流通体系建设进行总体规划部署，并对组织实施和政策支撑作出指导，为“十四五”时期加强现代流通体系建设勾画出全景图。,https://www.ndrc.gov.cn/fzggw/jgsj/zys/sjdt/202202/t20220207_1314389.html?code=&state=123
抖音关于升级谣言专项治理的公告,北京字节跳动科技有限公司,2022-03,伦理规范,"网络谣言,禁言,封禁,社会热点,专项整治",一直以来，抖音平台高度重视网络谣言的打击治理，建立了谣言发现、识别、打击全流程工作机制，开辟“辟谣专区”，深入联动权威机构、专业领域创作者开展辟谣工作。近期，在疫情、东航坠机等社会热点事件中，造谣、传谣数次出现，抖音平台升级对谣言的专项打击治理。,https://www.360kuai.com/pc/9134aba3fafd08b1b?cota=3&kuai_so=1&sign=360_57c3bbd1&refer_scene=so_1
浙江省公共数据条例,浙江省人民代表大会常务委员会,2022-02,政策规划,"公共数据平台,公共数据共享,公共数据安全,法律责任","第一章　总则

第一条　为了加强公共数据管理，促进公共数据应用创新，保护自然人、法人和非法人组织合法权益，保障数字化改革，深化数字浙江建设，推进省域治理体系和治理能力现代化，根据有关法律、行政法规，结合本省实际，制定本条例。

第二条　本省行政区域内公共数据收集、归集、存储、加工、传输、共享、开放、利用等数据处理活动，以及公共数据安全等管理活动，适用本条例。

涉及国家秘密的公共数据及相关处理活动，不纳入本条例管理，按照有关法律、法规的规定执行。

第三条　本条例所称公共数据，是指本省国家机关、法律法规规章授权的具有管理公共事务职能的组织以及供水、供电、供气、公共交通等公共服务运营单位(以下统称公共管理和服务机构)，在依法履行职责或者提供公共服务过程中收集、产生的数据。

根据本省应用需求，税务、海关、金融监督管理等国家有关部门派驻浙江管理机构提供的数据，属于本条例所称公共数据。

第四条　公共数据发展和管理工作坚持中国共产党的领导，遵循统筹规划、依法有序、分类分级、安全可控的原则。

第五条　县级以上人民政府应当将公共数据发展和管理工作纳入国民经济和社会发展规划以及数字政府建设等相关专项规划，建立健全工作协调机制，完善政策措施，保障公共数据发展和管理工作所需经费。

县级以上人民政府应当建立健全公共数据发展和管理工作考核评价机制，将公共数据发展和管理工作作为年度政府目标责任制考核的重要内容。",http://www.zj.gov.cn/art/2022/2/10/art_1229005922_2392473.html
网络安全标准实践指南—移动互联网应用程序（App）收集使用个人信息自评估指南（征求意见稿）,全国信息安全标准化技术委员会秘书处,2020-03,政策规划,"网络信息安全, 隐私政策消费者权益保护法",2016年 《网络安全法》 颁布，明确我国 网络安全 保护的基本要求和制度，并将 个人信息 保护问题作为 网络信息安全 的重要内容予以规定。 App 运营者作为典型的网络运营者，在其收集、使用 个人信息 时，应当遵守 《网络安全法》 等法律法规有关 个人信息 保护的要求。2019年1月，中央网信办、工业和信息化部、公安部、市场监管总局发布《关于开展 App 违法违规收集使用 个人信息 专项治理的公告》，公告中指出，由全国信息安全标准化技术委员会、中国消费者协会、中国 互联网 协会、中国网络空间安全协会，依据法律法规和国家相关标准，编制大众化应用基本业务功能及必要信息规范、 App 违法违规收集使用 个人信息 治理评估要点，组织相关专业机构，对用户数量大、与民众生活密切相关的 App 政策和个人 信息收集 使用情况进行评估。2019年3月1日， App 专项治理工作组结合2017年和2018年“ 隐私 条款专项评审”等工作经验，对外发布第一版《App违法违规收集使用个人信息自评估指南》技术文件，提出评估点，以便于指导App运营者自查自纠。2019年12月30日，中央网信办、工信部、公安部、市场监管总局联合制定的《 App 违法违规收集使用 个人信息 行为认定方法》正式发布，认定方法的内容结合了一年来关于 App 违法违规收集使用 个人信息 检测评估工作的经验和规律，为监督管理部门认定 App 违法违规收集使用 个人信息 行为提供参考，为 App 运营者自查自纠和网民社会监督提供指引。,https://www.sohu.com/a/381614895_653604
航空5G机场场面宽带移动通信系统建设应用实施方案（2022-2025）,中国民用航空局,2022-01,政策规划,"智慧民航建设,民航5G应用生态系统","航空5G机场场面宽带移动通信系统（以下简称5G AeroMACS ） 是将具有低时延、高可靠、大带宽特性的第五代移动通信技术（5G） 应用于AeroMACS民航专用网络，在民用机场范围内，使用 5091-5150MHZ航空专用频率，符合国际民航组织航空安全通信等级要 求的新一代航空宽带通信技术。
民航局在《中国民航新一代航空宽带通信技术路线图》中明确提 出，要大力推进新一代航空宽带通信的应用，建设公用、专用相结合 的民航5G网络，积极构建国际一流的现代化民航通信基础设施体系， 助力智慧民航运输系统的建设与运行.到2025年底，完成基于5G AeroMACS技术“机-车-场道-设施”协同运行应用示范并在行业推广， 深化新一代航空宽带通信系统在民航各领域典型应用示范•
为进一步统筹明确民航领域5G AeroMACS发展路径和重点工作， 推动以5G为核心的新一代航空宽带通信系统协同发展和全面应用，促 进民航高质量发展，根据《中国民航新一代航空宽带通信技术路线图》, 制定本方案。",http://www.gov.cn/zhengce/zhengceku/2022-01/22/content_5669846.htm
贯彻落实网络安全等级保护制度和关键信息基础设施安全保护制度的指导意见,公安部,2021-05,政策规划,"网络安全等级保护制度,国家关键信息,网络安全法",网络安全等级保护制度和关键信息基础设施安全保护制度是党中央有关文件和《网络安全法》确定的基本制度。近年来，各单位、各部门按照中央网络安全政策要求和《网络安全法》等法律法规规定，全面加强网络安全工作，有力保障了国家关键信息基础设施、重要网络和数据安全。但随着信息技术飞速发展，网络安全工作仍面临一些新形势、新任务和新挑战。为深入贯彻落实网络安全等级保护制度和关键信息基础设施安全保护制度，健全完善国家网络安全综合防控体系，有效防范网络安全威胁，有力处置网络安全事件，严厉打击危害网络安全的违法犯罪活动，切实保障国家网络安全，特制定以下指导意见。,https://www.scxsls.com/knowledge/detail/155277
中华人民共和国密码法（2019年10月26日第十三届全国人民代表大会常务委员会第十四次会议通过 ）,国家互联网信息办公室,2019-10,法律法规,"密码,安全,隐私,网络","第一条　为了规范密码应用和管理，促进密码事业发展，保障网络与信息安全，维护国家安全和社会公共利益，保护公民、法人和其他组织的合法权益，制定本法。

　　第二条　本法所称密码，是指采用特定变换的方法对信息等进行加密保护、安全认证的技术、产品和服务。

　　第三条　密码工作坚持总体国家安全观，遵循统一领导、分级负责，创新发展、服务大局，依法管理、保障安全的原则。

　　第四条　坚持中国共产党对密码工作的领导。中央密码工作领导机构对全国密码工作实行统一领导，制定国家密码工作重大方针政策，统筹协调国家密码重大事项和重要工作，推进国家密码法治建设。

　　第五条　国家密码管理部门负责管理全国的密码工作。县级以上地方各级密码管理部门负责管理本行政区域的密码工作。

　　国家机关和涉及密码工作的单位在其职责范围内负责本机关、本单位或者本系统的密码工作。

　　第六条　国家对密码实行分类管理。

　　密码分为核心密码、普通密码和商用密码。

　　第七条　核心密码、普通密码用于保护国家秘密信息，核心密码保护信息的最高密级为绝密级，普通密码保护信息的最高密级为机密级。

　　核心密码、普通密码属于国家秘密。密码管理部门依照本法和有关法律、行政法规、国家有关规定对核心密码、普通密码实行严格统一管理。

　　第八条　商用密码用于保护不属于国家秘密的信息。

　　公民、法人和其他组织可以依法使用商用密码保护网络与信息安全。

　　第九条　国家鼓励和支持密码科学技术研究和应用，依法保护密码领域的知识产权，促进密码科学技术进步和创新。

　　国家加强密码人才培养和队伍建设，对在密码工作中作出突出贡献的组织和个人，按照国家有关规定给予表彰和奖励。

　　第十条　国家采取多种形式加强密码安全教育，将密码安全教育纳入国民教育体系和公务员教育培训体系，增强公民、法人和其他组织的密码安全意识。

　　第十一条　县级以上人民政府应当将密码工作纳入本级国民经济和社会发展规划，所需经费列入本级财政预算。

　　第十二条　任何组织或者个人不得窃取他人加密保护的信息或者非法侵入他人的密码保障系统。

　　任何组织或者个人不得利用密码从事危害国家安全、社会公共利益、他人合法权益等违法犯罪活动。

第二章　核心密码、普通密码

　　第十三条　国家加强核心密码、普通密码的科学规划、管理和使用，加强制度建设，完善管理措施，增强密码安全保障能力。

　　第十四条　在有线、无线通信中传递的国家秘密信息，以及存储、处理国家秘密信息的信息系统，应当依照法律、行政法规和国家有关规定使用核心密码、普通密码进行加密保护、安全认证。

　　第十五条　从事核心密码、普通密码科研、生产、服务、检测、装备、使用和销毁等工作的机构(以下统称密码工作机构)应当按照法律、行政法规、国家有关规定以及核心密码、普通密码标准的要求，建立健全安全管理制度，采取严格的保密措施和保密责任制，确保核心密码、普通密码的安全。

　　第十六条　密码管理部门依法对密码工作机构的核心密码、普通密码工作进行指导、监督和检查，密码工作机构应当配合。

　　第十七条　密码管理部门根据工作需要会同有关部门建立核心密码、普通密码的安全监测预警、安全风险评估、信息通报、重大事项会商和应急处置等协作机制，确保核心密码、普通密码安全管理的协同联动和有序高效。

　　密码工作机构发现核心密码、普通密码泄密或者影响核心密码、普通密码安全的重大问题、风险隐患的，应当立即采取应对措施，并及时向保密行政管理部门、密码管理部门报告，由保密行政管理部门、密码管理部门会同有关部门组织开展调查、处置，并指导有关密码工作机构及时消除安全隐患。

　　第十八条　国家加强密码工作机构建设，保障其履行工作职责。

　　国家建立适应核心密码、普通密码工作需要的人员录用、选调、保密、考核、培训、待遇、奖惩、交流、退出等管理制度。

　　第十九条　密码管理部门因工作需要，按照国家有关规定，可以提请公安、交通运输、海关等部门对核心密码、普通密码有关物品和人员提供免检等便利，有关部门应当予以协助。

　　第二十条　密码管理部门和密码工作机构应当建立健全严格的监督和安全审查制度，对其工作人员遵守法律和纪律等情况进行监督，并依法采取必要措施，定期或者不定期组织开展安全审查。

第三章　商用密码

　　第二十一条　国家鼓励商用密码技术的研究开发、学术交流、成果转化和推广应用，健全统一、开放、竞争、有序的商用密码市场体系，鼓励和促进商用密码产业发展。

　　各级人民政府及其有关部门应当遵循非歧视原则，依法平等对待包括外商投资企业在内的商用密码科研、生产、销售、服务、进出口等单位(以下统称商用密码从业单位)。国家鼓励在外商投资过程中基于自愿原则和商业规则开展商用密码技术合作。行政机关及其工作人员不得利用行政手段强制转让商用密码技术。

　　商用密码的科研、生产、销售、服务和进出口，不得损害国家安全、社会公共利益或者他人合法权益。

　　第二十二条　国家建立和完善商用密码标准体系。

　　国务院标准化行政主管部门和国家密码管理部门依据各自职责，组织制定商用密码国家标准、行业标准。

　　国家支持社会团体、企业利用自主创新技术制定高于国家标准、行业标准相关技术要求的商用密码团体标准、企业标准。

　　第二十三条　国家推动参与商用密码国际标准化活动，参与制定商用密码国际标准，推进商用密码中国标准与国外标准之间的转化运用。

　　国家鼓励企业、社会团体和教育、科研机构等参与商用密码国际标准化活动。

　　第二十四条　商用密码从业单位开展商用密码活动，应当符合有关法律、行政法规、商用密码强制性国家标准以及该从业单位公开标准的技术要求。

　　国家鼓励商用密码从业单位采用商用密码推荐性国家标准、行业标准，提升商用密码的防护能力，维护用户的合法权益。

　　第二十五条　国家推进商用密码检测认证体系建设，制定商用密码检测认证技术规范、规则，鼓励商用密码从业单位自愿接受商用密码检测认证，提升市场竞争力。

　　商用密码检测、认证机构应当依法取得相关资质，并依照法律、行政法规的规定和商用密码检测认证技术规范、规则开展商用密码检测认证。

　　商用密码检测、认证机构应当对其在商用密码检测认证中所知悉的国家秘密和商业秘密承担保密义务。

　　第二十六条　涉及国家安全、国计民生、社会公共利益的商用密码产品，应当依法列入网络关键设备和网络安全专用产品目录，由具备资格的机构检测认证合格后，方可销售或者提供。商用密码产品检测认证适用《中华人民共和国网络安全法》的有关规定，避免重复检测认证。

　　商用密码服务使用网络关键设备和网络安全专用产品的，应当经商用密码认证机构对该商用密码服务认证合格。

　　第二十七条　法律、行政法规和国家有关规定要求使用商用密码进行保护的关键信息基础设施，其运营者应当使用商用密码进行保护，自行或者委托商用密码检测机构开展商用密码应用安全性评估。商用密码应用安全性评估应当与关键信息基础设施安全检测评估、网络安全等级测评制度相衔接，避免重复评估、测评。

　　关键信息基础设施的运营者采购涉及商用密码的网络产品和服务，可能影响国家安全的，应当按照《中华人民共和国网络安全法》的规定，通过国家网信部门会同国家密码管理部门等有关部门组织的国家安全审查。

　　第二十八条　国务院商务主管部门、国家密码管理部门依法对涉及国家安全、社会公共利益且具有加密保护功能的商用密码实施进口许可，对涉及国家安全、社会公共利益或者中国承担国际义务的商用密码实施出口管制。商用密码进口许可清单和出口管制清单由国务院商务主管部门会同国家密码管理部门和海关总署制定并公布。

　　大众消费类产品所采用的商用密码不实行进口许可和出口管制制度。

　　第二十九条　国家密码管理部门对采用商用密码技术从事电子政务电子认证服务的机构进行认定，会同有关部门负责政务活动中使用电子签名、数据电文的管理。

　　第三十条　商用密码领域的行业协会等组织依照法律、行政法规及其章程的规定，为商用密码从业单位提供信息、技术、培训等服务，引导和督促商用密码从业单位依法开展商用密码活动，加强行业自律，推动行业诚信建设，促进行业健康发展。

　　第三十一条　密码管理部门和有关部门建立日常监管和随机抽查相结合的商用密码事中事后监管制度，建立统一的商用密码监督管理信息平台，推进事中事后监管与社会信用体系相衔接，强化商用密码从业单位自律和社会监督。

　　密码管理部门和有关部门及其工作人员不得要求商用密码从业单位和商用密码检测、认证机构向其披露源代码等密码相关专有信息，并对其在履行职责中知悉的商业秘密和个人隐私严格保密，不得泄露或者非法向他人提供。

第四章　法律责任

　　第三十二条　违反本法第十二条规定，窃取他人加密保护的信息，非法侵入他人的密码保障系统，或者利用密码从事危害国家安全、社会公共利益、他人合法权益等违法活动的，由有关部门依照《中华人民共和国网络安全法》和其他有关法律、行政法规的规定追究法律责任。

　　第三十三条　违反本法第十四条规定，未按照要求使用核心密码、普通密码的，由密码管理部门责令改正或者停止违法行为，给予警告；情节严重的，由密码管理部门建议有关国家机关、单位对直接负责的主管人员和其他直接责任人员依法给予处分或者处理。

　　第三十四条　违反本法规定，发生核心密码、普通密码泄密案件的，由保密行政管理部门、密码管理部门建议有关国家机关、单位对直接负责的主管人员和其他直接责任人员依法给予处分或者处理。

　　违反本法第十七条第二款规定，发现核心密码、普通密码泄密或者影响核心密码、普通密码安全的重大问题、风险隐患，未立即采取应对措施，或者未及时报告的，由保密行政管理部门、密码管理部门建议有关国家机关、单位对直接负责的主管人员和其他直接责任人员依法给予处分或者处理。

　　第三十五条　商用密码检测、认证机构违反本法第二十五条第二款、第三款规定开展商用密码检测认证的，由市场监督管理部门会同密码管理部门责令改正或者停止违法行为，给予警告，没收违法所得；违法所得三十万元以上的，可以并处违法所得一倍以上三倍以下罚款；没有违法所得或者违法所得不足三十万元的，可以并处十万元以上三十万元以下罚款；情节严重的，依法吊销相关资质。

　　第三十六条　违反本法第二十六条规定，销售或者提供未经检测认证或者检测认证不合格的商用密码产品，或者提供未经认证或者认证不合格的商用密码服务的，由市场监督管理部门会同密码管理部门责令改正或者停止违法行为，给予警告，没收违法产品和违法所得；违法所得十万元以上的，可以并处违法所得一倍以上三倍以下罚款；没有违法所得或者违法所得不足十万元的，可以并处三万元以上十万元以下罚款。

　　第三十七条　关键信息基础设施的运营者违反本法第二十七条第一款规定，未按照要求使用商用密码，或者未按照要求开展商用密码应用安全性评估的，由密码管理部门责令改正，给予警告；拒不改正或者导致危害网络安全等后果的，处十万元以上一百万元以下罚款，对直接负责的主管人员处一万元以上十万元以下罚款。

　　关键信息基础设施的运营者违反本法第二十七条第二款规定，使用未经安全审查或者安全审查未通过的产品或者服务的，由有关主管部门责令停止使用，处采购金额一倍以上十倍以下罚款；对直接负责的主管人员和其他直接责任人员处一万元以上十万元以下罚款。

　　第三十八条　违反本法第二十八条实施进口许可、出口管制的规定，进出口商用密码的，由国务院商务主管部门或者海关依法予以处罚。

　　第三十九条　违反本法第二十九条规定，未经认定从事电子政务电子认证服务的，由密码管理部门责令改正或者停止违法行为，给予警告，没收违法产品和违法所得；违法所得三十万元以上的，可以并处违法所得一倍以上三倍以下罚款；没有违法所得或者违法所得不足三十万元的，可以并处十万元以上三十万元以下罚款。

　　第四十条　密码管理部门和有关部门、单位的工作人员在密码工作中滥用职权、玩忽职守、徇私舞弊，或者泄露、非法向他人提供在履行职责中知悉的商业秘密和个人隐私的，依法给予处分。

　　第四十一条　违反本法规定，构成犯罪的，依法追究刑事责任；给他人造成损害的，依法承担民事责任。

第五章　附　　则

　　第四十二条　国家密码管理部门依照法律、行政法规的规定，制定密码管理规章。

　　第四十三条　中国人民解放军和中国人民武装警察部队的密码工作管理办法，由中央军事委员会根据本法制定。

　　第四十四条　本法自2020年1月1日起施行。",http://www.cac.gov.cn/2019-10/27/c_1573711980953641.htm
互联网新闻信息服务单位内容管理从业人员管理办法,国家互联网信息办公室,2017-10,法律法规,"互联网,新闻,信息,就业人员","第一条 为加强对互联网新闻信息服务单位内容管理从业人员（以下简称“从业人员”）的管理，维护从业人员和社会公众的合法权益，促进互联网新闻信息服务健康有序发展，根据《中华人民共和国网络安全法》《互联网新闻信息服务管理规定》，制定本办法。

第二条 本办法所称从业人员，是指互联网新闻信息服务单位中专门从事互联网新闻信息采编发布、转载和审核等内容管理工作的人员。

第三条 本办法所称互联网新闻信息服务单位，是指依法取得互联网新闻信息服务许可，通过互联网站、应用程序、论坛、博客、微博客、公众账号、即时通信工具、网络直播等形式向社会公众提供互联网新闻信息服务的单位。

第四条 国家互联网信息办公室负责全国互联网新闻信息服务单位从业人员教育培训工作的规划指导和从业情况的监督检查。

地方互联网信息办公室依据职责负责本地区互联网新闻信息服务单位从业人员教育培训工作的规划指导和从业情况的监督检查。

第二章 从业人员行为规范

第五条 从业人员应当遵守宪法、法律和行政法规，坚持正确政治方向和舆论导向，贯彻执行党和国家有关新闻舆论工作的方针政策，维护国家利益和公共利益，严格遵守互联网内容管理的法律法规和国家有关规定，促进形成积极健康、向上向善的网络文化，推动构建风清气正的网络空间。

第六条 从业人员应当坚持马克思主义新闻观，坚持社会主义核心价值观，坚持以人民为中心的工作导向，树立群众观点，坚决抵制不良风气和低俗内容。

第七条 从业人员应当恪守新闻职业道德，坚持新闻真实性原则，认真核实新闻信息来源，按规定转载国家规定范围内的单位发布的新闻信息，杜绝编发虚假互联网新闻信息，确保互联网新闻信息真实、准确、全面、客观。

第八条 从业人员不得从事有偿新闻活动。不得利用互联网新闻信息采编发布、转载和审核等工作便利从事广告、发行、赞助、中介等经营活动，谋取不正当利益。不得利用网络舆论监督等工作便利进行敲诈勒索、打击报复等活动。

第三章 从业人员教育培训

第九条 国家互联网信息办公室组织开展对中央新闻单位（含其控股的单位）和中央新闻宣传部门主管的单位主办的互联网新闻信息服务单位从业人员的教育培训工作。

省、自治区、直辖市互联网信息办公室组织开展对所在地地方新闻单位（含其控股的单位）和地方新闻宣传部门主管的单位、其他单位主办的互联网新闻信息服务单位，以及中央重点新闻网站地方频道从业人员的教育培训工作。

省、自治区、直辖市互联网信息办公室应当按要求向国家互联网信息办公室报告组织开展的从业人员教育培训工作情况。

第十条 互联网新闻信息服务单位应当建立完善从业人员教育培训制度，建立培训档案，加强培训管理，自行组织开展从业人员初任培训、专项培训、定期培训等工作，按要求组织从业人员参加国家和省、自治区、直辖市互联网信息办公室组织开展的教育培训工作。

第十一条 从业人员应当按要求参加国家和省、自治区、直辖市互联网信息办公室组织开展的教育培训，每三年不少于40个学时。

从业人员应当接受所在互联网新闻信息服务单位自行组织开展的、每年不少于40个学时的教育培训，其中关于马克思主义新闻观的教育培训不少于10个学时。

第十二条 从业人员的教育培训内容应当包括马克思主义新闻观，党和国家关于网络安全和信息化、新闻舆论等工作的重要决策部署、政策措施和相关法律法规，从业人员职业道德规范等。

第十三条 互联网新闻信息服务单位自行组织从业人员开展的教育培训工作，应当接受国家和地方互联网信息办公室的指导和监督。有关情况纳入国家和地方互联网信息办公室对该单位的监督检查内容。

第四章 从业人员监督管理

第十四条 国家和地方互联网信息办公室指导互联网新闻信息服务单位建立健全从业人员准入、奖惩、考评、退出等制度。

互联网新闻信息服务单位应当建立健全从业人员劳动人事制度，加强从业人员管理，按照国家和地方互联网信息办公室要求，定期报送从业人员有关信息，并及时报告从业人员变动情况。

第十五条 国家互联网信息办公室建立从业人员统一的管理信息系统，对从业人员基本信息、从业培训经历和奖惩情况等进行记录，并及时更新、调整。地方互联网信息办公室负责对属地从业人员建立管理信息系统，并将更新、调整情况及时上报上一级互联网信息办公室。

国家和地方互联网信息办公室依法建立从业人员信用档案和黑名单。

第十六条 从业人员从事互联网新闻信息服务活动，存在违反本办法第五条至第八条规定，以及其他违反党和国家新闻舆论领域有关方针政策的行为的，国家或省、自治区、直辖市互联网信息办公室负责对其所在互联网新闻信息服务单位进行约谈，督促该单位对有关人员加强管理和教育培训。

从业人员存在违法行为的，根据有关法律法规依法处理。构成犯罪的，依法追究刑事责任。

互联网新闻信息服务单位发现从业人员存在违法行为的，应当依法依约对其给予警示、处分直至解除聘用合同或劳动合同，并在15个工作日内，按照分级管理、属地管理要求，将有关情况报告国家或省、自治区、直辖市互联网信息办公室。

第十七条 国家和地方互联网信息办公室将互联网新闻信息服务单位从业人员的从业情况纳入对该单位的监督检查内容。

互联网新闻信息服务单位对从业人员管理不力，造成严重后果，导致其不再符合许可条件的，由国家和地方互联网信息办公室依据《互联网新闻信息服务管理规定》第二十三条有关规定予以处理。

第十八条 从业人员提供互联网新闻信息服务，应当自觉接受社会监督。互联网新闻信息服务单位应当建立举报制度，畅通社会公众监督举报的渠道。

第五章 附则

第十九条 互联网新闻信息服务单位的主管主办单位或宣传管理部门、新闻出版广电部门有从业人员教育培训、管理工作等方面安排和规定的，应当同时符合其规定。

本办法所称从业人员，不包括互联网新闻信息服务单位中党务、人事、行政、后勤、经营、工程技术等非直接提供互联网新闻信息服务的人员。

第二十条 本办法自2017年12月1日起施行。",http://www.cac.gov.cn/2017-10/30/c_1121877917.htm
互联网新闻信息服务新技术新应用安全评估管理规定,国家互联网信息办公室,2017-10,法律法规,"互联网,新闻,安全评估","第一条 为规范开展互联网新闻信息服务新技术新应用安全评估工作，维护国家安全和公共利益，保护公民、法人和其他组织的合法权益，根据《中华人民共和国网络安全法》《互联网新闻信息服务管理规定》，制定本规定。

　　第二条 国家和省、自治区、直辖市互联网信息办公室组织开展互联网新闻信息服务新技术新应用安全评估，适用本规定。

　　本规定所称互联网新闻信息服务新技术新应用（以下简称“新技术新应用”），是指用于提供互联网新闻信息服务的创新性应用（包括功能及应用形式）及相关支撑技术。

　　本规定所称互联网新闻信息服务新技术新应用安全评估（以下简称“新技术新应用安全评估”），是指根据新技术新应用的新闻舆论属性、社会动员能力及由此产生的信息内容安全风险确定评估等级，审查评价其信息安全管理制度和技术保障措施的活动。

　　第三条 互联网新闻信息服务提供者调整增设新技术新应用，应当建立健全信息安全管理制度和安全可控的技术保障措施，不得发布、传播法律法规禁止的信息内容。

　　第四条 国家互联网信息办公室负责全国新技术新应用安全评估工作。省、自治区、直辖市互联网信息办公室依据职责负责本行政区域内新技术新应用安全评估工作。

　　国家和省、自治区、直辖市互联网信息办公室可以委托第三方机构承担新技术新应用安全评估的具体实施工作。

　　第五条 鼓励支持新技术新应用安全评估相关行业组织和专业机构加强自律，建立健全安全评估服务质量评议和信用、能力公示制度，促进行业规范发展。

　　第六条 互联网新闻信息服务提供者应当建立健全新技术新应用安全评估管理制度和保障制度，按照本规定要求自行组织开展安全评估，为国家和省、自治区、直辖市互联网信息办公室组织开展安全评估提供必要的配合，并及时完成整改。

　　第七条 有下列情形之一的，互联网新闻信息服务提供者应当自行组织开展新技术新应用安全评估，编制书面安全评估报告，并对评估结果负责：

　　（一）应用新技术、调整增设具有新闻舆论属性或社会动员能力的应用功能的；

　　（二）新技术、新应用功能在用户规模、功能属性、技术实现方式、基础资源配置等方面的改变导致新闻舆论属性或社会动员能力发生重大变化的。

　　国家互联网信息办公室适时发布新技术新应用安全评估目录，供互联网新闻信息服务提供者自行组织开展安全评估参考。

　　第八条 互联网新闻信息服务提供者按照本规定第七条自行组织开展新技术新应用安全评估，发现存在安全风险的，应当及时整改，直至消除相关安全风险。

　　按照本规定第七条规定自行组织开展安全评估的，应当在应用新技术、调整增设应用功能前完成评估。

　　第九条 互联网新闻信息服务提供者按照本规定第八条自行组织开展新技术新应用安全评估后，应当自安全评估完成之日起10个工作日内报请国家或者省、自治区、直辖市互联网信息办公室组织开展安全评估。

　　第十条 报请国家或者省、自治区、直辖市互联网信息办公室组织开展新技术新应用安全评估，报请主体为中央新闻单位或者中央新闻宣传部门主管的单位的，由国家互联网信息办公室组织开展安全评估；报请主体为地方新闻单位或者地方新闻宣传部门主管的单位的，由省、自治区、直辖市互联网信息办公室组织开展安全评估；报请主体为其他单位的，经所在地省、自治区、直辖市互联网信息办公室组织开展安全评估后，将评估材料及意见报国家互联网信息办公室审核后形成安全评估报告。

　　第十一条 互联网新闻信息服务提供者报请国家或者省、自治区、直辖市互联网信息办公室组织开展新技术新应用安全评估，应当提供下列材料，并对提供材料的真实性负责：

　　（一）服务方案（包括服务项目、服务方式、业务形式、服务范围等）；

　　（二）产品（服务）的主要功能和主要业务流程，系统组成（主要软硬件系统的种类、品牌、版本、部署位置等概要介绍）；

　　（三）产品（服务）配套的信息安全管理制度和技术保障措施；

　　（四）自行组织开展并完成的安全评估报告；

　　（五）其他开展安全评估所需的必要材料。

　　第十二条 国家和省、自治区、直辖市互联网信息办公室应当自材料齐备之日起45个工作日内组织完成新技术新应用安全评估。

　　国家和省、自治区、直辖市互联网信息办公室可以采取书面确认、实地核查、网络监测等方式对报请材料进行进一步核实，服务提供者应予配合。

　　国家和省、自治区、直辖市互联网信息办公室组织完成安全评估后，应自行或委托第三方机构编制形成安全评估报告。

　　第十三条 新技术新应用安全评估报告载明的意见认为新技术新应用存在信息安全风险隐患，未能配套必要的安全保障措施手段的，互联网新闻信息服务提供者应当及时进行整改，直至符合法律法规规章等相关规定和国家强制性标准相关要求。在整改完成前，拟调整增设的新技术新应用不得用于提供互联网新闻信息服务。

　　服务提供者拒绝整改，或整改后未达法律法规规章等相关规定和国家强制性标准相关要求，而导致不再符合许可条件的，由国家和省、自治区、直辖市互联网信息办公室依据《互联网新闻信息服务管理规定》第二十三条的规定，责令服务提供者限期改正；逾期仍不符合许可条件的，暂停新闻信息更新；《互联网新闻信息服务许可证》有效期届满仍不符合许可条件的，不予换发许可证。

　　第十四条 组织开展新技术新应用安全评估的相关单位和人员应当对在履行职责中知悉的国家秘密、商业秘密和个人信息严格保密，不得泄露、出售或者非法向他人提供。

　　第十五条 国家和省、自治区、直辖市互联网信息办公室应当建立主动监测管理制度，对新技术新应用加强监测巡查，强化信息安全风险管理，督导企业主体责任落实。

　　第十六条 互联网新闻信息服务提供者未按照本规定进行安全评估，违反《互联网新闻信息服务管理规定》的，由国家和地方互联网信息办公室依法予以处罚。

　　第十七条 申请提供互联网新闻信息服务，报请国家或者省、自治区、直辖市互联网信息办公室组织开展新技术新应用安全评估的，参照适用本规定。

　　第十八条 本规定自2017年12月1日起施行。",http://www.cac.gov.cn/2017-10/30/c_1121878049.htm
互联网用户公众账号信息服务管理规定,国家互联网信息办公室,2021-01,法律法规,"互联网,公众账号,个人隐私","第一条 为了规范互联网用户公众账号信息服务，维护国家安全和公共利益，保护公民、法人和其他组织的合法权益，根据《中华人民共和国网络安全法》《互联网信息服务管理办法》《网络信息内容生态治理规定》等法律法规和国家有关规定，制定本规定。

第二条 在中华人民共和国境内提供、从事互联网用户公众账号信息服务，应当遵守本规定。

第三条 国家网信部门负责全国互联网用户公众账号信息服务的监督管理执法工作。地方网信部门依据职责负责本行政区域内互联网用户公众账号信息服务的监督管理执法工作。

第四条 公众账号信息服务平台和公众账号生产运营者应当遵守法律法规，遵循公序良俗，履行社会责任，坚持正确舆论导向、价值取向，弘扬社会主义核心价值观，生产发布向上向善的优质信息内容，发展积极健康的网络文化，维护清朗网络空间。

鼓励各级党政机关、企事业单位和人民团体注册运营公众账号，生产发布高质量政务信息或者公共服务信息，满足公众信息需求，推动经济社会发展。

鼓励公众账号信息服务平台积极为党政机关、企事业单位和人民团体提升政务信息发布、公共服务和社会治理水平，提供充分必要的技术支持和安全保障。

第五条 公众账号信息服务平台提供互联网用户公众账号信息服务，应当取得国家法律、行政法规规定的相关资质。

公众账号信息服务平台和公众账号生产运营者向社会公众提供互联网新闻信息服务，应当取得互联网新闻信息服务许可。

第二章 公众账号信息服务平台

第六条 公众账号信息服务平台应当履行信息内容和公众账号管理主体责任，配备与业务规模相适应的管理人员和技术能力，设置内容安全负责人岗位，建立健全并严格落实账号注册、信息内容安全、生态治理、应急处置、网络安全、数据安全、个人信息保护、知识产权保护、信用评价等管理制度。

公众账号信息服务平台应当依据法律法规和国家有关规定，制定并公开信息内容生产、公众账号运营等管理规则、平台公约，与公众账号生产运营者签订服务协议，明确双方内容发布权限、账号管理责任等权利义务。

第七条 公众账号信息服务平台应当按照国家有关标准和规范，建立公众账号分类注册和分类生产制度，实施分类管理。

公众账号信息服务平台应当依据公众账号信息内容生产质量、信息传播能力、账号主体信用评价等指标，建立分级管理制度，实施分级管理。

公众账号信息服务平台应当将公众账号和内容生产与账号运营管理规则、平台公约、服务协议等向所在地省、自治区、直辖市网信部门备案；上线具有舆论属性或者社会动员能力的新技术新应用新功能，应当按照有关规定进行安全评估。

第八条 公众账号信息服务平台应当采取复合验证等措施，对申请注册公众账号的互联网用户进行基于移动电话号码、居民身份证号码或者统一社会信用代码等方式的真实身份信息认证，提高认证准确率。用户不提供真实身份信息的，或者冒用组织机构、他人真实身份信息进行虚假注册的，不得为其提供相关服务。

公众账号信息服务平台应当对互联网用户注册的公众账号名称、头像和简介等进行合法合规性核验，发现账号名称、头像和简介与注册主体真实身份信息不相符的，特别是擅自使用或者关联党政机关、企事业单位等组织机构或者社会知名人士名义的，应当暂停提供服务并通知用户限期改正，拒不改正的，应当终止提供服务；发现相关注册信息含有违法和不良信息的，应当依法及时处置。

公众账号信息服务平台应当禁止被依法依约关闭的公众账号以相同账号名称重新注册；对注册与其关联度高的账号名称，还应当对账号主体真实身份信息、服务资质等进行必要核验。

第九条 公众账号信息服务平台对申请注册从事经济、教育、医疗卫生、司法等领域信息内容生产的公众账号，应当要求用户在注册时提供其专业背景，以及依照法律、行政法规获得的职业资格或者服务资质等相关材料，并进行必要核验。

公众账号信息服务平台应当对核验通过后的公众账号加注专门标识，并根据用户的不同主体性质，公示内容生产类别、运营主体名称、注册运营地址、统一社会信用代码、联系方式等注册信息，方便社会监督查询。

公众账号信息服务平台应当建立动态核验巡查制度，适时核验生产运营者注册信息的真实性、有效性。

第十条 公众账号信息服务平台应当对同一主体在本平台注册公众账号的数量合理设定上限。对申请注册多个公众账号的用户，还应当对其主体性质、服务资质、业务范围、信用评价等进行必要核验。

公众账号信息服务平台对互联网用户注册后超过六个月不登录、不使用的公众账号，可以根据服务协议暂停或者终止提供服务。

公众账号信息服务平台应当健全技术手段，防范和处置互联网用户超限量注册、恶意注册、虚假注册等违规注册行为。

第十一条 公众账号信息服务平台应当依法依约禁止公众账号生产运营者违规转让公众账号。

公众账号生产运营者向其他用户转让公众账号使用权的，应当向平台提出申请。平台应当依据前款规定对受让方用户进行认证核验，并公示主体变更信息。平台发现生产运营者未经审核擅自转让公众账号的，应当及时暂停或者终止提供服务。

公众账号生产运营者自行停止账号运营，可以向平台申请暂停或者终止使用。平台应当按照服务协议暂停或者终止提供服务。

第十二条 公众账号信息服务平台应当建立公众账号监测评估机制，防范账号订阅数、用户关注度、内容点击率、转发评论量等数据造假行为。

公众账号信息服务平台应当规范公众账号推荐订阅关注机制，健全技术手段，及时发现、处置公众账号订阅关注数量的异常变动情况。未经互联网用户知情同意，不得以任何方式强制或者变相强制订阅关注其他用户公众账号。

第十三条 公众账号信息服务平台应当建立生产运营者信用等级管理体系，根据信用等级提供相应服务。

公众账号信息服务平台应当建立健全网络谣言等虚假信息预警、发现、溯源、甄别、辟谣、消除等处置机制，对制作发布虚假信息的公众账号生产运营者降低信用等级或者列入黑名单。

第十四条 公众账号信息服务平台与生产运营者开展内容供给与账号推广合作，应当规范管理电商销售、广告发布、知识付费、用户打赏等经营行为，不得发布虚假广告、进行夸大宣传、实施商业欺诈及商业诋毁等，防止违法违规运营。

公众账号信息服务平台应当加强对原创信息内容的著作权保护，防范盗版侵权行为。

平台不得利用优势地位干扰生产运营者合法合规运营、侵犯用户合法权益。

第三章 公众账号生产运营者

第十五条 公众账号生产运营者应当按照平台分类管理规则，在注册公众账号时如实填写用户主体性质、注册地、运营地、内容生产类别、联系方式等基本信息，组织机构用户还应当注明主要经营或者业务范围。

公众账号生产运营者应当遵守平台内容生产和账号运营管理规则、平台公约和服务协议，按照公众账号登记的内容生产类别，从事相关行业领域的信息内容生产发布。

第十六条 公众账号生产运营者应当履行信息内容生产和公众账号运营管理主体责任，依法依规从事信息内容生产和公众账号运营活动。

公众账号生产运营者应当建立健全选题策划、编辑制作、发布推广、互动评论等全过程信息内容安全审核机制，加强信息内容导向性、真实性、合法性审核，维护网络传播良好秩序。

公众账号生产运营者应当建立健全公众账号注册使用、运营推广等全过程安全管理机制，依法、文明、规范运营公众账号，以优质信息内容吸引公众关注订阅和互动分享，维护公众账号良好社会形象。

公众账号生产运营者与第三方机构开展公众账号运营、内容供给等合作，应与第三方机构签订书面协议，明确第三方机构信息安全管理义务并督促履行。

第十七条 公众账号生产运营者转载信息内容的，应当遵守著作权保护相关法律法规，依法标注著作权人和可追溯信息来源，尊重和保护著作权人的合法权益。

公众账号生产运营者应当对公众账号留言、跟帖、评论等互动环节进行管理。平台可以根据公众账号的主体性质、信用等级等，合理设置管理权限，提供相关技术支持。

第十八条 公众账号生产运营者不得有下列违法违规行为：

（一）不以真实身份信息注册，或者注册与自身真实身份信息不相符的公众账号名称、头像、简介等；

（二）恶意假冒、仿冒或者盗用组织机构及他人公众账号生产发布信息内容；

（三）未经许可或者超越许可范围提供互联网新闻信息采编发布等服务；

（四）操纵利用多个平台账号，批量发布雷同低质信息内容，生成虚假流量数据，制造虚假舆论热点；

（五）利用突发事件煽动极端情绪，或者实施网络暴力损害他人和组织机构名誉，干扰组织机构正常运营，影响社会和谐稳定；

（六）编造虚假信息，伪造原创属性，标注不实信息来源，歪曲事实真相，误导社会公众；

（七）以有偿发布、删除信息等手段，实施非法网络监督、营销诈骗、敲诈勒索，谋取非法利益；

（八）违规批量注册、囤积或者非法交易买卖公众账号；

（九）制作、复制、发布违法信息，或者未采取措施防范和抵制制作、复制、发布不良信息；

（十）法律、行政法规禁止的其他行为。

第四章 监督管理

第十九条 公众账号信息服务平台应当加强对本平台公众账号信息服务活动的监督管理，及时发现和处置违法违规信息或者行为。

公众账号信息服务平台应当对违反本规定及相关法律法规的公众账号，依法依约采取警示提醒、限制账号功能、暂停信息更新、停止广告发布、关闭注销账号、列入黑名单、禁止重新注册等处置措施，保存有关记录，并及时向网信等有关主管部门报告。

第二十条 公众账号信息服务平台和生产运营者应当自觉接受社会监督。

公众账号信息服务平台应当在显著位置设置便捷的投诉举报入口和申诉渠道，公布投诉举报和申诉方式，健全受理、甄别、处置、反馈等机制，明确处理流程和反馈时限，及时处理公众投诉举报和生产运营者申诉。

鼓励互联网行业组织开展公众评议，推动公众账号信息服务平台和生产运营者严格自律，建立多方参与的权威调解机制，公平合理解决行业纠纷，依法维护用户合法权益。

第二十一条 各级网信部门会同有关主管部门建立健全协作监管等工作机制，监督指导公众账号信息服务平台和生产运营者依法依规从事相关信息服务活动。

公众账号信息服务平台和生产运营者应当配合有关主管部门依法实施监督检查，并提供必要的技术支持和协助。

公众账号信息服务平台和生产运营者违反本规定的，由网信部门和有关主管部门在职责范围内依照相关法律法规处理。

第五章 附则

第二十二条 本规定所称互联网用户公众账号，是指互联网用户在互联网站、应用程序等网络平台注册运营，面向社会公众生产发布文字、图片、音视频等信息内容的网络账号。

本规定所称公众账号信息服务平台，是指为互联网用户提供公众账号注册运营、信息内容发布与技术保障服务的网络信息服务提供者。

本规定所称公众账号生产运营者，是指注册运营公众账号从事内容生产发布的自然人、法人或者非法人组织。

第二十三条 本规定自2021年2月22日起施行。本规定施行之前颁布的有关规定与本规定不一致的，按照本规定执行。",http://www.cac.gov.cn/2021-01/22/c_1612887880656609.htm
关于加强打击治理电信网络诈骗违法犯罪工作的意见,"中共中央办公厅,国务院办公厅",2022-04,政策规划,"电信网络,违法犯罪,安全","新华社北京4月18日电 近日，中共中央办公厅、国务院办公厅印发了《关于加强打击治理电信网络诈骗违法犯罪工作的意见》（以下简称《意见》），对加强打击治理电信网络诈骗违法犯罪工作作出安排部署。

《意见》强调，要坚持以习近平新时代中国特色社会主义思想为指导，深入贯彻党的十九大和十九届历次全会精神，坚持以人民为中心，统筹发展和安全，强化系统观念、法治思维，坚持严厉打击、依法办案，实现法律效果与社会效果有机统一，坚持打防结合、防范为先，强化预警劝阻，加强宣传教育，坚持科技支撑、强化反制，运用科技信息化手段提升技术反制能力，坚持源头治理、综合治理，加强行业监管，强化属地管控，坚持广泛动员、群防群治，发动群众力量，汇聚群众智慧，坚决遏制电信网络诈骗违法犯罪多发高发态势，提升社会治理水平，使人民获得感、幸福感、安全感更加充实、更有保障、更可持续，为建设更高水平的平安中国、法治中国作出贡献。

《意见》要求，要依法严厉打击电信网络诈骗违法犯罪。坚持依法从严惩处，形成打击合力，提升打击效能；坚持全链条纵深打击，依法打击电信网络诈骗以及上下游关联违法犯罪；健全涉诈资金查处机制，最大限度追赃挽损；进一步强化法律支撑，为实现全链条打击、一体化治理提供法治保障；加强国际执法司法合作，积极推动涉诈在逃人员通缉、引渡、遣返工作。

《意见》要求，要构建严密防范体系。强化技术反制，建立对涉诈网站、APP及诈骗电话、诈骗短消息处置机制；强化预警劝阻，不断提升预警信息监测发现能力，及时发现潜在受害群众，采取劝阻措施；强化宣传教育，建立全方位、广覆盖的反诈宣传教育体系，开展防范电信网络诈骗违法犯罪知识进社区、进农村、进家庭、进学校、进企业活动，形成全社会反诈的浓厚氛围。

《意见》要求，要加强行业监管源头治理。建立健全行业安全评估和准入制度；加强金融行业监管，及时发现、管控新型洗钱通道；加强电信行业监管，严格落实电话用户实名制；加强互联网行业监管；完善责任追究制度，建立健全行业主管部门、企业、用户三级责任制；建立健全信用惩戒制度，将电信网络诈骗及关联违法犯罪人员纳入严重失信主体名单。《意见》还要求，要强化属地管控综合治理，加强犯罪源头地综合整治。

《意见》强调，各级党委和政府要加强对打击治理电信网络诈骗违法犯罪工作的组织领导，统筹力量资源，建立职责清晰、协同联动、衔接紧密、运转高效的打击治理体系。金融、电信、互联网等行业主管部门要全面落实行业监管主体责任，各地要强化落实属地责任，全面提升打击治理电信网络诈骗违法犯罪的能力水平。",http://www.gov.cn/xinwen/2022-04/18/content_5685895.htm
关于加强数字政府建设的指导意见,中央全面深化改革委员会,2022-04,政策规划,"数字政府,政务,指标体系","2022年4月19日，中共中央总书记、国家主席、中央军委主席、中央全面深化改革委员会主任习近平主持召开中央全面深化改革委员会第二十五次会议，审议通过了《关于加强数字政府建设的指导意见》。
 
习近平在主持会议时强调，要全面贯彻网络强国战略，把数字技术广泛应用于政府管理服务，推动政府数字化、智能化运行，为推进国家治理体系和治理能力现代化提供有力支撑。要理顺省以下政府间财政关系，使权责配置更为合理，收入划分更加规范，财力分布相对均衡，基层保障更加有力，促进加快建设全国统一大市场、推进基本公共服务均等化、推动高质量发展。要贯彻依法依规、客观公正、科学认定、权责一致、终身追责的原则，着力构建科学、规范、合理的审计评价指标体系，推动领导干部切实履行自然资源资产管理和生态环境保护责任。要聚焦金融服务科技创新的短板弱项，完善金融支持创新体系，推动金融体系更好适应新时代科技创新需求。要坚持面向世界科技前沿、面向经济主战场、面向国家重大需求、面向人民生命健康，树立勇担使命、潜心研究、创造价值的激励导向，营造有利于原创成果不断涌现、科技成果有效转化的创新生态，激励广大科技人员各展其能、各尽其才。中共中央政治局常委、中央全面深化改革委员会副主任李克强、王沪宁、韩正出席会议。会议指出，加强数字政府建设是创新政府治理理念和方式的重要举措，对加快转变政府职能，建设法治政府、廉洁政府、服务型政府意义重大。党的十八大以来，党中央围绕实施网络强国战略、大数据战略等作出一系列重大部署，各方面工作取得新进展。
    
要把坚持和加强党的全面领导贯穿数字政府建设各领域各环节，坚持正确政治方向。要把满足人民对美好生活的向往作为数字政府建设的出发点和落脚点，打造泛在可及、智慧便捷、公平普惠的数字化服务体系，让百姓少跑腿、数据多跑路。要以数字化改革助力政府职能转变，统筹推进各行业各领域政务应用系统集约建设、互联互通、协同联动，发挥数字化在政府履行经济调节、市场监管、社会管理、公共服务、生态环境保护等方面职能的重要支撑作用，构建协同高效的政府数字化履职能力体系。要强化系统观念，健全科学规范的数字政府建设制度体系，依法依规促进数据高效共享和有序开发利用，统筹推进技术融合、业务融合、数据融合，提升跨层级、跨地域、跨系统、跨部门、跨业务的协同管理和服务水平。要始终绷紧数据安全这根弦，加快构建数字政府全方位安全保障体系，全面强化数字政府安全管理责任。",https://www.secrss.com/articles/41528
关于印发《App违法违规收集使用个人信息行为认定方法》的通知,国家互联网信息办公室,2019-11,法律法规,"APP,个人信息,隐私,行为认定","各省、自治区、直辖市及新疆生产建设兵团网信办、通信管理局、公安厅(局)、市场监管局(厅、委)：

　　根据《关于开展App违法违规收集使用个人信息专项治理的公告》，为认定App违法违规收集使用个人信息行为提供参考，落实《网络安全法》等法律法规，国家互联网信息办公室、工业和信息化部、公安部、市场监管总局联合制定了《App违法违规收集使用个人信息行为认定方法》。现印发你们，请结合监管和执法工作实际参考执行。



国家互联网信息办公室秘书局

工业和信息化部办公厅

公安部办公厅

市场监管总局办公厅

　　2019年11月28日",http://www.cac.gov.cn/2019-12/27/c_1578986455686625.htm
关于印发《网络音视频信息服务管理规定》的通知,国家互联网信息办公室,2019-11,法律法规,"音频,视频,治理","第一条 为促进网络音视频信息服务健康有序发展，保护公民、法人和其他组织的合法权益，维护国家安全和公共利益，根据《中华人民共和国网络安全法》《互联网信息服务管理办法》《互联网新闻信息服务管理规定》《互联网文化管理暂行规定》《互联网视听节目服务管理规定》，制定本规定。

　　第二条 在中华人民共和国境内从事网络音视频信息服务，应当遵守本规定。

　　本规定所称网络音视频信息服务，是指通过互联网站、应用程序等网络平台，向社会公众提供音视频信息制作、发布、传播的服务。

　　网络音视频信息服务提供者，是指向社会公众提供网络音视频信息服务的组织或者个人。网络音视频信息服务使用者，是指使用网络音视频信息服务的组织或者个人。

　　第三条 各级网信、文化和旅游、广播电视等部门依据各自职责开展网络音视频信息服务的监督管理工作。

　　第四条 网络音视频信息服务提供者和使用者应当遵守宪法、法律和行政法规，坚持正确政治方向、舆论导向和价值取向，弘扬社会主义核心价值观，促进形成积极健康、向上向善的网络文化。

　　第五条 国家鼓励和指导互联网行业组织加强行业自律，建立健全网络音视频信息服务行业标准和行业准则，推动网络音视频信息服务行业信用体系建设，督促网络音视频信息服务提供者依法提供服务、接受社会监督，提高网络音视频信息服务从业人员职业素养，促进行业健康有序发展。

　　第六条 网络音视频信息服务提供者应当依法取得法律、行政法规规定的相关资质。

　　第七条 网络音视频信息服务提供者应当落实信息内容安全管理主体责任，配备与服务规模相适应的专业人员，建立健全用户注册、信息发布审核、信息安全管理、应急处置、从业人员教育培训、未成年人保护、知识产权保护等制度，具有与新技术新应用发展相适应的安全可控的技术保障和防范措施，有效应对网络安全事件，防范网络违法犯罪活动，维护网络数据的完整性、安全性和可用性。

　　第八条 网络音视频信息服务提供者应当依照《中华人民共和国网络安全法》的规定，对用户进行基于组织机构代码、身份证件号码、移动电话号码等方式的真实身份信息认证。用户不提供真实身份信息的，网络音视频信息服务提供者不得为其提供信息发布服务。

　　第九条 任何组织和个人不得利用网络音视频信息服务以及相关信息技术从事危害国家安全、破坏社会稳定、扰乱社会秩序、侵犯他人合法权益等法律法规禁止的活动，不得制作、发布、传播煽动颠覆国家政权、危害政治安全和社会稳定、网络谣言、淫秽色情，以及侵害他人名誉权、肖像权、隐私权、知识产权和其他合法权益等法律法规禁止的信息内容。

　　第十条 网络音视频信息服务提供者基于深度学习、虚拟现实等新技术新应用上线具有媒体属性或者社会动员功能的音视频信息服务，或者调整增设相关功能的，应当按照国家有关规定开展安全评估。

　　第十一条 网络音视频信息服务提供者和网络音视频信息服务使用者利用基于深度学习、虚拟现实等的新技术新应用制作、发布、传播非真实音视频信息的，应当以显著方式予以标识。

　　网络音视频信息服务提供者和网络音视频信息服务使用者不得利用基于深度学习、虚拟现实等的新技术新应用制作、发布、传播虚假新闻信息。转载音视频新闻信息的，应当依法转载国家规定范围内的单位发布的音视频新闻信息。

　　第十二条 网络音视频信息服务提供者应当加强对网络音视频信息服务使用者发布的音视频信息的管理，部署应用违法违规音视频以及非真实音视频鉴别技术，发现音视频信息服务使用者制作、发布、传播法律法规禁止的信息内容的，应当依法依约停止传输该信息，采取消除等处置措施，防止信息扩散，保存有关记录，并向网信、文化和旅游、广播电视等部门报告。

　　网络音视频信息服务提供者发现不符合本规定第十一条第一款要求的信息内容的，应当立即停止传输该信息，以显著方式标识后方可继续传输该信息。

　　第十三条 网络音视频信息服务提供者应当建立健全辟谣机制，发现网络音视频信息服务使用者利用基于深度学习、虚拟现实等的虚假图像、音视频生成技术制作、发布、传播谣言的，应当及时采取相应的辟谣措施，并将相关信息报网信、文化和旅游、广播电视等部门备案。

　　第十四条 网络音视频信息服务提供者应当在与网络音视频信息服务使用者签订的服务协议中，明确双方权利、义务，要求网络音视频信息服务使用者遵守本规定及相关法律法规。对违反本规定、相关法律法规及服务协议的网络音视频信息服务使用者依法依约采取警示整改、限制功能、暂停更新、关闭账号等处置措施，保存有关记录，并向网信、文化和旅游、广播电视等部门报告。

　　第十五条 网络音视频信息服务提供者应当自觉接受社会监督，设置便捷的投诉举报入口，公布投诉、举报方式等信息，及时受理并处理公众投诉举报。

　　第十六条 为网络音视频信息服务提供技术支持的主体应当遵守相关法律法规规定和国家标准规范，采取技术措施和其他必要措施，保障网络安全、稳定运行。

　　第十七条 各级网信、文化和旅游、广播电视等部门应当建立日常监督检查和定期检查相结合的监督管理制度，指导督促网络音视频信息服务提供者依据法律法规和服务协议规范网络音视频信息服务行为。

　　网络音视频信息服务提供者应当遵守相关法律法规规定，依法留存网络日志，配合网信、文化和旅游、广播电视等部门开展监督管理执法工作，并提供必要的技术、数据支持和协助。

　　第十八条 网络音视频信息服务提供者和网络音视频信息服务使用者违反本规定的，由网信、文化和旅游、广播电视等部门依照《中华人民共和国网络安全法》《互联网信息服务管理办法》《互联网新闻信息服务管理规定》《互联网文化管理暂行规定》《互联网视听节目服务管理规定》等相关法律法规规定处理；构成违反治安管理行为的，依法给予治安管理处罚；构成犯罪的，依法追究刑事责任。

　　第十九条 本规定自2020年1月1日起施行。",http://www.cac.gov.cn/2019-11/29/c_1576561820967678.htm
区块链信息服务管理规定,国家互联网信息办公室,2019-01,法律法规,"区块链,信息服务,网络安全",《区块链信息服务管理规定》已经国家互联网信息办公室室务会议审议通过，现予公布，自2019年2月15日起施行。,http://www.cac.gov.cn/2019-01/10/c_1123971164.htm
国家互联网信息办公室关于开展境内金融信息服务报备工作的通知,国家互联网信息办公室,2021-07,法律法规,"互联网,金融,境内,报备","各省、自治区、直辖市互联网信息办公室：

为贯彻落实《关于加快建立网络综合治理体系的意见》和《金融信息服务管理规定》要求，提高金融信息服务质量，促进金融信息服务业健康发展，定于2021年8月起开展境内金融信息服务报备工作，现就有关事项通知如下：

一、报备对象

本通知所称金融信息服务，是指向从事金融分析、金融交易、金融决策或者其他金融活动的用户提供可能影响金融市场的信息和（或者）金融数据的服务。该服务不同于通讯社服务、互联网新闻信息服务、金融业务服务和征信业务服务。

本通知所称境内机构，是指实际控制人为境内法人（非外商投资企业法人）或自然人，且商事登记在境内的机构。

按照本通知进行报备的金融信息服务，应具备以下特征：为境内机构开展的金融信息服务，主要是以互联网终端或专用终端等特定方式，向金融机构或专业投资者等特定对象，提供包括信息和数据在内的信息业务服务，服务的目的是辅助金融决策。

二、报备原则

按照“自愿申报、统一标准、两级核验”的原则，由境内机构自主决定是否提交报备申请。境内机构商事登记所在地的省级互联网信息办公室初核后，提交国家互联网信息办公室复核。

三、报备定位

报备是对境内机构提供金融信息服务行为的确认，但不对境内机构在提供产品和服务过程中发生的任何法律纠纷承担责任。

境内机构在完成金融信息服务报备后，应严格按照《金融信息服务管理规定》和本通知有关要求提供金融信息服务，不得以已通过金融信息服务报备为名，推脱违法违规从事金融信息服务业务和其他业务的责任。

境内机构如从事金融业务，应按规定取得相应资质，并接受有关主管部门监管。以互联网站、应用程序、论坛、博客、公众账号、即时通信工具、网络直播等形式面向社会公众提供金融资讯的，不属于本通知所称的金融信息服务，有关机构应遵守《互联网新闻信息服务管理规定》等法律法规。

四、报备渠道

报备依托金融信息服务报备系统（以下简称“报备系统”，网址：http://fisbaobei.ifcert.cn）开展，境内机构按要求填报信息、提交材料。

五、报备内容

报备按业务环节分为首次报送、重大事项报告和年度审核。

（一）境内机构首次申请金融信息服务报备，应如实填报下列信息或上传有关材料电子扫描件：

1.机构基本信息、业务范围、服务项目和产品、服务提供方式、用户情况等信息；

2.提供金融信息服务涉及的信息内容发布、信息内容审核、信息数据保存、信息安全保障、个人信息保护、知识产权保护、合作对象资质核验等内部管理制度及执行情况说明；

3.机构设立的证明文本（营业执照）以及已获取的相关许可、资质等信息；

4.机构法定代表人、高级管理人员近三年受到的刑事处罚、行政处罚、监管措施等情况；

5.上一年度财务报表以及审计报告；

6.国家互联网信息办公室规定的其他材料。

（二）境内机构在完成首次报送后，发生下列重大事项，应在重大事项发生后的10个工作日内通过报备系统如实填报下列信息或上传有关材料电子扫描件：

1.机构基本信息、业务范围、服务项目和产品、服务提供方式等发生变更；

2.新增服务项目和产品；

3.信息内容发布、信息内容审核、信息数据保存、信息安全保障、个人信息保护、知识产权保护、合作对象资质核验等方面出现重大风险事件；

4.机构或者法定代表人、高级管理人员因涉嫌违法违规被立案调查、司法机关侦查，以及受到刑事处罚、行政处罚、监管措施等；

5.机构发生重大民事纠纷，进行诉讼或仲裁；

6.机构股权结构发生重大变更；

7.对业务发展可能产生重大影响的其他风险事件；

8.国家互联网信息办公室规定的其他重大事项。

（三）境内机构完成首次报送后，应于每年4月30日前通过报备系统提交年度审核信息。年度审核信息包括机构基本信息、经营情况，已报备产品运行情况，信息内容审核情况，以及国家互联网信息办公室规定的其他事项。

六、报备信息核验

省级互联网信息办公室应在收到境内机构报送信息后15个工作日内核验。对报送信息、材料不完备或者不符合规定的，省级互联网信息办公室应一次性告知需补正的全部内容。境内机构应在收到核验意见后按要求提交补正报送信息，超过10个工作日仍未按要求补正的，不予核验通过。

对报送信息、材料完备且符合相关规定的境内机构，省级互联网信息办公室应在核验通过后及时提交国家互联网信息办公室。国家互联网信息办公室经复核并根据需要征求有关部门意见后，完成报备。

国家互联网应急中心作为技术支撑单位，负责金融信息服务报备系统的运营和维护，并协助对境内机构提交的报备材料进行形式核验。

七、报备信息公示和变更

境内机构完成首次报送后，其机构名称、报备编号、主要产品、服务方式等信息，由国家互联网信息办公室通过报备系统向社会公示。境内机构应在所提供服务、产品的明显位置明示报备信息，并链接报备系统网址，供用户查询核对。

境内机构提交重大事项变更和年度审核信息、材料后，省级互联网信息办公室应按照前述报备信息核验的有关要求进行初核，审核通过后提交国家互联网信息办公室复核。对涉及报备公示信息变更的，国家互联网信息办公室予以修改完善。

境内机构因终止金融信息服务、注销商事登记或被市场监管部门吊销营业执照，以及其他不符合报备相关规定的，省级互联网信息办公室应及时提请国家互联网信息办公室注销其金融信息服务报备信息。国家互联网信息办公室复核通过后，注销其报备信息并向社会公示。

八、工作要求

（一）高度重视境内金融信息服务报备工作。开展境内金融信息服务报备是推动境内金融信息服务业健康发展，提升行业影响力的重要基础和关键环节，各省级互联网信息办公室务必高度重视此项工作，明确责任，加强统筹协调，组织开展好报备工作。

（二）分阶段完成境内金融信息服务报备工作。报备工作将常态化开展。请各省级互联网信息办公室于2021年10月30日前完成对现有境内金融信息服务的报备工作，并结合实际建立工作机制，扎实做好常态化工作。

（三）切实指导境内机构做好金融信息服务报备工作。各省级互联网信息办公室应向境内机构认真解读金融信息服务相关政策文件，介绍报备流程和要求，指导境内机构如实填报信息、上传材料，确保资料真实准确，并依法保护境内机构依照本通知提交材料中包含的具有商业价值的信息。

（四）开展审视加强行业管理。金融信息服务事关意识形态安全和金融安全，各省级互联网信息办公室应指导通过报备的境内机构提供审视其所提供金融信息的必要条件。对发现境内机构存在违法违规的情形，依法依规予以处置。

特此通知。

国家互联网信息办公室

2021年7月25日",http://www.cac.gov.cn/2022-01/28/c_1644970476680085.htm
微博客信息服务管理规定,国家互联网信息办公室,2018-02,法律法规,"微博,信息服务,隐私","第一条 为促进微博客信息服务健康有序发展，保护公民、法人和其他组织的合法权益，维护国家安全和公共利益，根据《中华人民共和国网络安全法》《国务院关于授权国家互联网信息办公室负责互联网信息内容管理工作的通知》，制定本规定。

　　第二条 在中华人民共和国境内从事微博客信息服务，应当遵守本规定。

　　本规定所称微博客，是指基于使用者关注机制，主要以简短文字、图片、视频等形式实现信息传播、获取的社交网络服务。

　　微博客服务提供者是指提供微博客平台服务的主体。微博客服务使用者是指使用微博客平台从事信息发布、互动交流等的行为主体。

　　微博客信息服务是指提供微博客平台服务及使用微博客平台从事信息发布、传播等行为。

　　第三条 国家互联网信息办公室负责全国微博客信息服务的监督管理执法工作。地方互联网信息办公室依据职责负责本行政区域内的微博客信息服务的监督管理执法工作。

　　第四条 微博客服务提供者应当依法取得法律法规规定的相关资质。

　　向社会公众提供互联网新闻信息服务的，应当依法取得互联网新闻信息服务许可，并在许可范围内开展服务，禁止未经许可或超越许可范围开展互联网新闻信息服务活动。

　　第五条 微博客服务提供者应当发挥促进经济发展、服务社会大众的积极作用，弘扬社会主义核心价值观，传播先进文化，坚持正确舆论导向，倡导依法上网、文明上网、安全上网。

　　第六条 微博客服务提供者应当落实信息内容安全管理主体责任，建立健全用户注册、信息发布审核、跟帖评论管理、应急处置、从业人员教育培训等制度及总编辑制度，具有安全可控的技术保障和防范措施，配备与服务规模相适应的管理人员。

　　微博客服务提供者应当制定平台服务规则，与微博客服务使用者签订服务协议，明确双方权利、义务，要求微博客服务使用者遵守相关法律法规。

　　第七条 微博客服务提供者应当按照“后台实名、前台自愿”的原则，对微博客服务使用者进行基于组织机构代码、身份证件号码、移动电话号码等方式的真实身份信息认证、定期核验。微博客服务使用者不提供真实身份信息的，微博客服务提供者不得为其提供信息发布服务。

　　微博客服务提供者应当保障微博客服务使用者的信息安全，不得泄露、篡改、毁损，不得出售或者非法向他人提供。

　　第八条 微博客服务使用者申请前台实名认证账号的，应当提供与认证信息相符的有效证明材料。

　　境内具有组织机构特征的微博客服务使用者申请前台实名认证账号的，应当提供组织机构代码证、营业执照等有效证明材料。

　　境外组织和机构申请前台实名认证账号的，应当提供驻华机构出具的有效证明材料。

　　第九条 微博客服务提供者应当按照分级分类管理原则，根据微博客服务使用者主体类型、发布内容、关注者数量、信用等级等制定具体管理制度，提供相应服务，并向国家或省、自治区、直辖市互联网信息办公室备案。

　　第十条 微博客服务提供者应当对申请前台实名认证账号的微博客服务使用者进行认证信息审核，并按照注册地向国家或省、自治区、直辖市互联网信息办公室分类备案。微博客服务使用者提供的证明材料与认证信息不相符的，微博客服务提供者不得为其提供前台实名认证服务。

　　各级党政机关、企事业单位、人民团体和新闻媒体等组织机构对所开设的前台实名认证账号发布的信息内容及其跟帖评论负有管理责任。微博客服务提供者应当提供管理权限等必要支持。

　　第十一条 微博客服务提供者应当建立健全辟谣机制，发现微博客服务使用者发布、传播谣言或不实信息，应当主动采取辟谣措施。

　　第十二条 微博客服务提供者和微博客服务使用者不得利用微博客发布、传播法律法规禁止的信息内容。

　　微博客服务提供者发现微博客服务使用者发布、传播法律法规禁止的信息内容，应当依法立即停止传输该信息、采取消除等处置措施，保存有关记录，并向有关主管部门报告。

　　第十三条 微博客服务提供者应用新技术、调整增设具有新闻舆论属性或社会动员能力的应用功能，应当报国家或省、自治区、直辖市互联网信息办公室进行安全评估。

　　第十四条 微博客服务提供者应当自觉接受社会监督，设置便捷的投诉举报入口，及时处理公众投诉举报。

　　第十五条 国家鼓励和指导互联网行业组织建立健全微博客行业自律制度和行业准则，推动微博客行业信用等级评价和信用体系建设，督促微博客服务提供者依法提供服务、接受社会监督。

　　第十六条 微博客服务提供者应当遵守国家相关法律法规规定，配合有关部门开展监督管理执法工作，并提供必要的技术支持和协助。

　　微博客服务提供者应当记录微博客服务使用者日志信息，保存时间不少于六个月。

　　第十七条 微博客服务提供者违反本规定的，由有关部门依照相关法律法规处理。

　　第十八条 本规定自2018年3月20日起施行。",http://www.cac.gov.cn/2018-02/02/c_1122358726.htm
网络信息内容生态治理规定,国家互联网信息办公室,2019-12,法律法规,"网络,信息,生态治理","第一条　为了营造良好网络生态，保障公民、法人和其他组织的合法权益，维护国家安全和公共利益，根据《中华人民共和国国家安全法》《中华人民共和国网络安全法》《互联网信息服务管理办法》等法律、行政法规，制定本规定。

　　第二条　中华人民共和国境内的网络信息内容生态治理活动，适用本规定。

　　本规定所称网络信息内容生态治理，是指政府、企业、社会、网民等主体，以培育和践行社会主义核心价值观为根本，以网络信息内容为主要治理对象，以建立健全网络综合治理体系、营造清朗的网络空间、建设良好的网络生态为目标，开展的弘扬正能量、处置违法和不良信息等相关活动。

　　第三条　国家网信部门负责统筹协调全国网络信息内容生态治理和相关监督管理工作，各有关主管部门依据各自职责做好网络信息内容生态治理工作。

　　地方网信部门负责统筹协调本行政区域内网络信息内容生态治理和相关监督管理工作，地方各有关主管部门依据各自职责做好本行政区域内网络信息内容生态治理工作。

第二章　网络信息内容生产者

　　第四条　网络信息内容生产者应当遵守法律法规，遵循公序良俗，不得损害国家利益、公共利益和他人合法权益。

　　第五条　鼓励网络信息内容生产者制作、复制、发布含有下列内容的信息：

　　(一)宣传习近平新时代中国特色社会主义思想，全面准确生动解读中国特色社会主义道路、理论、制度、文化的；

　　(二)宣传党的理论路线方针政策和中央重大决策部署的；

　　(三)展示经济社会发展亮点，反映人民群众伟大奋斗和火热生活的；

　　(四)弘扬社会主义核心价值观，宣传优秀道德文化和时代精神，充分展现中华民族昂扬向上精神风貌的；

　　(五)有效回应社会关切，解疑释惑，析事明理，有助于引导群众形成共识的；

　　(六)有助于提高中华文化国际影响力，向世界展现真实立体全面的中国的；

　　(七)其他讲品味讲格调讲责任、讴歌真善美、促进团结稳定等的内容。

　　第六条　网络信息内容生产者不得制作、复制、发布含有下列内容的违法信息：

　　(一)反对宪法所确定的基本原则的；

　　(二)危害国家安全，泄露国家秘密，颠覆国家政权，破坏国家统一的；

　　(三)损害国家荣誉和利益的；

　　(四)歪曲、丑化、亵渎、否定英雄烈士事迹和精神，以侮辱、诽谤或者其他方式侵害英雄烈士的姓名、肖像、名誉、荣誉的；

　　(五)宣扬恐怖主义、极端主义或者煽动实施恐怖活动、极端主义活动的；

　　(六)煽动民族仇恨、民族歧视，破坏民族团结的；

　　(七)破坏国家宗教政策，宣扬邪教和封建迷信的；

　　(八)散布谣言，扰乱经济秩序和社会秩序的；

　　(九)散布淫秽、色情、赌博、暴力、凶杀、恐怖或者教唆犯罪的；

　　(十)侮辱或者诽谤他人，侵害他人名誉、隐私和其他合法权益的；

　　(十一)法律、行政法规禁止的其他内容。

　　第七条　网络信息内容生产者应当采取措施，防范和抵制制作、复制、发布含有下列内容的不良信息：

　　(一)使用夸张标题，内容与标题严重不符的；

　　(二)炒作绯闻、丑闻、劣迹等的；

　　(三)不当评述自然灾害、重大事故等灾难的；

　　(四)带有性暗示、性挑逗等易使人产生性联想的；

　　(五)展现血腥、惊悚、残忍等致人身心不适的；

　　(六)煽动人群歧视、地域歧视等的；

　　(七)宣扬低俗、庸俗、媚俗内容的；

　　(八)可能引发未成年人模仿不安全行为和违反社会公德行为、诱导未成年人不良嗜好等的；

　　(九)其他对网络生态造成不良影响的内容。

第三章　网络信息内容服务平台

　　第八条　网络信息内容服务平台应当履行信息内容管理主体责任，加强本平台网络信息内容生态治理，培育积极健康、向上向善的网络文化。

　　第九条　网络信息内容服务平台应当建立网络信息内容生态治理机制，制定本平台网络信息内容生态治理细则，健全用户注册、账号管理、信息发布审核、跟帖评论审核、版面页面生态管理、实时巡查、应急处置和网络谣言、黑色产业链信息处置等制度。

　　网络信息内容服务平台应当设立网络信息内容生态治理负责人，配备与业务范围和服务规模相适应的专业人员，加强培训考核，提升从业人员素质。

　　第十条　网络信息内容服务平台不得传播本规定第六条规定的信息，应当防范和抵制传播本规定第七条规定的信息。

　　网络信息内容服务平台应当加强信息内容的管理，发现本规定第六条、第七条规定的信息的，应当依法立即采取处置措施，保存有关记录，并向有关主管部门报告。

　　第十一条　鼓励网络信息内容服务平台坚持主流价值导向，优化信息推荐机制，加强版面页面生态管理，在下列重点环节(包括服务类型、位置版块等)积极呈现本规定第五条规定的信息：

　　(一)互联网新闻信息服务首页首屏、弹窗和重要新闻信息内容页面等；

　　(二)互联网用户公众账号信息服务精选、热搜等；

　　(三)博客、微博客信息服务热门推荐、榜单类、弹窗及基于地理位置的信息服务版块等；

　　(四)互联网信息搜索服务热搜词、热搜图及默认搜索等；

　　(五)互联网论坛社区服务首页首屏、榜单类、弹窗等；

　　(六)互联网音视频服务首页首屏、发现、精选、榜单类、弹窗等；

　　(七)互联网网址导航服务、浏览器服务、输入法服务首页首屏、榜单类、皮肤、联想词、弹窗等；

　　(八)数字阅读、网络游戏、网络动漫服务首页首屏、精选、榜单类、弹窗等；

　　(九)生活服务、知识服务平台首页首屏、热门推荐、弹窗等；

　　(十)电子商务平台首页首屏、推荐区等；

　　(十一)移动应用商店、移动智能终端预置应用软件和内置信息内容服务首屏、推荐区等；

　　(十二)专门以未成年人为服务对象的网络信息内容专栏、专区和产品等；

　　(十三)其他处于产品或者服务醒目位置、易引起网络信息内容服务使用者关注的重点环节。

　　网络信息内容服务平台不得在以上重点环节呈现本规定第七条规定的信息。

　　第十二条　网络信息内容服务平台采用个性化算法推荐技术推送信息的，应当设置符合本规定第十条、第十一条规定要求的推荐模型，建立健全人工干预和用户自主选择机制。

　　第十三条　鼓励网络信息内容服务平台开发适合未成年人使用的模式，提供适合未成年人使用的网络产品和服务，便利未成年人获取有益身心健康的信息。

　　第十四条　网络信息内容服务平台应当加强对本平台设置的广告位和在本平台展示的广告内容的审核巡查，对发布违法广告的，应当依法予以处理。

　　第十五条　网络信息内容服务平台应当制定并公开管理规则和平台公约，完善用户协议，明确用户相关权利义务，并依法依约履行相应管理职责。

　　网络信息内容服务平台应当建立用户账号信用管理制度，根据用户账号的信用情况提供相应服务。

　　第十六条　网络信息内容服务平台应当在显著位置设置便捷的投诉举报入口，公布投诉举报方式，及时受理处置公众投诉举报并反馈处理结果。

　　第十七条　网络信息内容服务平台应当编制网络信息内容生态治理工作年度报告，年度报告应当包括网络信息内容生态治理工作情况、网络信息内容生态治理负责人履职情况、社会评价情况等内容。

第四章　网络信息内容服务使用者

　　第十八条　网络信息内容服务使用者应当文明健康使用网络，按照法律法规的要求和用户协议约定，切实履行相应义务，在以发帖、回复、留言、弹幕等形式参与网络活动时，文明互动，理性表达，不得发布本规定第六条规定的信息，防范和抵制本规定第七条规定的信息。

　　第十九条　网络群组、论坛社区版块建立者和管理者应当履行群组、版块管理责任，依据法律法规、用户协议和平台公约等，规范群组、版块内信息发布等行为。

　　第二十条　鼓励网络信息内容服务使用者积极参与网络信息内容生态治理，通过投诉、举报等方式对网上违法和不良信息进行监督，共同维护良好网络生态。

　　第二十一条　网络信息内容服务使用者和网络信息内容生产者、网络信息内容服务平台不得利用网络和相关信息技术实施侮辱、诽谤、威胁、散布谣言以及侵犯他人隐私等违法行为，损害他人合法权益。

　　第二十二条　网络信息内容服务使用者和网络信息内容生产者、网络信息内容服务平台不得通过发布、删除信息以及其他干预信息呈现的手段侵害他人合法权益或者谋取非法利益。

　　第二十三条　网络信息内容服务使用者和网络信息内容生产者、网络信息内容服务平台不得利用深度学习、虚拟现实等新技术新应用从事法律、行政法规禁止的活动。

　　第二十四条　网络信息内容服务使用者和网络信息内容生产者、网络信息内容服务平台不得通过人工方式或者技术手段实施流量造假、流量劫持以及虚假注册账号、非法交易账号、操纵用户账号等行为，破坏网络生态秩序。

　　第二十五条　网络信息内容服务使用者和网络信息内容生产者、网络信息内容服务平台不得利用党旗、党徽、国旗、国徽、国歌等代表党和国家形象的标识及内容，或者借国家重大活动、重大纪念日和国家机关及其工作人员名义等，违法违规开展网络商业营销活动。

第五章　网络行业组织

　　第二十六条　鼓励行业组织发挥服务指导和桥梁纽带作用，引导会员单位增强社会责任感，唱响主旋律，弘扬正能量，反对违法信息，防范和抵制不良信息。

　　第二十七条　鼓励行业组织建立完善行业自律机制，制定网络信息内容生态治理行业规范和自律公约，建立内容审核标准细则，指导会员单位建立健全服务规范、依法提供网络信息内容服务、接受社会监督。

　　第二十八条　鼓励行业组织开展网络信息内容生态治理教育培训和宣传引导工作，提升会员单位、从业人员治理能力，增强全社会共同参与网络信息内容生态治理意识。

　　第二十九条　鼓励行业组织推动行业信用评价体系建设，依据章程建立行业评议等评价奖惩机制，加大对会员单位的激励和惩戒力度，强化会员单位的守信意识。

第六章　监督管理

　　第三十条　各级网信部门会同有关主管部门，建立健全信息共享、会商通报、联合执法、案件督办、信息公开等工作机制，协同开展网络信息内容生态治理工作。

　　第三十一条　各级网信部门对网络信息内容服务平台履行信息内容管理主体责任情况开展监督检查，对存在问题的平台开展专项督查。

　　网络信息内容服务平台对网信部门和有关主管部门依法实施的监督检查，应当予以配合。

　　第三十二条　各级网信部门建立网络信息内容服务平台违法违规行为台账管理制度，并依法依规进行相应处理。

　　第三十三条　各级网信部门建立政府、企业、社会、网民等主体共同参与的监督评价机制，定期对本行政区域内网络信息内容服务平台生态治理情况进行评估。

第七章　法律责任

　　第三十四条　网络信息内容生产者违反本规定第六条规定的，网络信息内容服务平台应当依法依约采取警示整改、限制功能、暂停更新、关闭账号等处置措施，及时消除违法信息内容，保存记录并向有关主管部门报告。

　　第三十五条　网络信息内容服务平台违反本规定第十条、第三十一条第二款规定的，由网信等有关主管部门依据职责，按照《中华人民共和国网络安全法》《互联网信息服务管理办法》等法律、行政法规的规定予以处理。

　　第三十六条　网络信息内容服务平台违反本规定第十一条第二款规定的，由设区的市级以上网信部门依据职责进行约谈，给予警告，责令限期改正；拒不改正或者情节严重的，责令暂停信息更新，按照有关法律、行政法规的规定予以处理。

　　第三十七条　网络信息内容服务平台违反本规定第九条、第十二条、第十五条、第十六条、第十七条规定的，由设区的市级以上网信部门依据职责进行约谈，给予警告，责令限期改正；拒不改正或者情节严重的，责令暂停信息更新，按照有关法律、行政法规的规定予以处理。

　　第三十八条　违反本规定第十四条、第十八条、第十九条、第二十一条、第二十二条、第二十三条、第二十四条、第二十五条规定的，由网信等有关主管部门依据职责，按照有关法律、行政法规的规定予以处理。

　　第三十九条　网信部门根据法律、行政法规和国家有关规定，会同有关主管部门建立健全网络信息内容服务严重失信联合惩戒机制，对严重违反本规定的网络信息内容服务平台、网络信息内容生产者和网络信息内容使用者依法依规实施限制从事网络信息服务、网上行为限制、行业禁入等惩戒措施。

　　第四十条　违反本规定，给他人造成损害的，依法承担民事责任；构成犯罪的，依法追究刑事责任；尚不构成犯罪的，由有关主管部门依照有关法律、行政法规的规定予以处罚。

第八章　附则

　　第四十一条　本规定所称网络信息内容生产者，是指制作、复制、发布网络信息内容的组织或者个人。

　　本规定所称网络信息内容服务平台，是指提供网络信息内容传播服务的网络信息服务提供者。

　　本规定所称网络信息内容服务使用者，是指使用网络信息内容服务的组织或者个人。

　　第四十二条　本规定自2020年3月1日起施行。",http://www.cac.gov.cn/2019-12/20/c_1578375159509309.htm
2022年提升全民数字素养与技能工作要点,国家互联网信息办公室,2022-03,政策规划,"全民,数字素养,数字技能","近日，中央网信办、教育部、工业和信息化部、人力资源社会保障部联合印发《2022年提升全民数字素养与技能工作要点》（以下简称《工作要点》）。通知要求，要坚持以习近平新时代中国特色社会主义思想为指导，以满足人民日益增长的美好生活需要、促进人的全面发展和全体人民共同富裕为根本目的，坚持目标导向、问题导向、结果导向，多措并举提升全民数字素养与技能，以优异成绩迎接党的二十大胜利召开。

《工作要点》明确了工作目标：到2022年底，提升全民数字素养与技能工作取得积极进展，系统推进工作格局基本建立。数字资源供给更加丰富，全民终身数字学习体系初步构建，劳动者数字工作能力加快提升，人民群众数字生活水平不断提高，数字创新活力竞相迸发，数字安全防护屏障更加坚固，数字社会法治道德水平持续提高，全民数字素养与技能发展环境不断优化。同时，《工作要点》提出了新增“基础教育精品课程”资源数量、电子商务培训、重点网站和移动应用程序适老化及无障碍改造数量等8项主要指标。",http://www.cac.gov.cn/2022-03/02/c_1647826931080748.htm
《工业企业数据安全防护要求 (草案)》详细解读,全国通信标准化技术委员会,2022-05,法律法规,"工业,企业,数据安全,防护",工业作为第二产业的主要组成部分，它决定着我国国民经济现代化的速度、规模和水平，在当代国民经济中起着主导作用。当工业领域的安全受到冲击带来的关联影响是巨大的，威胁不仅仅局限于工业本身，甚至会对我国的国家安全、国民经济、社会稳定等带来重大冲击。随着《 “十四五”数字经济发展规划》的提出，更加强调了数据资源为关键要素的重要性，并呼应了数据要素正式被纳入生产要素的政策，着重提出了数字经济具有“融合应用”和“全要素数字化转型”的特征，因此，在工业安全领域数据安全又变得尤为重要，如何帮助工业企业强化数据安全防御能力，变成为了《工业企业数据安全防护要求（草案）》（以下简称“此要求”）重点内容。,https://www.secrss.com/articles/42279
儿童个人信息网络保护规定,国家互联网信息办公室,2019-08,法律法规,"儿童,个人信息,网络保护","第一条 为了保护儿童个人信息安全，促进儿童健康成长，根据《中华人民共和国网络安全法》《中华人民共和国未成年人保护法》等法律法规，制定本规定。

    第二条 本规定所称儿童，是指不满十四周岁的未成年人。

    第三条 在中华人民共和国境内通过网络从事收集、存储、使用、转移、披露儿童个人信息等活动，适用本规定。

    第四条 任何组织和个人不得制作、发布、传播侵害儿童个人信息安全的信息。

    第五条 儿童监护人应当正确履行监护职责，教育引导儿童增强个人信息保护意识和能力，保护儿童个人信息安全。

    第六条 鼓励互联网行业组织指导推动网络运营者制定儿童个人信息保护的行业规范、行为准则等，加强行业自律，履行社会责任。

    第七条 网络运营者收集、存储、使用、转移、披露儿童个人信息的，应当遵循正当必要、知情同意、目的明确、安全保障、依法利用的原则。

    第八条 网络运营者应当设置专门的儿童个人信息保护规则和用户协议，并指定专人负责儿童个人信息保护。

    第九条 网络运营者收集、使用、转移、披露儿童个人信息的，应当以显著、清晰的方式告知儿童监护人，并应当征得儿童监护人的同意。

    第十条 网络运营者征得同意时，应当同时提供拒绝选项，并明确告知以下事项：

    （一）收集、存储、使用、转移、披露儿童个人信息的目的、方式和范围；

    （二）儿童个人信息存储的地点、期限和到期后的处理方式；

    （三）儿童个人信息的安全保障措施；

    （四）拒绝的后果；

    （五）投诉、举报的渠道和方式；

    （六）更正、删除儿童个人信息的途径和方法；

    （七）其他应当告知的事项。

　　前款规定的告知事项发生实质性变化的，应当再次征得儿童监护人的同意。

    第十一条 网络运营者不得收集与其提供的服务无关的儿童个人信息，不得违反法律、行政法规的规定和双方的约定收集儿童个人信息。

    第十二条 网络运营者存储儿童个人信息，不得超过实现其收集、使用目的所必需的期限。

    第十三条 网络运营者应当采取加密等措施存储儿童个人信息，确保信息安全。

    第十四条 网络运营者使用儿童个人信息，不得违反法律、行政法规的规定和双方约定的目的、范围。因业务需要，确需超出约定的目的、范围使用的，应当再次征得儿童监护人的同意。

    第十五条 网络运营者对其工作人员应当以最小授权为原则，严格设定信息访问权限，控制儿童个人信息知悉范围。工作人员访问儿童个人信息的，应当经过儿童个人信息保护负责人或者其授权的管理人员审批，记录访问情况，并采取技术措施，避免违法复制、下载儿童个人信息。

    第十六条 网络运营者委托第三方处理儿童个人信息的，应当对受委托方及委托行为等进行安全评估，签署委托协议，明确双方责任、处理事项、处理期限、处理性质和目的等，委托行为不得超出授权范围。

　　前款规定的受委托方，应当履行以下义务：

    （一）按照法律、行政法规的规定和网络运营者的要求处理儿童个人信息；

    （二）协助网络运营者回应儿童监护人提出的申请；

    （三）采取措施保障信息安全，并在发生儿童个人信息泄露安全事件时，及时向网络运营者反馈；

    （四）委托关系解除时及时删除儿童个人信息;

    （五）不得转委托；

    （六）其他依法应当履行的儿童个人信息保护义务。

    第十七条 网络运营者向第三方转移儿童个人信息的，应当自行或者委托第三方机构进行安全评估。

    第十八条 网络运营者不得披露儿童个人信息，但法律、行政法规规定应当披露或者根据与儿童监护人的约定可以披露的除外。

    第十九条 儿童或者其监护人发现网络运营者收集、存储、使用、披露的儿童个人信息有错误的，有权要求网络运营者予以更正。网络运营者应当及时采取措施予以更正。

    第二十条 儿童或者其监护人要求网络运营者删除其收集、存储、使用、披露的儿童个人信息的，网络运营者应当及时采取措施予以删除，包括但不限于以下情形：

    （一）网络运营者违反法律、行政法规的规定或者双方的约定收集、存储、使用、转移、披露儿童个人信息的；

    （二）超出目的范围或者必要期限收集、存储、使用、转移、披露儿童个人信息的；

    （三）儿童监护人撤回同意的；

    （四）儿童或者其监护人通过注销等方式终止使用产品或者服务的。

    第二十一条 网络运营者发现儿童个人信息发生或者可能发生泄露、毁损、丢失的，应当立即启动应急预案，采取补救措施；造成或者可能造成严重后果的，应当立即向有关主管部门报告，并将事件相关情况以邮件、信函、电话、推送通知等方式告知受影响的儿童及其监护人，难以逐一告知的，应当采取合理、有效的方式发布相关警示信息。

    第二十二条 网络运营者应当对网信部门和其他有关部门依法开展的监督检查予以配合。

    第二十三条 网络运营者停止运营产品或者服务的，应当立即停止收集儿童个人信息的活动，删除其持有的儿童个人信息，并将停止运营的通知及时告知儿童监护人。

    第二十四条 任何组织和个人发现有违反本规定行为的，可以向网信部门和其他有关部门举报。

　　网信部门和其他有关部门收到相关举报的，应当依据职责及时进行处理。

    第二十五条 网络运营者落实儿童个人信息安全管理责任不到位，存在较大安全风险或者发生安全事件的，由网信部门依据职责进行约谈，网络运营者应当及时采取措施进行整改，消除隐患。

    第二十六条 违反本规定的，由网信部门和其他有关部门依据职责，根据《中华人民共和国网络安全法》《互联网信息服务管理办法》等相关法律法规规定处理；构成犯罪的，依法追究刑事责任。

    第二十七条 违反本规定被追究法律责任的，依照有关法律、行政法规的规定记入信用档案，并予以公示。

    第二十八条 通过计算机信息系统自动留存处理信息且无法识别所留存处理的信息属于儿童个人信息的，依照其他有关规定执行。

    第二十九条 本规定自2019年10月1日起施行。",http://www.cac.gov.cn/2019-08/23/c_1124913903.htm
关于印发《关于推动资本市场服务网络强国建设的指导意见》的通知,国家互联网信息办公室,2018-03,政策规划,关于印发《关于推动资本市场服务网络强国建设的指导意见》的通知,"各省、自治区、直辖市、计划单列市、新疆生产建设兵团网信办，中国证监会各派出机构、各交易所、各下属单位、各协会、会内各部门：

　　《关于推动资本市场服务网络强国建设的指导意见》已经中央领导同志批准同意，现印发给你们，请结合实际认真贯彻落实。

中央网络安全和信息化委员会办公室  中国证券监督管理委员会",http://www.cac.gov.cn/2018-04/13/c_1122676837.htm
国家互联网信息办公室 国家发展和改革委员会 工业和信息化部 财政部关于发布《云计算服务安全评估办法》的公告,国家互联网信息办公室,2019-07,政策规划,国家互联网信息办公室 国家发展和改革委员会 工业和信息化部 财政部关于发布《云计算服务安全评估办法》的公告,"第一条 为提高党政机关、关键信息基础设施运营者采购使用云计算服务的安全可控水平，制定本办法。

第二条 云计算服务安全评估坚持事前评估与持续监督相结合，保障安全与促进应用相统一，依据有关法律法规和政策规定，参照国家有关网络安全标准，发挥专业技术机构、专家作用，客观评价、严格监督云计算服务平台（以下简称“云平台”）的安全性、可控性，为党政机关、关键信息基础设施运营者采购云计算服务提供参考。

本办法中的云平台包括云计算服务软硬件设施及其相关管理制度等。

第三条 云计算服务安全评估重点评估以下内容：

（一）云平台管理运营者（以下简称“云服务商”）的征信、经营状况等基本情况；

（二）云服务商人员背景及稳定性，特别是能够访问客户数据、能够收集相关元数据的人员；

（三）云平台技术、产品和服务供应链安全情况；

（四）云服务商安全管理能力及云平台安全防护情况；

（五）客户迁移数据的可行性和便捷性；

（六）云服务商的业务连续性；

（七）其他可能影响云服务安全的因素。

第四条 国家互联网信息办公室会同国家发展和改革委员会、工业和信息化部、财政部建立云计算服务安全评估工作协调机制（以下简称“协调机制”），审议云计算服务安全评估政策文件，批准云计算服务安全评估结果，协调处理云计算服务安全评估有关重要事项。

云计算服务安全评估工作协调机制办公室（以下简称“办公室”）设在国家互联网信息办公室网络安全协调局。

第五条 云服务商可申请对面向党政机关、关键信息基础设施提供云计算服务的云平台进行安全评估。

第六条 申请安全评估的云服务商应向办公室提交以下材料：

（一）申报书；

（二）云计算服务系统安全计划；

（三）业务连续性和供应链安全报告；

（四）客户数据可迁移性分析报告；

（五）安全评估工作需要的其他材料。

第七条 办公室受理云服务商申请后，组织专业技术机构参照国家有关标准对云平台进行安全评价。

第八条 专业技术机构应坚持客观、公正、公平的原则，按照国家有关规定，在办公室指导监督下，参照《云计算服务安全指南》《云计算服务安全能力要求》等国家标准，重点评价本办法第三条所述内容，形成评价报告，并对评价结果负责。

第九条 办公室在专业技术机构安全评价基础上，组织云计算服务安全评估专家组进行综合评价。

第十条 云计算服务安全评估专家组根据云服务商申报材料、评价报告等，综合评价云计算服务的安全性、可控性，提出是否通过安全评估的建议。

第十一条 云计算服务安全评估专家组的建议经协调机制审议通过后，办公室按程序报国家互联网信息办公室核准。

云计算服务安全评估结果由办公室发布。

第十二条 云计算服务安全评估结果有效期3年。有效期届满需要延续保持评估结果的，云服务商应在届满前至少6个月向办公室申请复评。

有效期内，云服务商因股权变更、企业重组等导致实控人或控股权发生变化的，应重新申请安全评估。

第十三条 办公室通过组织抽查、接受举报等形式，对通过评估的云平台开展持续监督，重点监督有关安全控制措施有效性、重大变更、应急响应、风险处置等内容。

通过评估的云平台已不再满足要求的，经协调机制审议、国家互联网信息办公室核准后撤销通过评估的结论。

第十四条 通过评估的云平台停止提供服务时，云服务商应至少提前6个月通知客户和办公室，并配合客户做好迁移工作。

第十五条 云服务商对所提供申报材料的真实性负责。在评估过程中拒绝按要求提供材料或故意提供虚假材料的，按评估不通过处理。

第十六条 未经云服务商同意，参与评估工作的相关机构和人员不得披露云服务商提交的未公开材料以及评估工作中获悉的其他非公开信息，不得将云服务商提供的信息用于评估以外的目的。

第十七条 本办法自2019年9月1日起施行。",http://www.cac.gov.cn/2019-07/22/c_1124781475.htm
"国家互联网信息办公室关于《互联网信息服务深度合成管理规定（征求意见稿）》
公开征求意见的通知",国家互联网信息办公室,2022-01,法律法规,"互联网,信息服务,深度合成,管理规定","为了规范互联网信息服务深度合成活动，弘扬社会主义核心价值观，维护国家安全和社会公共利益，保护公民、法人和其他组织的合法权益，我办起草了《互联网信息服务深度合成管理规定（征求意见稿）》，现向社会公开征求意见。公众可通过以下途径和方式提出反馈意见：

1.登录中华人民共和国司法部　中国政府法制信息网（www.moj.gov.cn、www.chinalaw.gov.cn），进入首页主菜单的“立法意见征集”栏目提出意见。

2.通过电子邮件将意见发送至：shenduhecheng@cac.gov.cn。

3.通过信函将意见寄至：北京市西城区车公庄大街11号国家互联网信息办公室网络法治局，邮编：100044，并请在信封上注明“互联网信息服务深度合成管理规定征求意见”字样。

意见反馈截止日期为2022年2月28日。",http://www.cac.gov.cn/2022-01/28/c_1644970458520968.htm
"国家互联网信息办公室关于《未成年人网络保护条例（征求意见稿）》
再次公开征求意见的通知",国家互联网信息办公室,2022-03,法律法规,"互联网,未成年人,网络保护","为了营造健康、文明、有序的网络环境，保护未成年人身心健康，保障未成年人在网络空间的合法权益，按照有关立法规划计划安排，前期国家互联网信息办公室起草了《未成年人网络保护条例（征求意见稿）》并公开征求意见。此后，国家互联网信息办公室会同司法部根据新修订制定的《中华人民共和国未成年人保护法》《中华人民共和国个人信息保护法》等法律和社会公众反馈意见，对《未成年人网络保护条例（征求意见稿）》进行了修改完善。为深入推进科学立法、民主立法、依法立法，提高立法质量，现再次公开征求意见。公众可通过以下途径和方式提出反馈意见：

1.通过电子邮件将意见发送至：law@cac.gov.cn。

2.通过信函将意见寄至：北京市西城区车公庄大街11号国家互联网信息办公室网络法治局，邮编：100044，并请在信封上注明“未成年人网络保护条例征求意见”字样。

意见反馈截止日期为2022年4月13日。",http://www.cac.gov.cn/2022-03/14/c_1648865100662480.htm
国家铁路局关于印发《“十四五”铁路科技创新规划》的通知,铁道部,2021-12,政策规划,"国家铁路局,“十四五”,铁路科技创新",铁路是综合交通运输体系的骨干，是建设现代化经济体系的重要支撑，是全面建设社会主义现代化国家的先行领域。铁路科技创新是国家科技创新体系的重要组成部分，是引领铁路发展的第一动力。为持续推进铁路科技创新，推动铁路高质量发展，支撑科技强国、交通强国建设，根据国家和行业相关规划部署，制定本规划。,http://www.gov.cn/zhengce/zhengceku/2021-12/24/content_5664357.htm
数字乡村发展行动计划（2022-2025年）,国家互联网信息办公室,2022-01,政策规划,"数字乡村,发展,行动计划","近日，中央网信办、农业农村部、国家发展改革委、工业和信息化部、科技部、住房和城乡建设部、商务部、市场监管总局、广电总局、国家乡村振兴局印发《数字乡村发展行动计划（2022-2025年）》（以下简称《行动计划》）。《行动计划》立足我国“三农”工作重心历史性转向全面推进乡村振兴的发展形势，落实《数字乡村发展战略纲要》《“十四五”国家信息化规划》有关要求，对“十四五”时期数字乡村发展作出部署安排，是各地区、各部门推进数字乡村工作的重要指引。

《行动计划》指出，“十四五”时期是乘势而上开启全面建设社会主义现代化国家新征程、向第二个百年奋斗目标进军的第一个五年，也是全面推进乡村振兴、建设数字中国的发力期。要加快推进数字乡村建设，充分发挥信息化对乡村振兴的驱动引领作用，整体带动和提升农业农村现代化发展，促进农业全面升级、农村全面进步、农民全面发展。　　

《行动计划》强调，要以习近平新时代中国特色社会主义思想为指导，全面贯彻党的十九大和十九届历次全会精神，深入贯彻中央经济工作会议、中央农村工作会议精神，坚持稳中求进工作总基调，立足新发展阶段、贯彻新发展理念、构建新发展格局、推动高质量发展，促进共同富裕，坚持和加强党对“三农”工作的全面领导，牢牢守住保障国家粮食安全和不发生规模性返贫两条底线，以解放和发展数字生产力、激发乡村振兴内生动力为主攻方向，着力发展乡村数字经济，着力提升农民数字素养与技能，着力繁荣乡村网络文化，着力提高乡村数字化治理效能，为推动乡村振兴取得新进展、农业农村现代化迈出新步伐、数字中国建设取得新成效提供有力支撑。　　

《行动计划》提出，要坚持深化改革、创新驱动，坚持以人为本、内生驱动，坚持统筹协调、城乡融合，坚持规划引领、分类推进。到2023年，数字乡村发展取得阶段性进展。网络帮扶成效得到进一步巩固提升，农村互联网普及率和网络质量明显提高，农业生产信息化水平稳步提升，“互联网+政务服务”进一步向基层延伸，乡村公共服务水平持续提高，乡村治理效能有效提升。到2025年，数字乡村发展取得重要进展。乡村4G深化普及、5G创新应用，农业生产经营数字化转型明显加快，智慧农业建设取得初步成效，培育形成一批叫得响、质量优、特色显的农村电商产品品牌，乡村网络文化繁荣发展，乡村数字化治理体系日趋完善。　　

《行动计划》部署了8个方面的重点行动。一是数字基础设施升级行动，二是智慧农业创新发展行动，三是新业态新模式发展行动，四是数字治理能力提升行动，五是乡村网络文化振兴行动，六是智慧绿色乡村打造行动，七是公共服务效能提升行动，八是网络帮扶拓展深化行动。同时，《行动计划》还设立了乡村基础设施数字化改造提升工程等7项重点工程，作为落实上述行动的重要抓手。　　

《行动计划》从加强组织领导、加强政策支持、加强人才支撑、加强指导监督、加强安全保障、加强宣传引导等6个方面完善保障措施，确保目标任务落到实处。",http://www.cac.gov.cn/2022-01/25/c_1644713315749608.htm
最高人民法院最高人民检察院关于办理非法利用信息网络、帮助信息网络犯罪活动等刑事案件适用法律若干问题的解释,国家互联网信息办公室,2019-10,法律法规,"信息网络,网络犯罪,刑事案件,法律","为依法惩治拒不履行信息网络安全管理义务、非法利用信息网络、帮助信息网络犯罪活动等犯罪，维护正常网络秩序，根据《中华人民共和国刑法》《中华人民共和国刑事诉讼法》的规定，现就办理此类刑事案件适用法律的若干问题解释如下：

　　第一条 提供下列服务的单位和个人，应当认定为刑法第二百八十六条之一第一款规定的“网络服务提供者”：

　　(一) 网络接入、域名注册解析等信息网络接入、计算、存储、传输服务；

　　(二) 信息发布、搜索引擎、即时通讯、网络支付、网络预约、网络购物、网络游戏、网络直播、网站建设、安全防护、广告推广、应用商店等信息网络应用服务；

　　(三) 利用信息网络提供的电子政务、通信、能源、交通、水利、金融、教育、医疗等公共服务。

　　第二条 刑法第二百八十六条之一第一款规定的“监管部门责令采取改正措施”，是指网信、电信、公安等依照法律、行政法规的规定承担信息网络安全监管职责的部门,以责令整改通知书或者其他文书形式,责令网络服务提供者采取改正措施。

　　认定“经监管部门责令采取改正措施而拒不改正”，应当综合考虑监管部门责令改正是否具有法律、行政法规依据，改正措施及期限要求是否明确、合理，网络服务提供者是否具有按照要求采取改正措施的能力等因素进行判断。

　　第三条 拒不履行信息网络安全管理义务，具有下列情形之一的，应当认定为刑法第二百八十六条之一第一款第一项规定的“致使违法信息大量传播”：

　　(一) 致使传播违法视频文件二百个以上的；

　　(二) 致使传播违法视频文件以外的其他违法信息二千个以上的；

　　(三) 致使传播违法信息，数量虽未达到第一项、第二项规定标准，但是按相应比例折算合计达到有关数量标准的；

　　(四) 致使向二千个以上用户账号传播违法信息的；

　　(五) 致使利用群组成员账号数累计三千以上的通讯群组或者关注人员账号数累计三万以上的社交网络传播违法信息的；

　　(六) 致使违法信息实际被点击数达到五万以上的；

　　(七) 其他致使违法信息大量传播的情形。

　　第四条 拒不履行信息网络安全管理义务，致使用户信息泄露，具有下列情形之一的，应当认定为刑法第二百八十六条之一第一款第二项规定的“造成严重后果”：

　　(一) 致使泄露行踪轨迹信息、通信内容、征信信息、财产信息五百条以上的；

　　(二) 致使泄露住宿信息、通信记录、健康生理信息、交易信息等其他可能影响人身、财产安全的用户信息五千条以上的；

　　(三) 致使泄露第一项、第二项规定以外的用户信息五万条以上的；

　　(四) 数量虽未达到第一项至第三项规定标准，但是按相应比例折算合计达到有关数量标准的；

　　(五) 造成他人死亡、重伤、精神失常或者被绑架等严重后果的；

　　(六) 造成重大经济损失的；

　　(七) 严重扰乱社会秩序的；

　　(八) 造成其他严重后果的。

　　第五条 拒不履行信息网络安全管理义务，致使影响定罪量刑的刑事案件证据灭失，具有下列情形之一的，应当认定为刑法第二百八十六条之一第一款第三项规定的“情节严重”：

　　(一) 造成危害国家安全犯罪、恐怖活动犯罪、黑社会性质组织犯罪、贪污贿赂犯罪案件的证据灭失的；

　　(二) 造成可能判处五年有期徒刑以上刑罚犯罪案件的证据灭失的；

　　(三) 多次造成刑事案件证据灭失的；

　　(四) 致使刑事诉讼程序受到严重影响的；

　　(五) 其他情节严重的情形。

　　第六条 拒不履行信息网络安全管理义务，具有下列情形之一的，应当认定为刑法第二百八十六条之一第一款第四项规定的“有其他严重情节”：

　　(一) 对绝大多数用户日志未留存或者未落实真实身份信息认证义务的；

　　(二) 二年内经多次责令改正拒不改正的；

　　(三) 致使信息网络服务被主要用于违法犯罪的；

　　(四) 致使信息网络服务、网络设施被用于实施网络攻击，严重影响生产、生活的；

　　(五) 致使信息网络服务被用于实施危害国家安全犯罪、恐怖活动犯罪、黑社会性质组织犯罪、贪污贿赂犯罪或者其他重大犯罪的；

　　(六) 致使国家机关或者通信、能源、交通、水利、金融、教育、医疗等领域提供公共服务的信息网络受到破坏，严重影响生产、生活的；

　　(七) 其他严重违反信息网络安全管理义务的情形。

　　第七条 刑法第二百八十七条之一规定的“违法犯罪”，包括犯罪行为和属于刑法分则规定的行为类型但尚未构成犯罪的违法行为。

　　第八条 以实施违法犯罪活动为目的而设立或者设立后主要用于实施违法犯罪活动的网站、通讯群组，应当认定为刑法第二百八十七条之一第一款第一项规定的“用于实施诈骗、传授犯罪方法、制作或者销售违禁物品、管制物品等违法犯罪活动的网站、通讯群组”。

　　第九条 利用信息网络提供信息的链接、截屏、二维码、访问账号密码及其他指引访问服务的，应当认定为刑法第二百八十七条之一第一款第二项、第三项规定的“发布信息”。

　　第十条 非法利用信息网络，具有下列情形之一的，应当认定为刑法第二百八十七条之一第一款规定的“情节严重”：

　　(一) 假冒国家机关、金融机构名义，设立用于实施违法犯罪活动的网站的；

　　(二) 设立用于实施违法犯罪活动的网站，数量达到三个以上或者注册账号数累计达到二千以上的；

　　(三) 设立用于实施违法犯罪活动的通讯群组，数量达到五个以上或者群组成员账号数累计达到一千以上的；

　　(四) 发布有关违法犯罪的信息或者为实施违法犯罪活动发布信息，具有下列情形之一的：

　　1.在网站上发布有关信息一百条以上的；

　　2.向二千个以上用户账号发送有关信息的；

　　3.向群组成员数累计达到三千以上的通讯群组发送有关信息的；

　　4.利用关注人员账号数累计达到三万以上的社交网络传播有关信息的；

　　(五) 违法所得一万元以上的；

　　(六) 二年内曾因非法利用信息网络、帮助信息网络犯罪活动、危害计算机信息系统安全受过行政处罚，又非法利用信息网络的；

　　(七) 其他情节严重的情形。

　　第十一条 为他人实施犯罪提供技术支持或者帮助，具有下列情形之一的，可以认定行为人明知他人利用信息网络实施犯罪，但是有相反证据的除外：

　　(一) 经监管部门告知后仍然实施有关行为的；

　　(二) 接到举报后不履行法定管理职责的；

　　(三) 交易价格或者方式明显异常的；

　　(四) 提供专门用于违法犯罪的程序、工具或者其他技术支持、帮助的；

　　(五) 频繁采用隐蔽上网、加密通信、销毁数据等措施或者使用虚假身份，逃避监管或者规避调查的；

　　(六) 为他人逃避监管或者规避调查提供技术支持、帮助的；

　　(七) 其他足以认定行为人明知的情形。

　　第十二条 明知他人利用信息网络实施犯罪，为其犯罪提供帮助，具有下列情形之一的，应当认定为刑法第二百八十七条之二第一款规定的“情节严重”：

　　(一) 为三个以上对象提供帮助的；

　　(二) 支付结算金额二十万元以上的；

　　(三) 以投放广告等方式提供资金五万元以上的；

　　(四) 违法所得一万元以上的；

　　(五) 二年内曾因非法利用信息网络、帮助信息网络犯罪活动、危害计算机信息系统安全受过行政处罚，又帮助信息网络犯罪活动的；

　　(六) 被帮助对象实施的犯罪造成严重后果的；

　　(七) 其他情节严重的情形。

　　实施前款规定的行为，确因客观条件限制无法查证被帮助对象是否达到犯罪的程度，但相关数额总计达到前款第二项至第四项规定标准五倍以上，或者造成特别严重后果的，应当以帮助信息网络犯罪活动罪追究行为人的刑事责任。

　　第十三条 被帮助对象实施的犯罪行为可以确认，但尚未到案、尚未依法裁判或者因未达到刑事责任年龄等原因依法未予追究刑事责任的，不影响帮助信息网络犯罪活动罪的认定。

　　第十四条 单位实施本解释规定的犯罪的，依照本解释规定的相应自然人犯罪的定罪量刑标准，对直接负责的主管人员和其他直接责任人员定罪处罚，并对单位判处罚金。

　　第十五条 综合考虑社会危害程度、认罪悔罪态度等情节，认为犯罪情节轻微的，可以不起诉或者免予刑事处罚；情节显著轻微危害不大的，不以犯罪论处。

　　第十六条 多次拒不履行信息网络安全管理义务、非法利用信息网络、帮助信息网络犯罪活动构成犯罪，依法应当追诉的，或者二年内多次实施前述行为未经处理的，数量或者数额累计计算。

　　第十七条 对于实施本解释规定的犯罪被判处刑罚的，可以根据犯罪情况和预防再犯罪的需要，依法宣告职业禁止；被判处管制、宣告缓刑的，可以根据犯罪情况，依法宣告禁止令。

　　第十八条 对于实施本解释规定的犯罪的，应当综合考虑犯罪的危害程度、违法所得数额以及被告人的前科情况、认罪悔罪态度等，依法判处罚金。

　　第十九条 本解释自2019年11月1日起施行。",http://www.cac.gov.cn/2019-10/25/c_1573534999086260.htm
药品监管网络安全与信息化建设“十四五”规划,国家药品监督管理局,2022-04,政策规划,"药品,监管,网络安全,信息化建设","各省、自治区、直辖市及新疆生产建设兵团药品监督管理局，局机关各司局、各直属单位：

《药品监管网络安全与信息化建设“十四五”规划》已经局网络安全和信息化领导小组会议审议通过，现印发给你们。请结合实际抓好落实，扎实推进各项工作。",https://view.officeapps.live.com/op/view.aspx?src=https%3A%2F%2Fwww.nmpa.gov.cn%2Fdirectory%2Fweb%2Fnmpa%2Fimages%2F1652238196394079873.doc&wdOrigin=BROWSELINK
中国证监会关于就《证券期货业网络安全管理办法（征求意见稿）》公开征求意见的通知,中国证券监督管理委员会,2022-04,法律法规,"证监会,证券期货业,网络安全管理","为建立健全证券期货业网络安全监管制度体系，防范化解行业网络安全风险隐患，维护资本市场安全平稳高效运行，证监会起草了《证券期货业网络安全管理办法(征求意见稿)》(以下简称《办法》)，现向社会公开征求意见。

《办法》共八章六十六条，主要包括证券期货业网络安全监督管理体系、网络安全运行、数据安全统筹管理、网络安全应急处置、关键信息基础设施网络安全、网络安全促进与发展、监督管理与法律责任等方面内容。具体内容详见《办法》起草说明。

欢迎社会各界对《办法》提出宝贵意见，证监会将根据公开征求意见情况，进一步完善《办法》并履行程序后发布实施。",http://www.csrc.gov.cn/csrc/c101981/c2381308/content.shtml
《个人信用信息基础数据库管理暂行办法》,中国人民银行征信中心,2014-01,政策规划,"个人信用数据库,用户管理制度",第一条 为维护金融稳定，防范和降低商业银行的信用风险，促进个人信贷业务的发展，保障个人信用信息的安全和合法使用，根据《中华人民共和国中国人民银行法》等有关法律规定，制定本办法。,http://www.pbccrc.org.cn/zxzx/zhengcfg/201401/dd01521a067f4cbcbf9279f79fa0332d.shtml
《关于办理侵犯公民个人信息刑事案件适用法律若干问题的解释》解读,中华人民共和国最高人民检察院,2017-05,法律法规,"用户信息保护,个人信息泄露",侵犯公民个人信息罪入罪要件“情节严重”如何界定？拒不履行公民个人信息安全管理义务的行为是否担责？涉案公民个人信息的数量计算遵守怎样的规则？今天上午，最高人民法院、最高人民检察院联合召开新闻发布会，发布《关于办理侵犯公民个人信息刑事案件适用法律若干问题的解释》（下称《解释》），对侵犯公民个人信息犯罪的定罪量刑标准和有关法律适用问题作了全面、系统的规定。最高法、最高检有关部门负责人就《解释》相关亮点在新闻发布会上回应了媒体关切。,https://www.spp.gov.cn/zdgz/201705/t20170510_190150.shtml
《深圳经济特区数据条例》,深圳市人民代表大会常务委员会,2021-07,政策规划,"公共数据共享,公共数据开放,公共数据利用",《深圳经济特区数据条例》经深圳市第七届人民代表大会常务委员会第二次会议于2021年6月29日通过，现予公布，自2022年1月1日起施行。,http://www.sznews.com/zhuanti/content/2021-07/07/content_24368291.htm
《科学数据管理办法》,国务院办公厅,2018-03,政策规划,"分级管理,安全可控,充分利用",为进一步加强和规范科学数据管理，保障科学数据安全，提高开放共享水平，更好支撑国家科技创新、经济社会发展和国家安全，根据《中华人民共和国科学技术进步法》、《中华人民共和国促进科技成果转化法》和《政务信息资源共享管理暂行办法》等规定，制定本办法。,http://www.gov.cn/gongbao/content/2018/content_5283177.htm
《移动智能终端应用软件预置和分发管理暂行规定》,工业和信息化部,2016-12,政策规划,"移动智能终端,移动应用分发平台,用户终端权限",为推动移动互联网健康有序发展，构建安全可信的信息通信网络环境，依法维护用户的知情权和选择权，促进大众创业、万众创新，规范移动互联网市场秩序，根据《全国人民代表大会常务委员会关于加强网络信息保护的决定》《中华人民共和国网络安全法》《中华人民共和国电信条例》和《互联网信息服务管理办法》等有关规定，制定本规定。,http://www.gov.cn/xinwen/2016-12/25/content_5152517.htm
中国气象局印发气象数据管理办法 强化资源整合与开发利用 保障数据安全,中国气象局,2020-10,政策规划,"安全可控原则,共享服务,安全监管","中国气象报记者谷星月报道 10月10日，中国气象局印发《气象数据管理办法（试行）》（以下简称《办法》），进一步规范气象数据管理，加强资源整合、促进开发利用，保障气象数据安全。

　　据了解，《办法》是中国气象局落实《中共中央 国务院关于构建更加完善的要素市场化配置体制机制的意见》《国务院关于印发政务信息资源共享管理暂行办法的通知》《国务院办公厅关于印发科学数据管理办法的通知》等有关要求的具体举措。",http://www.cma.gov.cn/2011xwzx/2011xqxxw/2011xqxyw/202010/t20201020_565030.html
互联网新闻信息服务管理规定,国家互联网信息办公室,2017-05,政策规划,"法律责任,监督检查,舆论导向",《互联网新闻信息服务管理规定》已经国家互联网信息办公室室务会议审议通过，现予公布，自2017年6月1日起施行。,http://www.cac.gov.cn/2017-05/02/c_1120902760.htm
交通运输部办公厅关于征求《交通运输科学数据管理办法（征求意见稿）》意见的函,交通运输部办公厅,2020-06,政策规划,"交通运输,数据资源,开放共享",为加强和规范交通运输科学数据管理，保障科学数据安全，提高开放共享水平，更好支撑行业科技创新，加快建设交通强国，依据《科学数据管理办法》（国办发〔2018〕17号）、《交通运输部办公厅关于推进交通运输行业数据资源开放共享的实施意见》（交办科技〔2016〕113号）等，我们研究起草了《交通运输科学数据管理办法（征求意见稿）》。现将征求你单位意见。请于2020年7月22日前将书面意见反馈我部。联系人：科技司 林小平，电话：010-65292812、65292811（传真），地址：北京市建国门内大街11号，邮编：100736。,https://xxgk.mot.gov.cn/jigou/kjs/202006/t20200623_3398111.html
侵害消费者权益行为处罚办法,国家市场监督管理总局,2020-11,法律法规,"公正,公开,及时",第一条 为依法制止侵害消费者权益行为，保护消费者的合法权益，维护社会经济秩序，根据《消费者权益保护法》等法律法规，制定本办法。,https://m.thepaper.cn/baijiahao_9848640
公安机关互联网安全监督检查规定,中华人民共和国公安部,2018-09,政策规划,"科学管理,网络安全,互联网安全",《公安机关互联网安全监督检查规定》已经2018年9月5日公安部部长办公会议通过，现予发布，自2018年11月1日起施行。,http://www.gov.cn/gongbao/content/2018/content_5343745.htm
国家互联网信息办公室关于《个人信息和重要数据出境安全评估办法（征求意见稿）》公开征求意见的通知,国家互联网信息办公室,2017-04,政策规划,"个人信息,重要数据,出境安全",为保障个人信息和重要数据安全，维护网络空间主权和国家安全、社会公共利益，促进网络信息依法有序自由流动，依据《中华人民共和国国家安全法》《中华人民共和国网络安全法》等法律法规，我办会同相关部门起草了《个人信息和重要数据出境安全评估办法（征求意见稿）》，现向社会公开征求意见。,http://www.cac.gov.cn/2017-04/11/c_1120785691.htm
国家药监局关于发布药品记录与数据管理要求（试行）的公告,国家药监局,2020-07,政策规划,"操作系统,应用程序,数据库",为规范药品研制、生产、经营、使用活动的记录与数据管理，根据《中华人民共和国药品管理法》《中华人民共和国疫苗管理法》《中华人民共和国药品管理法实施条例》等法律、行政法规，制定本要求。,http://www.dszhiyao.com/xingyexinwen/198.html
国防科工局 发展改革委 财政部关于印发《国家民用卫星遥感数据管理暂行办法》的通知,"国防科工局,发展改革委,财政部",2018-12,政策规划,"遥感数据,数据安全,开放共享",为加强和规范国家民用卫星遥感数据管理，充分发挥国家遥感卫星应用效益，依据《遥感卫星数据开放共享管理暂行办法》(国办发〔2018〕113号)、《国家民用空间基础设施中长期发展规划(2015-2025年)》(国办发〔2015〕39号)及有关规定，国防科工局、发展改革委、财政部联合制定了《国家民用卫星遥感数据管理暂行办法》。现印发你们，请认真贯彻执行。,http://www.sastind.gov.cn/n157/c6809660/content.html
国防科工局 国家航天局关于印发《月球与深空探测工程科学数据管理办法》的通知,"国家国防科技工业局,中国国家航天局",2016-09,政策规划,"归口管理,分级负责",第一条 【制定目的】为规范月球与深空探测工程科学数据(以下简称科学数据)的管理，有效推进数据研究、应用，促进科学产出最大化，制定本办法。,http://www.sastind.gov.cn/n4235/c6807016/content.html
天津市互联网信息办公室关于印发《天津市数据安全管理办法（暂行）》的通知,天津市互联网信息办公室,2019-06,政策规划,"数据安全保障体系,国家大数据战略实施,数字天津",为深入贯彻执行《天津市促进大数据发展应用条例》，加强对全市数据安全工作的统筹协调，建立健全数据安全保障体系，促进国家大数据战略实施和“数字天津”建设，天津市互联网信息办公室制定了《天津市数据安全管理办法（暂行）》，经市人民政府同意，现印发给你们，请照此执行。,http://www.tjcac.gov.cn/xxh/zhcs/202007/t20200722_3087539.html
工业和信息化部关于开展APP侵害用户权益专项整治工作的通知,工业和信息化部,2019-11,政策规划,"用户个人信息,企业自律,社会监督,政府监管","各省、自治区、直辖市通信管理局，中国信息通信研究院、中国互联网协会，各相关单位：

当前，APP违规收集个人信息、过度索权、频繁骚扰、侵害用户权益等问题突出，群众反映强烈，社会关注度高。结合2019年信息通信行业行风建设暨纠风工作安排，我部决定组织开展APP侵害用户权益专项整治行动工作。",http://www.gov.cn/fuwu/2019-11/07/content_5449660.htm
工业和信息化部办公厅关于印发《电信和互联网行业提升网络数据安全保护能力专项行动方案》的通知,工业和信息化部,2019-07,政策规划,"数据泄露,数据安全,数字经济","各省、自治区、直辖市通信管理局，中国信息通信研究院、中国电子信息产业发展研究院、国家工业信息安全发展研究中心、中国电子技术标准化研究院、人民邮电报社、中国工业互联网研究院、中国互联网协会、中国通信标准化协会，中国电信集团有限公司、中国移动通信集团有限公司、中国联合网络通信集团有限公司、中国广播电视网络有限公司，有关互联网企业：

　　现将《电信和互联网行业提升网络数据安全保护能力专项行动方案》（工信厅网安﹝2019﹞42号）印发给你们，请认真抓好贯彻执行。",http://www.cac.gov.cn/2019-07/01/c_1124695822.htm
教育部办公厅关于印发《教育部机关及直属事业单位教育数据管理办法》的通知,教育部办公厅,2018-01,政策规划,"规范管理,互联互通,共享公开",为加强教育部机关及直属事业单位教育数据管理工作，推进各类教育数据的规范管理、互联互通和共享公开，确保数据安全，更好地服务教育改革发展，我部制定了《教育部机关及直属事业单位教育数据管理办法》，现印发给你们，请认真贯彻执行。,http://www.moe.gov.cn/srcsite/A03/s7050/201802/t20180211_327248.html
最高人民检察院发布 《检察机关办理侵犯公民个人信息案件指引》,中华人民共和国最高人民检察院,2018-11,法律法规,"公民个人信息,社会危险,公民个人信息",《检察机关办理侵犯公民个人信息案件指引》已经2018年8月24日最高人民检察院第十三届检察委员会第五次会议通过，现印发你们，供参考。,https://www.sohu.com/a/279535770_653604
气象局关于印发《风云气象卫星数据管理办法（试行）》的通知,中国气象局,2018-07,政策规划,"数据开放共享,推广应用",为加强和规范风云气象卫星数据管理，进一步推动开放共享和应用推广，更好支撑国家科技创新、经济社会发展和国家安全，按照《中华人民共和国气象法》相关规定，中国气象局制定了《风云气象卫星数据管理办法（试行）》，现印发给你们，请结合实际认真遵照执行。,http://www.gov.cn/gongbao/content/2018/content_5350059.htm
电信和互联网用户个人信息保护规定,工业和信息化部,2013-07,政策规划,"用户个人信息泄露,用户个人信息保护",《电信和互联网用户个人信息保护规定》已经2013年6月28日中华人民共和国工业和信息化部第2次部务会议审议通过，现予公布，自2013年9月1日起施行。,http://www.gov.cn/gongbao/content/2013/content_2473881.htm
规范互联网信息服务市场秩序若干规定,工业和信息化部,2011-12,政策规划,"用户个人信息,系统安全防护",《规范互联网信息服务市场秩序若干规定》已经2011年12月7日中华人民共和国工业和信息化部第22次部务会议审议通过，现予公布，自2012年3月15日起施行。,http://www.gov.cn/gongbao/content/2012/content_2161726.htm
贵州省大数据安全保障条例,贵州省大数据发展管理局,2019-12,政策规划,"大数据总体,动态安全",第一条 为了保障大数据安全和个人信息安全，明确大数据安全责任，促进大数据发展应用，根据《中华人民共和国网络安全法》和有关法律、法规的规定，结合本省实际，制定本条例。,http://amr.guizhou.gov.cn/zwgk/xxgkml/jcxxgk/zcfg/fg/201912/t20191202_17432776.html
《2021年中国数字经济发展白皮书》,中国信通院,2021-04,政策规划,"数字经济,实体经济",白皮书显示，2020年我国数字经济规模规模达到39.2万亿元，占GDP比重为38.6%，同比名义增长9.7%，数字经济在逆势中加速腾飞，有效支撑疫情防控和经济社会发展。,https://finance.sina.com.cn/tech/2021-04-28/doc-ikmyaawc2206821.shtml
《上海市数据条例》,上海市人民政府,2021-11,政策规划,"数据安全,公共数据,数据处理",第一条  为了保护自然人、法人和非法人组织与数据有关的权益，规范数据处理活动，促进数据依法有序自由流动，保障数据安全，加快数据要素市场培育，推动数字经济更好服务和融入新发展格局，根据《中华人民共和国数据安全法》《中华人民共和国个人信息保护法》等法律、行政法规，结合本市实际，制定本条例。,https://www.shanghai.gov.cn/nw12344/20211129/a1a38c3dfe8b4f8f8fcba5e79fbe9251.html
《个人信息出境安全评估办法（征求意见稿）》,国家互联网信息办公室,2019-06,政策规划,"网络空间主权,国家安全,社会公共利益",为保障个人信息安全，维护网络空间主权、国家安全、社会公共利益，保护公民、法人的合法权益，依据《中华人民共和国网络安全法》等法律法规，国家互联网信息办公室会同有关部门起草了《个人信息出境安全评估办法（征求意见稿）》，现向社会公开征求意见。,http://www.gov.cn/xinwen/2019-06/13/content_5399812.htm
《中华人民共和国银行业监督管理法》,全国人民代表大会常务委员会,2004-02,法律法规,"银行业风险,公开,公正,效率",第一条 为了加强对银行业的监督管理，规范监督管理行为，防范和化解银行业风险，保护存款人和其他客户的合法权益，促进银行业健康发展，制定本法。,https://www.maxlaw.cn/top/20190409/yhyjdglf.shtml
《广东省数字经济促进条例》,广东省人民代表大会常务委员会,2021-07,政策规划,"数字产业集群,数字经济",《广东省数字经济促进条例》已由广东省第十三届人民代表大会常务委员会第三十三次会议于2021年7月30日通过，现予公布，自2021年9月1日起施行。,https://www.waizi.org.cn/policy/121148.html
《“互联网+”人工智能3年行动实施方案》,"国家互联网信息办公室,中华人民共和国工业和信息化部,中华人民共和国科学技术部,中华人民共和国国家发展和改革委员会",2016-05,政策规划,"健康医疗,网络安全,社会治理",为落实《关于积极推进“互联网+”行动的指导意见》（国发[2015]40号），加快人工智能产业发展，国家发展改革委、科技部、工业和信息化部、中央网信办制定了《“互联网+”人工智能三年行动实施方案》。现印发你们，请认真贯彻落实。,https://www.sohu.com/a/76886238_131990
"《中国(上海)自由贸易试验区临港新片区
集聚发展人工智能产业若干措施》",中国（上海）自由贸易试验区临港新片区管理委员会,2019-10,政策规划,"智能芯片,产业促进,产教融合",为促进中国（上海）自由贸易试验区临港新片区（以下简称“临港新片区”）人工智能产业的集聚和发展，根据《中国（上海）自由贸易试验区临港新片区总体方案》（国发〔2019〕15号）、《中国（上海）自由贸易试验区临港新片区管理办法》（沪府令19号）和《关于促进中国（上海）自由贸易试验区临港新片区高质量发展实施特殊支持政策的若干意见》（沪委发〔2019〕20号）等文件精神，配套细化《中国（上海）自由贸易试验区临港新片区促进产业发展若干政策》（沪自贸临管经〔2019〕12号），特制定本政策。,http://news.21csp.com.cn/c23/202012/11401913.html
《促进新一代人工智能产业发展三年行动计划（2018-2020年）》,工业和信息化部,2017-12,政策规划,"智能网联汽车,智能服务机器人,智能无人机,医疗影像辅助诊断系统",为深入贯彻党的十九大精神，加快发展先进制造业，推动人工智能和实体经济深度融合，落实“中国制造2025”和《新一代人工智能发展规划》部署，工业和信息化部日前印发了《促进新一代人工智能产业发展三年行动计划（2018-2020年）》（以下简称《行动计划》），以信息技术与制造技术深度融合为主线，以新一代人工智能技术的产业化和集成应用为重点，推进人工智能和制造业深度融合，加快制造强国和网络强国建设。,https://www.miit.gov.cn/jgsj/kjs/jscx/gjsfz/art/2020/art_291b5e6bc13f415494e84a0e9eac78f1.html
《关于加快推进上海人工智能高质量发展的实施办法》,"市经济信息化委,市发展改革委,市科委,市人力资源社会保障局,市财政局",2018-09,政策规划,"数据开放与应用,产业协同,产业布局,政府引导",9月17日，2018世界人工智能大会上，上海发布《关于加快推进人工智能高质量发展的实施办法》（后续简称“办法”），“办法”包含22条人才建设、数据开放与应用、产业协同、产业布局、政府引导及投融服务的政策支持。,https://baijiahao.baidu.com/s?id=1611895347626338801
《关于推动新一代人工智能加快发展的实施意见》,福建省人民政府,2018-03,政策规划,"移动互联网,大数据,超级计算,传感网",随着移动互联网、大数据、超级计算、传感网等新一代信息技术的快速发展，基于深度学习的人工智能发展进入新阶段，有望成为新一轮科技革命的突破口和产业变革的核心驱动力。人工智能作为引领未来的颠覆性、战略性技术，成为国际竞争的新焦点和经济发展的新引擎。为加快我省新一代人工智能和实体经济深度融合，根据《国务院关于印发新一代人工智能发展规划的通知》（国发〔2017〕35号）精神，结合我省实际，提出以下实施意见。,http://news.21csp.com.cn/c23/201901/11377073.html
《关于本市推动新一代人工智能发展的实施意见》,上海市人民政府办公厅,2017-11,政策规划,"深度学习,跨界融合,人机协同,群智开放,自主操作",新一代人工智能正在深刻改变经济社会发展模式，呈现深度学习、跨界融合、人机协同、群智开放、自主操作的新特征。加快发展新一代人工智能，是顺应全球新一轮科技革命和产业变革趋势、赢得发展主动权的优先战略选择，是服务国家创新驱动发展战略、建设全球科技创新中心的优先布局方向。为贯彻落实国家《新一代人工智能发展规划》（国发〔2017〕35号），现就本市推动新一代人工智能发展提出以下实施意见,https://www.sohu.com/a/205826784_277595
《关于积极推进“互联网+”行动的指导意见》,中华人民共和国国务院,2015-07,政策规划,"网络安全,变革转型,公共服务平台",“互联网+”是把互联网的创新成果与经济社会各领域深度融合，推动技术进步、效率提升和组织变革，提升实体经济创新力和生产力，形成更广泛的以互联网为基础设施和创新要素的经济社会发展新形态。在全球新一轮科技革命和产业变革中，互联网与各领域的融合发展具有广阔前景和无限潜力，已成为不可阻挡的时代潮流，正对各国经济社会发展产生着战略性和全局性的影响。积极发挥我国互联网已经形成的比较优势，把握机遇，增强信心，加快推进“互联网+”发展，有利于重塑创新体系、激发创新活力、培育新兴业态和创新公共服务模式，对打造大众创业、万众创新和增加公共产品、公共服务“双引擎”，主动适应和引领经济发展新常态，形成经济发展新动能，实现中国经济提质增效升级具有重要意义。,http://www.gov.cn/zhengce/content/2015-07/04/content_10002.htm
《北京市人工智能产业发展白皮书（2018 )》,北京市经济和信息化委员会,2018-07,政策规划,"大数据,算法,计算能力",6月30日，北京市经济和信息化委员会发布了《北京人工智能产业发展白皮书（2018）》。该《白皮书》经过相关单位的调研和讨论，首次摸清了北京人工智能产业的底数。,https://www.sciping.com/10935.html
《北京市加快科技创新培育人工智能产业的指导意见》,中关村人工智能科技园,2017-12,政策规划,"人工智能,脑科学,大数据,云计算",为深入贯彻落实国家关于发展新一代人工智能的决策部署，进一步提升本市新一代人工智能科技创新能力，促进人工智能深度应用，培育人工智能产业，推动构建高精尖经济结构，制定本指导意见。,http://www.zgc-aipark.com/index.php?a=show&c=index&catid=20&id=54&m=content
《天津市人工智能产业科技创新专项行动计划》,天津市人民政府办公厅,2018-01,政策规划,"智能制造,智能医疗与健康,智能计算芯片",推进人工智能科技创新，是抢抓新一轮科技革命和产业变革战略机遇，加快建设创新型国家和世界科技强国的必然要求。依据国家《新一代人工智能发展规划》(国发〔2017〕35号)和市委、市政府《关于大力发展智能科技产业推动智能经济发展建设智能社会的实施意见》等文件要求，制定本行动计划。实施期限为2018年至2020年，展望到2025年。,http://news.enorth.com.cn/system/2018/01/16/034398541.shtml
《天津市新一代人工智能产业发展三年行动计划(2018-2020 )》,天津市人民政府办公厅,2018-10,政策规划,"智能产品,智能制造,共享理念",人工智能作为新一轮科技革命和产业变革的制高点，已经成为推进供给侧结构性改革和高质量发展的新引擎，将引发经济结构重大变革，推动产业转型升级，实现生产力新跃升。为抢抓历史机遇、抢占产业优势，全力推动产业创新、加快打造“天津智港”，推进本市人工智能产业发展，提升人工智能社会化水平，根据国务院《新一代人工智能发展规划》（国发〔2017〕35号）、工业和信息化部《促进新一代人工智能产业发展三年行动计划（2018—2020年）》（工信部科〔2017〕315号）和《天津市加快推进智能科技产业发展总体行动计划》（津政办发〔2017〕112号），制定本行动计划。实施期限为2018年至2020年。,http://www.szzg.gov.cn/2019/szzg/zcfb/201902/t20190228_4775711.htm
《安徽省人工智能产业发展规划（2017-2025 )》,安徽省发展改革委,2017-08,政策规划,"数据开放,人机协同,群智开放,自主操控",经过60多年演进，在移动互联网、大数据、超级计算、传感网、脑科学等新理论新技术以及经济社会发展强烈需求的共同驱动下，人工智能加速发展，呈现出深度学习、跨界融合、人机协同、群智开放、自主操控等新特征。本规划中人工智能产业是指群体、团队、个人针对人工智能本身基础理论、技术、系统、平台以及基于人工智能技术的相关产品和服务的研发、生产、销售等一系列经济活动的集合。研究对象主要包括人工智能核心产业与机器人产业，以及人工智能与传统产业、社会建设结合产生的产品和服务（人工智能带动性产业)。,http://www.cbdio.com/BigData/2017-08/28/content_5586049.htm
《广东省新一代人工智能创新发展行动计划（2018-2020 )》,广东省科学技术厅,2018-10,政策规划,"智能无人系统,智慧物流,VR/AR/MR",为贯彻落实《广东省新一代人工智能发展规划》（粤府〔2018〕64 号），构筑广东人工智能创新发展新优势，推动新一代人工智能技术加速突破应用，加快建设国家科技产业创新中心，制定本行动计划。,https://www.sohu.com/a/258516032_747917
《广东省新一代人工智能发展规划》出台,广东省人民政府,2018-08,政策规划,"工业机器人,智能制造,智能物流",近日，广东省人民政府印发《广东省新一代人工智能发展规划》，提出了“三步走”的发展目标，到2020年，广东人工智能产业规模、技术创新能力和应用示范均处于国内领先水平，部分领域关键核心技术取得重大突破，一批具有地域特色的开放创新平台成为行业标杆，人工智能成为助推广东产业创新发展的重要引擎，形成广东经济新的增长点。到2025年，广东人工智能基础理论取得重大突破，部分技术与应用研究达到世界先进水平，开放创新平台成为引领人工智能发展的标杆，有力支撑广东建设国家科技产业创新中心。到2030年，人工智能基础层、技术层和应用层实现全链条重大突破，总体创新能力处于国际先进水平，聚集一批高水平人才队伍和创新创业团队，人工智能产业发展进入全球价值链高端环节，人工智能产业成为引领国家科技产业创新中心和粤港澳大湾区建设的重要引擎。,http://www.cbdio.com/BigData/2018-08/16/content_5800891.htm
《浙江省促进新一代人工智能发展行动计划（2019-2022年）》发布,浙江省经济和信息化厅,2019-02,政策规划,"大数据智能,跨媒体计算,群体智能",近日，浙江省印发了《浙江省促进新一代人工智能发展行动计划（2019-2022年）》的通知，该通知显示，未来浙江省将从包括技术、硬件、产品、应用、人才等各个方面来发展人工智能，争取到2022年，在关键领域、基础能力、企业培育、支撑体系等方面取得显著进步，成为全国领先的新一代人工智能核心技术引领区、产业发展示范区和创新发展新高地。,http://www.cbdio.com/BigData/2019-02/15/content_6017172.htm
《科技部关于支持北京建设国家新一代人工智能创新发展试验区的函》,中华人民共和国科学技术部,2019-02,政策规划,"高精尖产业,开源开放,产学研",《关于申请建设北京国家新一代人工智能创新发展试验区的函》（京政函〔2019〕11号）收悉。根据《国务院关于印发新一代人工智能发展规划的通知》（国发〔2017〕35号）的部署要求，经研究，现函复如下。,http://www.gov.cn/xinwen/2019-02/25/content_5368241.htm
《贵州省人民政府关于促进大数据云计算人工智能创新发展加快建设数字贵州的意见》,贵州省人民政府,2018-06,政策规划,"数字经济,数字治理,数字民生,数字设施",为深入贯彻落实党的十九大精神和习近平总书记在贵州省代表团重要讲话精神，大力推进大数据战略行动，加快建设国家大数据综合试验区，结合我省实际，提出以下意见。,https://szzg.gov.cn/2019/szzg/zcfb/201903/t20190315_4828953.htm
《辽宁省新一代人工智能发展规划》,辽宁省人民政府,2018-01,政策规划,"机器人,智能制造,大数据智能",为贯彻落实《国务院关于印发新一代人工智能发展规划的通知》（国发〔2017〕35号）精神，充分发挥人工智能对辽宁经济社会创新发展的引领作用，抢占科技制高点，构筑先发优势，加快科技强省建设步伐，推动辽宁老工业基地全面振兴发展，特制定本规划。,http://xkjs.neu.edu.cn/2020/0316/c2775a166008/pagem.htm
《黑龙江省人工智能产业三年专项行动计划（ 2018-2020 )》,黑龙江省人民政府办公厅,2018-02,政策规划,"创新驱动战略,智慧健康,智能交通",数据观微信小编获悉，为抢抓人工智能产业发展机遇，推动黑龙江省人工智能产业在优势重点领域取得突破，实现创新链、产业链、价值链多重延伸和协同发展，日前，《黑龙江省人工智能产业三年专项行动计划（2018-2020年）》（以下简称《计划》）正式出台。,https://www.163.com/dy/article/DCAAAMA20511A72B.html
上海市《关于进一步加快智慧城市建设的若干意见》,上海市人民政府,2020-02,政策规划,"智慧政府,智慧社会,数字经济",智慧城市是城市能级和核心竞争力的重要体现，是上海建设具有全球影响力的科技创新中心的重要载体。为进一步加快我市智慧城市建设，现提出如下意见。,http://www.szzg.gov.cn/2020/szzg/zcfb/202002/t20200212_5193879.htm
上海市促进人工智能产业发展条例,上海市人民代表大会常务委员会,2022-10,政策规划,"城市治理,机器模拟,数据共享",《上海市促进人工智能产业发展条例》已由上海市第十五届人民代表大会常务委员会第四十四次会议于2022年9月22日通过，现予公布，自2022年10月1日起施行。,https://www.163.com/dy/article/HKP725FP05381FLN.html
"五部门关于印发《虚拟现实与行业应用融合发展行动计划（2022—2026年）》的
通知","文化和旅游部,国家广播电视总局,工业和信息化部,教育部,国家体育总局",2022-10,政策规划,"三维化,虚实结合,安全可信",虚拟现实（含增强现实、混合现实）是新一代信息技术的重要前沿方向，是数字经济的重大前瞻领域，将深刻改变人类的生产生活方式，产业发展战略窗口期已然形成。为深入贯彻《中华人民共和国国民经济和社会发展第十四个五年规划和2035年远景目标纲要》相关部署，提升我国虚拟现实产业核心技术创新能力，激发产业服务体系创新活力，加快虚拟现实与行业应用融合发展，构建完善虚拟现实产业创新发展生态，制定本行动计划。,https://www.miit.gov.cn/zwgk/zcwj/wjfb/tz/art/2022/art_775aaa3f77264817a5b41421a8b2ce22.html
关于加快场景创新以人工智能高水平应用促进经济高质量发展的指导意见,中华人民共和国科学技术部,2022-08,政策规划,"无人配送,社区电商,数字餐厅",《指导意见》提出，鼓励在制造、农业、物流、金融、商务、家居等重点行业深入挖掘人工智能技术应用场景，促进智能经济高端高效发展。制造领域优先探索工业大脑、机器人协助制造、机器视觉工业检测、设备互联管理等智能场景。农业领域优先探索农机卫星导航自动驾驶作业、农业地理信息引擎、网约农机、橡胶树割胶、智能农场、产业链数字化管理、无人机植保、农业生产物联监测、农产品质量安全管控等智能场景。物流领域优先探索机器人分流分拣、物料搬运、智能立体仓储以及追溯终端等智能场景。金融领域优先探索大数据金融风控、企业智能征信、智能反欺诈等智能场景。商务领域优先探索多人在线协同会议、线上会展、盘点结算等智能场景。家居领域优先探索家庭智慧互联、建筑智能监测、产品在线设计等智能场景。消费领域积极探索无人货柜零售、无人超市、智慧导购等新兴场景。交通运输领域优先探索自动驾驶和智能航运技术在园区内运输、摆渡接驳、智能配送、货车编队行驶、港区集装箱运输、港区智能作业、船舶自主航行等方面的智能应用场景。,http://www.hbppa.org/?a=show&c=index&id=860
关于印发《中关村国家自主创新示范区人工智能产业培育行动计划（2017—2020年）》的通知,中关村科技园区管理委员会,2017-09,政策规划,"开放式创新平台,软硬件系统,智能安防",人工智能作为全球科技革命和产业变革的制高点，已经成为推动经济社会发展的新引擎。为贯彻落实《新一代人工智能发展规划》（国发〔2017〕35号）和《中关村国家自主创新示范区发展建设规划（2016-2020年）》（中示区组发〔2016〕1号），发挥中关村国家自主创新示范区（以下简称中关村示范区）引领示范作用，促进中关村人工智能产业加快发展，培育具有国际竞争力和技术主导权的人工智能产业集群，特制定本计划。,http://zgcgw.beijing.gov.cn/zgc/sjz/zwgk30/ghjh7/157610/index.html
吉林省人民政府关于落实新一代人工智能发展规划的实施意见,吉林省人民政府,2017-12,政策规划,"环境营造,伦理规划,知识产权保护","为贯彻落实《国务院关于印发新一代人工智能发展规划的通知》(国发〔2017〕35号)要求,抢抓人工智能发展的重大机遇,加快我省人工智能技术的研究开发,推动新一代人工智能与经济社会发展的深度融合,培育人工智能产业,破解经济相对欠发达地区产业转型升级的困境,发展新经济,催生新模式,引领吉林老工业基地全面振兴发展,特制定本实施意见。",https://www.yunxiaoduo.com/strategy/1215619999267233792
四川省人民政府关于印发四川省新一代人工智能发展实施方案的通知,四川省人民政府,2018-03,政策规划,"机器人运动仿真,机器人视觉,人机混合智能体",为深入贯彻落实《国务院关于印发新一代人工智能发展规划的通知》（国发〔2017〕35号）和省委十一届三次全会决策部署，加快我省新一代人工智能发展，抢占数字经济发展制高点，培育经济发展新动能，加快建成国家创新驱动发展先行省和创新型四川，特制定本方案。,http://szzg.gov.cn/2019/szzg/zcfb/201903/t20190314_4828659.htm
工业互联网产业大脑平台1.0及工业互联网大数据应用白皮书发布,中国电子信息产业发展研究院,2021-05,政策规划,"数据驱动,产业治理,创新服务基础设施体系",工业互联网产业大脑平台已接入100余家重点工业互联网平台数据，数据覆盖全国20余个省份，实时评估15余个重点行业及京津冀、长三角、粤港澳大湾区等重点地区工业互联网平台建设应用服务水平和产业带动能力。,https://www.thepaper.cn/newsDetail_forward_12571956
"教育部关于印发《高等学校人工智能
创新行动计划》的通知",中华人民共和国教育部,2018-04,政策规划,"教育强国,科技强国,智能社会",为落实《国务院关于印发新一代人工智能发展规划的通知》（国发〔2017〕35号），引导高等学校瞄准世界科技前沿，不断提高人工智能领域科技创新、人才培养和国际合作交流等能力，为我国新一代人工智能发展提供战略支撑，特制定《高等学校人工智能创新行动计划》，现印发给你们，请结合实际认真贯彻执行。,http://www.moe.gov.cn/srcsite/A16/s7062/201804/t20180410_332722.html
新一代人工智能发展规划,中华人民共和国国务院,2017-07,政策规划,"深度学习,跨界融合,人机协同,群智开放,自主操控",人工智能的迅速发展将深刻改变人类社会生活、改变世界。为抢抓人工智能发展的重大战略机遇，构筑我国人工智能发展的先发优势，加快建设创新型国家和世界科技强国，按照党中央、国务院部署要求，制定本规划。,http://www.gov.cn/zhengce/content/2017-07/20/content_5211996.htm
易华录数据湖&《天津市人工智能“七链”精准创新行动计划》,天津市科学技术委员会,2019-01,政策规划,"智能安防,大数据,先进通信,智能网联车,工业机器人",人工智能技术发展将深刻改变人类生活、改变世界，为在这一高技术领域抢占先机，加快部署和实施，2018年10月16日，天津市科学技术委员会向全社会发布《天津市人工智能“七链”精准创新行动计划》征求意见稿（以下简称“文件”）。,https://www.sohu.com/a/260457321_741799
江苏省经信委印发《江苏省新一代人工智能产业发展实施意见》,江苏省经济和信息化委员会,2018-05,政策规划,"制造强省,网络强省,自主决策",为贯彻国家《新一代人工智能发展规划》和工信部《促进新一代人工智能产业发展三年行动计划(2018-2020年)》，我委组织制订了《江苏省新一代人工智能产业发展实施意见》。现印发给你们，请结合实际认真贯彻落实。,http://www.ocn.com.cn/touzi/chanye/201806/cbiyu05095130.shtml
江西《关于加快推进人工智能和智能制造发展的若干措施》,江西省人民政府办公厅,2017-10,政策规划,"智能工厂,数字化车间,智能制造",中商情报网讯：日前，江西出台了《关于加快推进人工智能和智能制造发展的若干措施》。措施中提到，“十三五”期间，江西将重点打造10个人工智能和智能制造产业基地，支持打造南昌世界级VR中心、鹰潭全国物联网产业基地，并由省级财政对每个产业基地安排1000万元用于公共平台建设。,https://www.askci.com/news/chanye/20171013/104117109570.shtml
浙江省人民政府关于印发浙江省新一代人工智能发展规划的通知,浙江省人民政府,2017-12,政策规划,"大数据智能,跨媒体智能,混合增强智能,群体智能",为贯彻落实《国务院关于印发新一代人工智能发展规划的通知》（国发〔2017〕35号），加快人工智能技术攻关和深度应用，催生新兴产业，培育经济发展新动能，抢占发展制高点，促进全省经济社会智能化升级，特制定本规划。规划期限为2017—2022年，展望至2030年。,https://www.zj.gov.cn/art/2017/12/25/art_1229019364_55286.html
科技部关于支持建设新一代人工智能示范应用场景的通知,中华人民共和国科学技术部,2022-08,政策规划,"智慧农场,智能港口,智能诊疗",为加快推动人工智能应用，助力稳经济，培育新的经济增长点，根据国务院发布的《新一代人工智能发展规划》，按照科技部等六部门联合印发的《关于加快场景创新 以人工智能高水平应用促进经济高质量发展的指导意见》，现启动支持建设新一代人工智能示范应用场景工作。有关事项通知如下。,http://www.gov.cn/zhengce/zhengceku/2022-08/15/content_5705450.htm
《个人信息保护认证实施规则》发布,"国家互联网信息办公室,国家市场监督管理总局",2022-12,政策规划,"数据安全治理体系,数据跨境流动",近日，为贯彻落实《中华人民共和国个人信息保护法》有关规定，规范个人信息处理活动，促进个人信息合理利用，根据《中华人民共和国认证认可条例》，国家市场监督管理总局、国家互联网信息办公室决定实施个人信息保护认证，并发布《个人信息保护认证实施规则》(下称《实施规则》)，鼓励个人信息处理者通过认证方式提升个人信息保护能力。,https://mp.weixin.qq.com/s/bz2OlMatgclaVynQ-ila1w
《个人信息安全工程指南》新规解析及提示,安全内参,2022-11,政策规划,"自动化决策,个人信息处理,需求跟踪系统",根据2022年10月14日国家市场监督管理总局、国家标准化管理委员会发布的中华人民共和国国家标准公告（2022年第13号），全国信息安全标准化技术委员会归口的14项国家标准正式发布，其中包括推荐性国标GB/T 41817-2022《信息安全技术 个人信息安全工程指南》（简称“工程指南”）的正式版本。《工程指南》作为一项「实施类指南」，以标准的形式从制度层面出发将组织内各团队/部门间的工作配合方式作出协调和指导。同时，该标准在三年前信安标委发布的《工程指南（征求意见稿）》基础上，进一步贯彻落实了“个人信息安全措施与产品和服务同步规划、同步建设、同步使用”的理念。概言之，《工程指南》对于企业如何将现有法规和标准落实到具体的系统和软件的设计开发程序中给出了强实践意义的指引，企业在提升网络产品和服务的个人信息保护能力时应将该标准作为重要参考。,https://mp.weixin.qq.com/s/XLxHfaNUqqtjmMNo7Mlw9g
国务院关于印发促进大数据发展行动纲要的通知,中华人民共和国国务院,2015-08,政策规划,"大数据,物联网,智慧城市,云计算","大数据是以容量大、类型多、存取速度快、应用价值高为主要特征的数据集合，正快速发展为对数量巨大、来源分散、格式多样的数据进行采集、存储和关联分析，从中发现新知识、创造新价值、提升新能力的新一代信息技术和服务业态。
　　信息技术与经济社会的交汇融合引发了数据迅猛增长，数据已成为国家基础性战略资源，大数据正日益对全球生产、流通、分配、消费活动以及经济运行机制、社会生活方式和国家治理能力产生重要影响。目前，我国在大数据发展和应用方面已具备一定基础，拥有市场优势和发展潜力，但也存在政府数据开放共享不足、产业基础薄弱、缺乏顶层设计和统筹规划、法律法规建设滞后、创新应用领域不广等问题，亟待解决。为贯彻落实党中央、国务院决策部署，全面推进我国大数据发展和应用，加快建设数据强国，特制定本行动纲要。",http://www.gov.cn/zhengce/content/2015-09/05/content_10137.htm
广东省促进大数据发展行动计划（2016-2020年）,广东省人民政府办公厅,2016-04,政策规划,"大数据,文本挖掘,传感采集",为深入贯彻落实《国务院关于印发促进大数据发展行动纲要的通知》（国发〔2015〕50号），推动我省大数据发展与应用，加快建设数据强省，制定本行动计划。,http://www.winwayit.com.cn/news_view.aspx?Fid=t2:5:2&Id=603&TypeId=5
我国首个“深度伪造”技术监管政策发布,"国家互联网信息办公室,中华人民共和国工业和信息化部,中华人民共和国公安部",2022-12,政策规划,"生物识别信息,深度合成技术,数据安全",《互联网信息服务深度合成管理规定》已经2022年11月3日国家互联网信息办公室2022年第21次室务会议审议通过，并经工业和信息化部、公安部同意，现予公布，自2023年1月10日起施行。,https://mp.weixin.qq.com/s/kEfLS8mVDqaGhzPjSoxO8w
新兴科技伦理治理的问题及其对策,网易,2022-03,伦理规范,"人工智能,大数据,合成生物学",近年来，人工智能、大数据、合成生物学等新兴技术的迅猛发展引发了一系列的伦理争议，使传统科技治理模式因缺乏科技伦理的维度而难以应对，这就需要在科技治理中增加科技伦理的维度，由此形成了科技伦理治理的新概念，即以治理推动科技伦理和以伦理保障科技治理。本文以此为理论出发点，剖析当前科技伦理治理过程中存在的治理对象不明确、治理原则不统一、治理意识不强、治理机制不完善等实际问题。与之对应，从明确科技伦理治理的对象、凝练科技伦理治理的核心思想、提升科技伦理治理的意识、完善科技伦理治理的机制四个方面提出应对措施。,https://www.163.com/dy/article/H35A7RV50511B355.html
证监会发布《证券期货业数据安全管理与保护指引》等7项金融行业标准,中国证券管理委员会,2022-11,政策规划,"数据治理,数据通信成本,数据共享",近日，证监会发布《证券期货业机构内部接口 证券交易》《证券业登记结算核心术语》《证券期货业数据安全管理与保护指引》《证券期货业信息技术服务连续性管理指南》《场外通用传输接口》《证券公司客户信息交换规范》《证券经营机构投资者适当性管理 投资者评估数据要求》7项金融行业标准，自公布之日起施行。,https://mp.weixin.qq.com/s/FzJ_rubDp_sctq2ThzLv3g
《2020年政府工作报告》,成都市人民政府,2020-06,政策规划,"互联网＋医疗健康,工业互联网,数字化车间,智能工厂",6月10日，成都市人民政府办公厅印发了《2020年政府工作报告》目标任务责任分解方案的通知。其中在主要工作任务第38点提到，要“积极推动国家新一代人工智能创新发展试验区建设，由市科技局牵头。”第39点提到，要“加快发展区块链、5G（第五代移动通信技术）、8K、人工智能等产业，由市经信局牵头。”,http://www.cdsgsl.gov.cn/policy/00000027/00001966
《2020年数字福建工作要点》,福建省人民政府办公厅,2020-06,政策规划,"工业互联网,无人驾驶,智慧港口,远程医疗",6月4提，福建省人民政府办公厅印发了《2020年数字福建工作要点》。其中在第八点“实施一批数字产业化示范项目”中提到，要“实施人工智能应用示范。推广一批人工智能创新应用和产品，建成100项人工智能应用示范项目。加快高校人工智能专业建设，推进中小学人工智能进课堂。”同时在第九点“实施一批产业数字化示范项目”中提到，要“积极发展数字农业。探索运用人工智能技术开展农业种植养殖疾病疫情监测与防治。”此外在第十四点“突破一批信息化核心关键技术”中提到，要“加快人工智能创新平台建设。”,http://xy.fujian.gov.cn/67.news.detail.dhtml?news_id=10957
《中共中央关于制定国民经济和社会发展第十四个五年规划和二○三五年远景目标的建议》,中华人民共和国中央人民政府,2020-11,政策规划,"人工智能,量子信息,集成电路,生命健康,脑科学,生物育种,空天科技,深地深海",要把科技自立自强作为国家发展的战略支撑。在列举出的几大前沿科技中，人工智能、量子信息、集成电路被放在了前三位，在一定程度上说明了其重要性上的优先级。,http://www.gov.cn/zhengce/2020-11/03/content_5556991.htm
《全国人大常委会2020年度立法工作计划》,全国人民代表大会常务委员会,2020-06,政策规划,"工作信息化,智能化",6月29日，全国人大常委会通过了2020年度立法工作计划。其中提到要“加强立法理论研究。重视对人工智能、区块链、基因编辑等新技术新领域相关法律问题的研究。继续推动理论研究工作常态化、机制化，发挥科研机构、智库等‘外脑’作用，加强与有关方面的交流合作，抓紧形成高质量的研究成果。”,http://www.npc.gov.cn/npc/c30834/202006/b46fd4cbdbbb4b8faa9487da9e76e5f6.shtml
《关于加快中关村科学城人工智能创新引领发展的十五条措施》,北京市海淀区人民政府,2019-05,政策规划,"人工智能芯片,核心算法,操作系统,基础软件,智能传感器",一是强化原始创新和关键核心源头创新。鼓励高校院所、新型研发平台和顶尖科学家团队聚焦人工智能重大原创学术思想和理论开展研究。重点支持面向未来开展跨领域、跨学科、大协同的超前研究和创新攻关。重点支持基础核心技术和关键共性技术攻关，特别重大的项目可连续支持三年，最高支持3000万元。二是鼓励创新主体建设开源开放的创新平台，突出支持一批产业链协同创新平台、开源及共性技术平台和公共计算平台，特别重大的平台可连续支持三年，最高支持3000万元。三是大力推进“人工智能+”示范应用，重点围绕交通、医疗、金融、制造、教育等领域打造一批人工智能深度应用场景，通过示范应用进一步引导人工智能技术产业化落地，打造科技城市，构建新型城市形态。四是全面优化人工智能产业布局，打造高品质人工智能研发和产业创新集聚区。五是强化资本助力，鼓励早期投资、长期投资、分阶段连续投资和产业链组合投资，引导社会资本更加有耐心培育人工智能产业发展。六是大力引进、培育人工智能紧缺人才，建设人工智能高级人才培训学校，面向深度学习算法、体系架构、融合应用等领域开展培训。,http://www.bjhd.gov.cn/zfxxgk/auto10489_51767/zfwj_59273/zfwj/201906/t20190605_4325431.shtml
《关于加快鲁南经济圈一体化发展的指导意见》,山东省人民政府,2020-06,政策规划,"5G,人工智能,工业互联网,物联网",6月8日，山东省人民政府引发了《关于加快鲁南经济圈一体化发展的指导意见》。其在第一点“加快基础设施互联互通”中提到，要“打造‘数字鲁南’。布局建设5G、人工智能、工业互联网、物联网等新型基础设施。”同时在第三点“推进产业协同创新发展”中提到，要“打造区域创新共同体。推动4市在装备制造、生物医药、人工智能等领域开展协同创新，建设鲁南高铁沿线科技创新走廊。”,http://www.shandong.gov.cn/art/2020/6/8/art_107851_107405.html
《关于建立重点产业链链长制的实施意见》,九江市人民政府,2020-06,政策规划,"智慧港口,大数据,云计算,人工智能,5G,物联网",6月22日，九江市人民政府办公室印发了《关于建立重点产业链链长制的实施意见》。《意见》提出，要“积极发挥中国电信中部云计算大数据中心等项目的辐射和龙头效应，推进大数据、云计算、人工智能、5G和物联网等新经济新业态，引爆软件信息业和信息消费倍增扩张。”,http://zfb.jiujiang.gov.cn/zwgk/jc/szfbwj/202006/t20200622_4089104.html
《关于支持中关村科学城智能网联汽车产业创新引领发展的十五条措施》,北京市海淀区人民政府,2019-06,政策规划,"智能网联汽车,信息技术,人工智能,智能网联","一是围绕“汽车大脑”产业生态建设，大力夯实产业研发基础，提升技术创新高度，支持一批共性技术基础平台建设，支持一批智能网联汽车领域关键技术创新突破。
　　二是围绕“国际一流自动驾驶创新示范区”建设，打造功能齐全、特色突出的自动驾驶封闭测试场，营造智能网联汽车与智能交通全面融合的测试环境；构建技术先进、体系完备的开放测试区域，支持智能网联先进技术应用；加大创新企业孵化培育，对智能网联汽车专业孵化器、加速器给予支持，对初创企业开展自动驾驶相关测试给予补贴；提升示范区市场化运营能力，突出自动驾驶场景应用，对短途接驳、物流配送、智能清扫、智能公交等自动驾驶示范应用给予支持。
　　三是支持举办创新活动，打造国际创新新名片。对具有国际影响力和行业带动力的高端交流平台和自动驾驶汽车赛事活动予以支持，推动中关村科学城成为国际领先的智能网联汽车产业创新高地。",http://zyk.bjhd.gov.cn/zwdt/xxgk/zcjd/zcjd/201911/t20191122_4358014.shtml
《关于进一步加强工业行业安全生产管理的指导意见》,工业和信息化部,2020-06,政策规划,"互联网,大数据,物联网,人工智能",6月11日，工业和信息化部印发了《关于进一步加强工业行业安全生产管理的指导意见》。其中提到要“通过技术改造促进企业提升本质安全水平。 推动互联网、大数据、物联网、人工智能等技术在安全生产领域广泛应用，用智能化、信息化手段提升 企业本质 安全水平 及工控安全、数据安全 管理能力。”,http://www.gov.cn/zhengce/zhengceku/2020-06/12/content_5518852.htm
《国务院关于积极推进“互联网+”行动的指导意见》,中华人民共和国国务院,2015-07,政策规划,"云计算,物联网,智能工业机器人,增材制造",《指导意见》提出，要坚持开放共享、融合创新、变革转型、引领跨越、安全有序的基本原则，充分发挥我国互联网的规模优势和应用优势，坚持改革创新和市场需求导向，大力拓展互联网与经济社会各领域融合的广度和深度。到2018年，互联网与经济社会各领域的融合发展进一步深化，基于互联网的新业态成为新的经济增长动力，互联网支撑大众创业、万众创新的作用进一步增强，互联网成为提供公共服务的重要手段，网络经济与实体经济协同互动的发展格局基本形成。到2025年，“互联网＋”新经济形态初步形成，“互联网＋”成为我国经济社会创新发展的重要驱动力量。,http://www.gov.cn/zhengce/content/2015-07/04/content_10002.htm
《新一代人工智能发展规划》,中华人民共和国国务院,2017-07,政策规划,"深度学习,跨界融合,人机协同,群智开放,自主操控",《规划》明确了我国新一代人工智能发展的战略目标：到2020年，人工智能总体技术和应用与世界先进水平同步，人工智能产业成为新的重要经济增长点，人工智能技术应用成为改善民生的新途径；到2025年，人工智能基础理论实现重大突破，部分技术与应用达到世界领先水平，人工智能成为我国产业升级和经济转型的主要动力，智能社会建设取得积极进展；到2030年，人工智能理论、技术与应用总体达到世界领先水平，成为世界主要人工智能创新中心。,http://www.gov.cn/zhengce/content/2017-07/20/content_5211996.htm
《新型基础设施重大项目建设行动方案 （2020—2022年）》,重庆市人民政府,2020-06,政策规划,"智造重镇,智慧名城,智慧治理",6月19日，重庆市人民政府印发了《重庆市新型基础设施重大项目建设行动方案（2020—2022年）》的通知。其中在发展目标中强调，要“积极布局5G、数据中心、人工智能、物联网、工业互联网等新型基础设施建设。”同时在重点任务中提到，要“打造基于区块链、人工智能等新兴技术的安全可信新型基础设施生态环境；打造一批产业互联网平台、人工智能服务平台。”根据规划，人工智能公共服务平台将实施22个项目，投资额约284亿元。,http://www.gov.cn/xinwen/2020-06/20/content_5520763.htm
《济南国家新一代人工智能创新发展试验区建设若干政策》,济南市人民政府,2020-06,政策规划,"超级计算,量子计算,智能装备,智能医养",6月24日，济南市人民政府印发了《济南国家新一代人工智能创新发展试验区建设若干政策》的通知。若干政策包括“支持人工智能重点领域基础前沿研究和关键核心技术研发；支持建设人工智能领域研发平台；支持创新应用和应用场景开放；鼓励各类机构承接大科学计划和大科学工程；支持打造‘人工智能岛’和人工智能创新产业集聚区；加强人工智能企业的引进培育和产品推广应用；支持建设、引进人工智能重大科技创新平台、创新基地等基础设施；鼓励驻济高校院所开设人工智能相关专业、培养相关人才；提升人工智能金融服务能力与水平；帮扶人工智能中小微企业使用银行贷款；支持本市人工智能企业上市和按需实施并购重组；开展人工智能治理专项研究；以及支持举办各类活动。”,http://www.jinan.gov.cn/art/2020/6/24/art_27868_4498783.html
《淄博市支持数字经济发展的若干措施》,淄博市人民政府,2020-06,政策规划,"大数据,人工智能,物联网,工业互联网",6月19日，淄博市人民政府办公室印发了《淄博市支持数字经济发展的若干措施》的通知。其中在“大力培育数字经济新热点 ”中提到，“对运用大数据、人工智能、物联网、工业互联网等技术实施改造提升且被纳入典型示范的企业，按照技术改造投入总额给予50－100％补贴，每个企业补贴最高不超过300万元。”,http://www.zibo.gov.cn/gongkai/site_srmzfbgs/channel_shifubanwenjian/doc_5fb41f0753c26e59ac0db49b.html
《赣州市重点产业链链长制工作方案的通知》,赣州市人民政府,2020-06,政策规划,"新型网络,智能计算,信息安全",6月17日，赣州市人民政府办公室印发了《赣州市重点产业链链长制工作方案的通知》。其中在重点任务第三项“现代家具产业”中提到，要“运用 ‘区块链＋人工智能’技术，推广智能制造、区块链技术和个性化定制，构建智能家居供应链体系。”以及第六项“纺织服装产业”中提到，要“加强 ‘区块链＋人工智能’技术与产业的融合，鼓励发展区块链技术和个性化定制，积极引导企业走智能化、品牌化、高端化发展路线。”,https://www.ganzhou.gov.cn/zfxxgk/c100269/202006/a897e305a2f9433aa65cd4b9b1b8e747.shtml
《重庆市建设国家新一代人工智能创新发展试验区实施方案》,重庆市人民政府,2020-06,政策规划,"智能网联汽车,智能装备,仪器仪表,人工智能软件",6月22日，重庆市人民政府办公厅印发了《重庆市建设国家新一代人工智能创新发展试验区实施方案》的通知。《方案》提出总体目标，是“到2022年，人工智能新型基础设施保障体系和政策支撑体系基本建成，人工智能应用示范取得显著成效，人工智能技术创新和产业发展进入全国第一方阵。”具体涉及“基础理论和关键技术研究；产业培育；融合应用；机制体制改革”四方面。为实现这目标，要“实施人工智能技术创新行动，增强核心竞争力；实施人工智能基础支撑行动，强化服务保障能力；实施人工智能赋能提升行动，提升产业发展能级；实施人工智能融合应用行动，提升城乡智能化水平；以及实施人工智能政策优化工程，激发跨越发展动力。”,http://stdaily.com/index/kejixinwen/2020-06/22/content_960894.shtml
人工智能，更需“人工”治,科技日报,2020-11,政策规划,"自动导航,智能制造,智慧城市",近日，人脸识别成为售楼处标配的新闻上了热搜，将个人信息安全问题推上舆论的风口浪尖，乃至有人戏言要戴头盔看房。随着“人工智能”与生活深度融合，引导其有益于人类社会不仅要发展智能，更要用好“人工”。处理好人机关系，才能更好地享受人工智能的红利。,https://mp.weixin.qq.com/s/nuNsz2KEuUOMpyOb_BzTqQ
刷脸泛滥，人工智能需要处理伦理道德问题的能力吗？,新京报书评周刊,2021-03,伦理规范,"人脸识别系统,无人驾驶汽车,老年护理机器人",但在人工智能为我们的生活带来各种便利之余，人们也难免产生担忧和质疑：让人工智能来接管那些枯燥无聊、令人疲倦、有辱人格或者极其危险又工资低廉的工作真的能够造福社会吗？人工智能的研究与开发应在多大程度上受到监管？又应该由谁来监管？人们倾向于应该针对人工智能领域制定监管和道德规范，但尚未达成普遍共识的地方在于：是应该立即将重点放在能够解释人工智能系统推理过程的算法方面，还是关于数据的隐私方面，或是人工智能系统对恶意攻击的鲁棒性（指在异常和危险情况下系统生存的能力）方面，又或是关于人工智能系统的偏见以及关于超级智能潜在的风险方面？,https://mp.weixin.qq.com/s/hW9Xif0SN2LrykeitaOZZQ
北京市加快新型基础设施建设行动方案(2020-2022年),北京市人民政府,2020-06,政策规划,"高端分析仪器,电子测量仪器与云计算,大数据",6月10日，北京市印发了《加快新型基础设施建设行动方案（2020－2022年）》。其中在重点任务第一点“建设新型网络基础设施”的工业互联网建设中提到，要“推动人工智能、5G等新一代信息技术和机器人等高端装备与工业互联网融合应用。”同时在第二点“建设数据智能基础设施”的大数据平台建设中提到，要“支撑交通、教育、医疗、金融、能源、工业、电信以及城市运行等重点行业开展大数据及人工智能应用。”此外，在“人工智能基础设施”任务中，其还提到要“支持‘算力、算法、算量’基础设施建设；推进高端智能芯片及产品的研发与产业化；加强深度学习框架与算法平台的研发、开源与应用，发展人工智能操作系统；推动建设各重点行业人工智能数据集1000项以上。”,http://www.beijing.gov.cn/fuwu/lqfw/ztzl/xytxms/11/202006/t20200610_1921186.html
国务院关于印发《中国制造2025》的通知,中华人民共和国国务院,2015-05,政策规划,"三维（3D）打印,移动互联网,云计算,大数据,生物工程,新能源,新材料",《中国制造2025》由百余名院士专家着手制定，为中国制造业未来10年设计顶层规划和路线图，通过努力实现中国制造向中国创造、中国速度向中国质量、中国产品向中国品牌三大转变，推动中国到2025年基本实现工业化，迈入制造强国行列,http://www.gov.cn/zhengce/content/2015-05/19/content_9784.htm
宝鸡市：《2020年政府工作报告》,宝鸡市政府办公室,2020-06,政策规划,"智慧城市,智慧旅游,公共服务,智慧医保",6月15日，宝鸡市政府办公室印发了《2020年政府工作报告》。其中提到要“加速工业改造提升。大力发展数字经济，加快建设工业互联网平台，推动人工智能、物联网、区块链等技术对工业的数字化、智能化改造，培育一批智能制造示范企业。”,http://www.shaanxi.gov.cn/zfxxgk/zfgzbg/sqszfgzbg/202006/t20200615_1475606_wap.html
百度知识图谱技术及应用,DataFunTalk,2021-03,政策规划,"知识自学习,知识图谱问答,知识计算",知识图谱是让机器像人类一样理解客观世界的基石。本次报告首先简要介绍知识图谱在百度的位置及整体的发展概况。接下来从通用知识图谱和行业知识图谱两个分支重点介绍百度知识图谱技术及应用的最新进展，另外会介绍两个特殊的知识图谱——事件图谱和视频理解图谱。最后介绍百度知识图谱在技术和数据开放方面的工作。,https://mp.weixin.qq.com/s/z3cp4PaAsA2zGLlgfYAtTg
北京市数字经济促进条例,北京市人民代表大会常务委员会,2022-11,法律法规,"开放共享,数字化转型,安全保障","日前，北京市十五届人大常委会第四十五次会议表决通过《北京市数字经济促进条例》，2023年1月1日起施行。

针对数字经济发展的“三要素”，即数字基础设施、数据资源和信息技术，条例规定了信息网络基础设施、算力基础设施、新技术基础设施等的建设要求，规定了数据汇聚、利用、开放、交易等规则。针对数字经济发展的“两条路”，即数字产业化和产业数字化，条例规定了数字产业化的技术、产业方向和企业发展目标，列举了数字化转型提升的产业领域及推动措施，还专章规定了具有北京特色的智慧城市建设，并对强化数字安全、弥合“信息鸿沟”等进行了制度设计。",http://www.bjrd.gov.cn/rdzl/dfxfgk/dfxfg/202211/t20221128_2867577.html
国家人权行动计划（2021－2025年）,中华人民共和国国务院新闻办公室,2021-09,政策规划,"智慧医疗,公共文化服务,公共数字文化建设",自2009年以来，中国先后制定实施了三期国家人权行动计划，人民的生活水平持续提升，各项权利得到更加切实保障，保护特定群体权益的政策和法律措施更加完善，人权法治保障进一步加强，全面参与全球人权治理，为世界人权事业发展作出了重要贡献。,http://www.scio.gov.cn/37234/Document/1712231/1712231.htm
《人脸识别技术应用安全管理规定（试行）（征求意见稿）》,国家互联网信息办公室,2023-08,政策规划,"人脸识别,公共安全,安全策略",在中华人民共和国境内利用人脸识别技术处理人脸信息，提供人脸识别技术产品或者服务，应当遵守本规定。法律、行政法规另有规定的从其规定。,http://www.cac.gov.cn/2023-08/08/c_1693064670537413.htm
《北京市促进通用人工智能创新发展的若干措施 (2023-2025年)(征求意见稿)》,北京市人民政府办公厅,2023-05,政策规划,"大型视觉模型,多模态大模型,科学计算大模型",着力发挥本市算力资源优势，实施算力伙伴计划，通过与云厂商加强合作，加快归集现有算力，明确供给技术标准、软硬件服务要求、算力供给规模和支持措施，为创新主体提供多元化优质普惠算力，保障人工智能技术创新和产品研发算力需求。,https://www.beijing.gov.cn/zhengce/zhengcefagui/202305/t20230530_3116869.html
《成都市加快大模型创新应用推进人工智能产业高质量发展的若干措施》,成都市经信局市新经济委,2023-08,政策规划,"AI芯片,运动控制,操作系统",其中提出，推进算力产业自主可控。围绕“算力”“存力”“运力”等关键领域，大力发展芯片、服务器整机、液冷设备等高端硬件，聚力推动存储芯片产业发展，打造具有全球影响力的“存储谷”，支持鲲鹏、昇腾、海光等自主可控芯片部署应用，提高自主研发算力设备比例。加快操作系统、数据库等基础软件研发和本地规模化应用，促进应用软件与国产芯片协同发展。瞄准国产自主可控生态建设，加大与华为等链主企业合作力度，推进共育算力产业主体、共建算力生态孵化平台，打造算力“国产化建设试验地”。,https://cdjx.chengdu.gov.cn/cdsjxw/c160798/2023-08/04/content_ba168b8475ad4419ac6c7393012e2f5c.shtml
《成都市新一代人工智能产业发展规划（2022－2025）》,"成都市新经济发展委员会,成都市经济和信息化局,成都市发展和改革委员会,成都市科学技术局",2023-01,政策规划,"大数据,人工智能产业","“十三五””期间，通过市场主体培育、基础设施建设、创新资源集聚、示范应用推广等举措,成都人工智能产业蓬勃发展。2021年，全市共有人工智能企业 597 家，企业数量排名全国第 5;人工智能产业规模达 413.9 亿元，较 2020 年增长 107%。人工智能创新平台、创新机构加速涌现，数据资源、产业人才迅速集聚人工智能场景应用不断深入，营商环境持续优化，为成渝地区双城经济圈建设和成都平原经济区发展提供了良好的产业基础。",http://www.cbdio.com/BigData/2023-01/18/content_6171675.htm
中共中央 国务院印发《数字中国建设整体布局规划》,中共中央、国务院,2023-02,政策规划,"通用数据中心,超算中心,智能计算中心,边缘数据中心",《规划》指出，建设数字中国是数字时代推进中国式现代化的重要引擎，是构筑国家竞争新优势的有力支撑。加快数字中国建设，对全面建设社会主义现代化国家、全面推进中华民族伟大复兴具有重要意义和深远影响。,https://www.gov.cn/xinwen/2023-02/27/content_5743484.htm
全球影响力的人工智能创新策源地实施方案(2023－2025年)》的通知,北京市人民政府,2023-05,政策规划,"人工智能芯片,人工智能算力",坚持以习近平新时代中国特色社会主义思想为指导，全面贯彻落实党的二十大精神，深入贯彻习近平总书记对北京一系列重要讲话精神，加快实施创新驱动发展战略，加快推动高水平科技自立自强，坚持原创引领、问题导向、统筹布局、开放创新，充分发挥本市在人工智能领域的创新资源优势，持续提升全球影响力，进一步推动人工智能占先发展。,http://policy.mofcom.gov.cn/claw/clawContent.shtml?id=97483
公开征求对《关于加强端网协同助力5G消息规模发展的通知》（征求意见稿）的意见,工业和信息化部信息通信管理局,2023-07,政策规划,"5G,风险防范,电信网络诈骗","基础电信企业和手机生产企业在 5G 消息技术与产品创
新、业务融合和生态开放、网络与信息安全风险防范等方面，
积极探索适应市场需要的商业与技术合作模式，形成推动 5G
消息规模商用发展的工作合力。",https://www.miit.gov.cn/jgsj/xgj/gzdt/art/2023/art_cbc83c4a13634817bf30e9a6b8a10508.html
北京市人民政府关于印发《北京市加快建设具有全球影响力的人工智能创新策源地实施方案（2023-2025年）》的通知,北京市人民政府,2023-06,政策规划,"人工智能数学机理,大数据智能,多模态智能,决策智能,类脑智能,科学智能","坚持以习近平新时代中国特色社会主义思想为指导,全面贯彻落实党的二十大精神,深入贯彻习近平总书记对北京一系列重要讲话精神,加快实施创新驱动发展战略,加快推动高水平科技自立自强,坚持原创引领、问题导向、统筹布局、开放创新,充分发挥本市在人工智能领域的创新资源优势,持续提升全球影响力,进一步推动人工智能占先发展。",https://www.ncsti.gov.cn/zcfg/zcwj/202306/t20230601_122588.html
北京市通用人工智能产业创新伙伴计划,北京市经济和信息化局,2023-05,政策规划,"虚拟数字人,数字医疗,电商零售",以习近平新时代中国特色社会主义思想为指导，深入贯彻落实党的二十大精神，深刻把握人工智能技术演进趋势和创新发展规律，充分发挥本市人工智能领域的技术创新优势和产业资源优势，围绕人工智能大模型的开发迭代，以场景应用为牵引，集聚上下游伙伴，优化配置算力、数据和算法，加速大模型的行业应用落地，推动构建通用人工智能产业生态，打造数字经济发展新的突破点、引爆点和增长点。,https://www.beijing.gov.cn/zhengce/zhengcefagui/202305/t20230524_3111706.html
国家互联网信息办公室关于《生成式人工智能服务管理办法（征求意见稿）》公开征求意见的通知,国家互联网信息办公室,2023-04,政策规划,"内容生产,数据保护,隐私安全",为促进生成式人工智能健康发展和规范应用，根据《中华人民共和国网络安全法》《中华人民共和国数据安全法》《中华人民共和国个人信息保护法》等法律、行政法规，制定本办法。,https://mp.weixin.qq.com/s/2-qP6qc_8NigbP7djv2k0w
