标题,来源,发布时间,资讯类型,关键词,摘要,原文地址
160部法规难解决AI伦理问题，专家称面临终极准则难题,搜狐新闻,2021-06-04,新闻,"以人为本,外部安全,公平",人脸识别随处可见、自动驾驶事故频发、外卖骑手被困算法……随着技术突飞猛进，人工智能伦理问题逐渐显现。,https://www.sohu.com/a/470443600_161795
2021世界人工智能大会｜AI“成长的烦恼”无可避免 各界应携手积极面对,新民晚报,2021-07-07,新闻,"以人为本,公平,问责,透明,隐私","图说：2021世界人工智能大会 新民晚报记者 孙中钦 摄（下同）

人工智能自诞生以来，仅仅用了60多年，就已经能够识别物体、自动驾驶汽车、赢下围棋世界冠军……现在，这项技术的发展正以指数级增长，渗透人类生活的所有领域，回避已经不再可能。",https://baijiahao.baidu.com/s?id=1704620787862048246&wfr=spider&for=pc
2021世界人工智能大会｜伦理治理给人工智能更大创新空间,新民晚报,2021-07-10,新闻,"以人为本,公平,隐私","图说：薛澜与徐立在论坛上对话 新民晚报记者 孙中钦 摄

人工智能将带来哪些全新创新范式？人工智能的发展与治理存在怎样的关系？针对人工智能发展面临的诸多挑战性问题，清华大学苏世民书院教授、院长薛澜与商汤科技联合创始人、CEO徐立在“大爱无疆·共生” 论坛上展开对话。",https://baijiahao.baidu.com/s?id=1704880309583396611&wfr=spider&for=pc
2021中国城市数据治理工程白皮书,中国大数据产业观察,2021-08-23,新闻,"以人为本,内部安全,隐私",现代数字城市建设是推进国家治理体系和治理能力现代化的一个关键的行动。,http://www.cbdio.com/BigData/2021-08/23/content_6166412.htm
"AI 怎样促进城市可持续发展，城市发展又如何孕育 AI 技术 | 黄铁军,唐文斌,张博,曾毅,吴志强等大咖对话",健康界,2020-09-28,新闻,"以人为本,公平,问责",人工智能已成为新一轮产业变革的核心驱动力对世界经济、社会进步和人类生活产生深刻影响。,https://www.cn-healthcare.com/articlewm/20200927/content-1149276.html
AI伦理无法回避的5个问题：生物进化是否有方向？,网易,2017-04-18,新闻,公平,本文详细阐述了制定人工智能伦理需要回答的5个问题，提出“生物进化是否有方向“能否达成共识，将是未来制定人工智能（AI）伦理能否形成规范的关键。,https://www.163.com/tech/article/CIA5MG2I00098GJ5.html
AI副作用越来越明显，AI伦理委员会将成科技巨头标配？,百度,2019-09-16,新闻,"公平,隐私",科技公司或许很快会配备两个CEO：一个是Chief Executive Officer即首席执行官，另一个是Chief Ethical Officer即首席伦理官。,https://baijiahao.baidu.com/s?id=1643922573590093519&wfr=spider&for=pc
AI技术赋能 为城市治理提供新方向,今日头条,2020-11-26,新闻,"以人为本,外部安全,公平",新冠疫情的突袭为人类带来了巨大挑战，也为这些年智慧城市发展治理出了一道难题，在防控过程中暴露出了很多实际管控出现的问题，但此次疫情AI技术的赋能也为城市治理提供新方向。,https://www.toutiao.com/a6899258611776668172/?channel=&source=search_tab
AI治理论坛丨何积丰院士：可信人工智能,网易,2020-07-21,新闻,合作,非常高兴来参加人工智能治理会议，我想从技术和社会发展两个角度谈一下造成人工智能需要治理的原因是什么，在技术上、政策上有哪些东西还可以进一步加强。,https://www.163.com/dy/article/FI260ADF0511D98B.html
AI风雨兼程不忘责任在肩,新民晚报,2019-06-26,新闻,"以人为本,公平,问责,隐私","人工智能最近又成了热门话题：先是82岁的王德民院士AI修复旧照引起不小轰动；紧接着我国警方用AI一次找回4名走失10年的孩子……

　　18日的市政府新闻发布会上宣布，2019世界人工智能大会将于8月29日至31日在沪举行，设置“高端论坛、主题活动、应用展示和智能体验”四大模块。",http://xmwb.xinmin.cn/xmwbusa/html/2019-06/26/content_5_1.htm
GGAI 头条 | 新一代人工智能治理原则发布 发展负责任的人工智能,搜狐,2019-06-17,新闻,"以人为本,公平,问责",据中央广播电视总台中国之声《新闻晚高峰》报道，近年来，人工智能迅速发展，正在深刻改变人类社会生活、改变世界。,https://www.sohu.com/a/321267641_99914782
GitHub Copilot生成代码包含身份证号，B站CEO无端躺枪,量子位,2021-08-10,案例,"以人为本,内部安全,隐私","AI自动补全代码，结果补出来了一张别人的身份证？

GitHub Copilot又出神操作了。",https://www.qbitai.com/2021/08/27369.html
GitHub防黑客新措施：弃用账密验证Git操作，改用token或SSH密钥，14号0点已执行,量子位,2021-08-14,案例,"以人为本,内部安全,隐私","还在用账户+密码对GitHub上的Git操作进行身份验证？

赶紧整个token（令牌）或SSH密钥吧！

GitHub防黑客新措施：弃用账密验证Git操作，改用token或SSH密钥
8月14号0点（8月13日9:00 PST）开始，在GitHub上执行Git操作就会导致失败。",https://www.qbitai.com/2021/08/27586.html
"IBM,亚马逊限制人脸识别，中国企业和专家怎么看？",腾讯科技,2020-07-07,案例,以人为本,前不久，IBM首席执行官阿里德·克里希纳表示，将不会继续研发并向客户提供人脸识别分析软件。,https://tech.sina.com.cn/roll/2020-07-07/doc-iircuyvk2543600.shtml
Shanghai uses facial recognition to help catch drug offenders,AINEWS,2020-01-17,案例,"自主,隐私,内部安全",Facial recognition is being used in Shanghai to help catch individuals suspected of abusing pharmaceuticals.,https://artificialintelligence-news.com/2020/01/17/shanghai-uses-facial-recognition-to-help-catch-drug-offenders/
WAIC 2021 | 面向开放智能，蚂蚁集团揭秘隐私计算框架,机器之心,2021-08-03,案例,"以人为本,内部安全,隐私",最近一段时间，隐私计算成为了众多科技公司的研究方向，它或许将成为数据市场化的重要基础设施。,https://www.jiqizhixin.com/articles/2021-08-03-8
WAIC 2021隐私计算学术交流会 | 翼方健数张霖涛：隐私安全计算如何助力形成数据和计算互联网,机器之心,2021-08-02,案例,"以人为本,内部安全,隐私",在 2021 WAIC · 隐私计算学术交流会上，IEEE Fellow、翼方健数首席科学家张霖涛发表了主题演讲《隐私安全计算在IoDC上的应用》。,https://www.jiqizhixin.com/articles/2021-08-02-5
《AI参与中国疫情治理的实践》专题报告：政府和社会一体化合作治理模式正不断演化,百度知道,2021-04-27,新闻,以人为本,中国网4月27日讯（记者卫芸辉 吴亮）4月22日，由清华大学人工智能国际治理研究院（I-AIIG）主办的“走向智慧治理：人工智能治理中的政府、企业与公众”国际学术研讨会在京举行。,https://baijiahao.baidu.com/s?id=1698174219625092945&wfr=spider&for=pc
《关键信息基础设施安全保护条例》国务院政策吹风会实录,中国大数据产业观察,2021-08-25,新闻,"以人为本,外部安全,内部安全,隐私",8月24日，国务院新闻办公室举行国务院政策例行吹风会，国家互联网信息办公室副主任盛荣华、国家互联网信息办公室网络安全协调局局长孙蔚敏、工业和信息化部网络安全管理局局长隋静、公安部网络安全保卫局局长王瑛玮、司法部立法一局负责人张耀明介绍《关键信息基础设施安全保护条例》有关情况，并答记者问。,http://www.cbdio.com/BigData/2021-08/25/content_6166426.htm
一场隐私计算学术交流会，了解数据开放的技术发展之路,机器之心,2021-06-26,新闻,"以人为本,内部安全,隐私",2021 年世界人工智能大会（WAIC）将于 7 月 7 日 - 10 日在上海举办，本届大会继续秉持「智联世界」的理念，以「众智成城」为主题，促进全球人工智能创新思想、技术、应用、人才和资本的集聚和交流，推动全球科技的创新协同，助力打造人工智能世界级产业集群。,https://www.jiqizhixin.com/articles/2021-07-01-22
专家云集 共探新一代人工智能治理新路径,区域创新,2021-04-13,新闻,公平,国外有IBM沃森的医疗AI产品做出了错误诊断并开出不安全药物，国内有杭州动物园发生的“中国人脸识别第一案”……近年来，人工智能治理问题已经成为人工智能发展道路上不可忽视的关键问题。,http://www.stdaily.com/02/shanghai/2021-04/13/content_1112533.shtml
专家议报告｜深圳市人工智能与机器人研究院执行院长李世鹏：城市现代化治理需“以人为本” (baidu.com),百度知道,2021-05-07,新闻,"以人为本,隐私","深圳市人工智能与机器人研究院执行院长李世鹏：

城市现代化治理需“以人为本”

深圳市第七次党代会报告明确提出，深圳未来五年要基本实现城市治理体系和治理能力现代化；城市更宜居、更韧性、更智能，努力成为超大型城市现代化治理的典范。",https://baijiahao.baidu.com/s?id=1699065664900590799&wfr=spider&for=pc
专访李开复：人工智能规则需要求同存异,新浪科技,2019-01-24,新闻,以人为本,新一年的达沃斯论坛，人工智能依然是热门议题，一直关注人工智能的创新工场董事长兼CEO李开复，又在此领域添加了新的职务。,https://www.cnbeta.com/articles/tech/811867.htm
专访清华大学薛澜：社会治理应尽快进入人工智能敏捷治理阶段,澎湃新闻,2021-07-24,新闻,以人为本,“中国互联网产业和人工智能领域发展非常迅速，是中国经济发展的一大亮点，对中国未来高质量发展有非常重要的引领作用，我们要特别珍惜当前的大好局面。,https://www.thepaper.cn/newsDetail_forward_13511963
专访瑞莱智慧CEO田天：人工智能是新时代的“火”，益或害取决于手持火把的人,每日经济新闻,2021-08-06,新闻,"以人为本,公平,隐私","专访瑞莱智慧CEO田天：人工智能是新时代的“火”，益或害取决于手持火把的人
每日经济新闻2021-08-06 22:30:48
◎瑞莱智慧CEO田天认为，人工智能对社会带来的一些风险，其实恰恰是因为技术局限性或者先天缺陷。",http://www.nbd.com.cn/articles/2021-08-06/1867484.html
个人信息不是提款机,中国大数据产业观察,2021-08-13,新闻,"以人为本,隐私",近日，中央网信办公布了多部门深入推进摄像头偷窥等黑产集中治理工作的成果，督促各类平台清理相关违规有害信息2.2万余条，处置平台账号4000余个、群组132个，下架违规产品1600余件，并约谈了存在隐私视频信息泄露隐患的14家视频监控APP厂商，并督促其完成整改。,http://www.cbdio.com/BigData/2021-08/13/content_6166335.htm
中国社会科学院段伟文：人和机器要互相理解对方缺陷，协同进化,百度知道,2019-11-19,新闻,"以人为本,问责,隐私",编者按：本文来源于微信公众号“腾云”（ID：tenyun700），作者 段伟文，中国社会科学院科学技术和社会研究中心主任。,https://baijiahao.baidu.com/s?id=1650616482095069070&wfr=spider&for=pc
中科大教授陈小平：如何借助AI伦理建设，帮助AI“天才儿童”更好成长,亿欧,2019-04-22,新闻,以人为本,"5月25-26日,中国人工智能学会将在2019GAITC大会上举办“全球视野下的人工智能伦理”论坛，对于国内人工智能伦理的规范制定、规划进展等相关工作问题，亿欧采访到该论坛主席、中国人工智能学会人工智能伦理道德专委会主任、中国著名人工智能专家、中国科学技术大学机器人实验室主任陈小平教授来为我们解答。",https://baijiahao.baidu.com/s?id=1631522486803966706&wfr=spider&for=pc
为人工智能健康发展设置“安全阀”,新华网,2020-12-28,新闻,"以人为本,隐私",人工智能已不再是高大上的概念，而成为在生产生活的方方面面快速渗透的技术应用。,http://www.xinhuanet.com/tech/2020-12/28/c_1126914416.htm
"人工智能成为家长,老师的“间谍”？AI+教育需要伦理准则",今日头条,2019-11-19,新闻,以人为本,近来，一些听起来让人啼笑皆非的“高科技”狠狠赚了一笔家长的“智商税”。,https://www.toutiao.com/a6760934131644776968/?channel=&source=search_tab
人工智能治理研究必须“超前于实践”,人民资讯,2021-07-13,新闻,以人为本,人工智能技术正给人类社会治理带来全新的挑战。,https://baijiahao.baidu.com/s?id=1705136467862484154&wfr=spider&for=pc
人工智能的三大悖论,百度知道,2017-11-17,新闻,"以人为本,隐私","近年40来天人就工称智霸能世的界火， 爆又兴一起次，引特起别人是们最对近计A算lp与ha智G能o Z的e反ro思无与须追知问晓，人至类少围有棋三经个验问， 题自面我临博弈相
互矛盾的要求， 我称为人工智能的三大悖论。",https://www.baidu.com/link?url=MkX7R9ON36gR1rr9Ovscum9LTK6krDSaoEivBQBEXJu_Ll6P0xP-cRiozp9fnoV74yMkmGGsaIpA45PalZHbz1WhEsgajtabzHEIFFMZq3JULWjDVbZsIjK9EX3sPuwI&wd=&eqid=8e5611a7009cf39c0000000260fceaa1
人工智能迫切需要一个“伦理转向”,百度知道,2021-01-31,新闻,公平,"人工智能迫切需要一个“伦理转向”


上海市静安区市北高新企业AI体验馆。",https://baijiahao.baidu.com/s?id=1690396417792002989&wfr=spider&for=pc
人类更用心，AI不“偏心”,延边广播电视台,2021-06-10,新闻,公平,“人工智能很单纯，复杂的是人”——在探讨人工智能（AI）的公平性时，香港科技大学讲席教授、微众银行首席AI官杨强巧妙地化用了一句流行歌词。,https://baijiahao.baidu.com/s?id=1703897421514820770&wfr=spider&for=pc
人脸识别技术发展现状及未来发展趋势,imagination,2020-11-19,案例,"以人为本,有益,福祉","人脸识别技术发展现状及未来发展趋势
demi 在 周四, 11/19/2020 - 09:26 提交
人脸识别，通常也称人像识别、面部识别，是基于人的脸部特征信息进行身份识别的一种生物识别技术，主要用摄像机或摄像头采集含有人脸的图像或视频流，并自动在图像中检测和跟踪人脸，进而对检测到的人脸进行脸部的一系列相关技术。",http://imgtec.eetrend.com/blog/2020/100058929.html
人脸识别赋能高校现代化治理,思涵科技,2020-05-20,案例,以人为本,人脸识别技术，因为其数据采集方便、准确率高、实施成本低等优点，在人工智能技术中属于最早成熟化落地的技术。,http://www.think-height.com/rlsbfngxxdhzl
人脸识别走光引热议！原来后台能看到的不只有脸，网友已社死，审核辣哭眼,量子位,2021-07-06,案例,"以人为本,隐私","不要光着人脸识别！不要光着人脸识别！不要光着人脸识别！

如果你以为，App人脸识别验证，只是拍你的脸…

那现在最新的爆料可能要让有些盆友当场傻眼。",https://www.qbitai.com/2021/07/26040.html
从伦理到治理，什么是可信AI？,搜狐,2021-07-09,新闻,以人为本,人工智能是第四次工业革命的核心技术，有着巨大的发展潜力。,https://www.sohu.com/a/476509868_202972
伦理是技术的软实力：简单搜索与李彦宏“AI伦理原则”,光明网,2018-05-30,新闻,以人为本,前几天的贵阳“数博会”上，百度CEO李彦宏提到的“简单搜索”以其极简的风格、高度智能化的体验、尤其是不加搜索广告的承诺，引发关于AI时代搜索产品的讨论。,https://tech.gmw.cn/2018-05/30/content_29051585.htm
你对人工智能的信任有几分？“可信AI”究竟该如何发展？,人民资讯,2021-07-24,新闻,"以人为本,外部安全","你对人工智能(AI)的信任有几分？

当前，新一代人工智能技术在全球蓬勃兴起，从自动驾驶、医疗、工业到生产生活，人工智能技术向经济社会各领域加速渗透，展现出巨大的变革赋能潜力。",https://baijiahao.baidu.com/s?id=1706159859135054111&wfr=spider&for=pc
傅莹：人工智能治理与国际合作,网易,2021-06-29,新闻,"以人为本,隐私",作为一种有潜力改造人类社会面貌的泛在性技术，人工智能在科技、产业、军事、社会、伦理等领域被广泛讨论。,https://www.163.com/dy/article/GD7U64U3053720Q7.html
全国政协委员建言AI治理：设立人脸识别等敏感领域准入条件,南方都市报,2021-03-06,新闻,"以人为本,隐私","全国政协委员建言AI治理：设立人脸识别等敏感领域准入条件 
2021-03-06 15:53
南都讯 记者冯群星 全国政协十三届四次会议日前在京开幕。",https://www.sohu.com/a/454408647_161795
全国政协委员王先进谈人工智能治理：建议平衡创新发展与精准治理,齐鲁晚报齐鲁壹点,2021-03-08,新闻,"公平,隐私,内部安全",近年来，伴随着人工智能迅速发展，人工智能治理成为了社会各界广泛关注的重要议题。,https://baijiahao.baidu.com/s?id=1693655073272284787&wfr=spider&for=pc
关于2021年人工智能的4个发展预测,百度知道,2021-05-08,新闻,隐私,据业内专家预测，2021年及以后，人工智能领域将继续以有意义的方式进行大规模扩张和发展。,http://www.qianjia.com/html/2021-05/08_378244.html
创新治理两个轮子一定要协调推动,南都,2021-07-13,新闻,"以人为本,公平,隐私",7月9日，薛澜在2021世界人工智能大会法治论坛上演讲。,https://www.163.com/dy/article/GEP86GB705129QAF.html
加强平台监管促进数据安全管理,中国大数据产业观察,2021-08-10,新闻,"以人为本,隐私",目前，世界各国都把推进信息技术发展作为实现创新发展的重要手段。,http://www.cbdio.com/BigData/2021-08/10/content_6166305.htm
"加快发展人工智能，提升持续创新能力 ——中国工程院院士,北京大学教授高文专访",搜狐,2019-02-20,新闻,"以人为本,问责,隐私",AlphaGo战胜围棋世界冠军，机器人震后5秒写出新闻稿……人工智能正在越来越深刻地影响着自然科学、经济、社会发展。,https://www.sohu.com/a/295994768_654682
北大博士送了半年外卖，写出AI伦理论文登顶刊，“系统知道一切”,百度知道,2021-05-19,新闻,以人为本,外卖骑手，再次引发全网关注。,https://baijiahao.baidu.com/s?id=1699168289415555407&wfr=spider&for=pc
北大教授黄铁军：AI抗疫可兼顾精准防控和隐私保护,新京报,2020-06-21,新闻,以人为本,"AI技术在这次抗击新冠肺炎疫情中起到了哪些作用？疫情发生后，如何有效控制人员密集场所风险？

6月21日，由北京智源人工智能研究院主办的第二届北京智源大会在线上开幕，包括Alan Kay、Judea Pearl在内的5位图灵奖得主以及数十位人工智能重点领域顶尖专家通过视频相聚，共同探讨未来十年人工智能的发展走向，推动AI领域的国际交流合作，发挥AI（人工智能）抗疫作用。",https://baijiahao.baidu.com/s?id=1670121177065478556&wfr=spider&for=pc
医疗AI安全风险的伦理与法律保障机制研究,今日头条,2020-08-25,新闻,以人为本,"医疗AI安全风险的伦理与法律保障机制研究

摘 要: 人工智能（AI）正在迅速发展并应用到医学领域当中，给广大医务工作者和患者带来了新的机遇与希望。",https://www.toutiao.com/a6864847724743754243/?channel=&source=search_tab
半月谈丨AI时代，伦理探索要跟上,百度,2019-07-18,新闻,"公平,隐私,内部安全","2019年6月7日，在美国拉斯维加斯，全球人工智能会议“re：MARS”展示一款机器人
人工智能时代已到来，各类人工智能技术正被加速应用于人类日常生活和工作的方方面面。",https://baijiahao.baidu.com/s?id=1639358590781496178&wfr=spider&for=pc
印奇谈AI治理：人工智能企业要“躬身入局”,百度知道,2020-05-07,新闻,"以人为本,公平,隐私",2020年4月30日，上海市科学学研究所发布《全球人工智能治理年度观察2019》英文版（AI GOVERNANCE IN 2019: A YEAR IN REVIEW OBSERVATIONS OF 50 GLOBAL EXPERTS）人工智能治理报告。,https://baijiahao.baidu.com/s?id=1666002734733317827&wfr=spider&for=pc
即将来临的智能网联汽车时代,光明日报,2019-08-29,案例,以人为本,作为2019世界人工智能大会的重要组成部分，世界人工智能大会安全高端对话将于8月30日在上海世博中心举办。,http://www.cac.gov.cn/2019-08/29/c_1124936922.htm
变“被动服务”为“主动服务”，浦东AI助力城市新治理,劳动观察,2021-07-10,案例,以人为本,浦东打造“AI数字新生活、AI城市新治理、AI产业新经济”的“三新”应用场景。,https://www.51ldb.com/shsldb/2021sjrgzndhztbd/content/2b44e56e-d006-47f5-9bda-213ac077acb7.htm
史元春：走出AI伦理困境,今日头条,2019-12-25,新闻,"隐私,公平,外部安全",本次报告，首先介绍科学主义与人文主义的内涵与联系，讲解了人工智能伦理与安全的当下研究态势，然后详细介绍了研究团队在视觉障碍人群的智能人机交互领域的一系列研究工作。,https://www.toutiao.com/a6774306839967302156/?channel=&source=search_tab
"商汤AR自动驾驶导览小巴,美团城市低空配送网络，2021世界人工智能大会下月在沪召开",搜狐,2021-06-21,新闻,以人为本,商汤AR自动驾驶导览小巴、美团城市低空配送网络、优必选大型仿人服务机器人……7月8日至7月10日在沪召开的2021世界人工智能大会上，一系列前沿成果将首发首展。,https://www.sohu.com/a/473261338_119666
商汤科技刘志毅：在“双循环”发展格局下推动AI技术落地,亿欧,2020-09-21,新闻,隐私,9月15-17日，2020全球硬科技创新大会在西安高新国际会议中心隆重举行。,http://finance.eastmoney.com/a/202009211641747478.html
商汤科技田丰：AI工具没有善恶之分，伦理研究要提前做,央广网,2021-05-20,新闻,"以人为本,可持续性,隐私",央广网北京5月17日消息（记者 牛谷月）5月17日，由搜狐科技主办、央广网作为战略支持媒体参与的“2021搜狐科技5G&AI峰会”在北京开幕。,http://tech.cnr.cn/techph/20210517/t20210517_525488626.shtml
四家AI企业被央视315点名！大型“偷脸”事件曝光,腾讯,2021-03-16,案例,"掌控数据,隐私","智东西3月15日报道，人脸识别再度惹火上身！

一年一度的央视“3·15”晚会，向“信息安全”重拳出击，视频监控、网络简历、智能手机信息的数据盗用滥用事件通通被曝光。",https://new.qq.com/rain/a/20210316A01SDS00
国家新一代AI治理专委会委员：将伦理与治理嵌入AI全生命周期,澎湃新闻,2021-08-06,案例,"以人为本,隐私",“如果从人工智能发展的瓶颈和现状看，我们可以说现在的人工智能并不可信。,https://m.thepaper.cn/wifiKey_detail.jsp?contid=13919910&from=wifiKey#
"基因编辑,人工智能,自动驾驶……新技术遭遇伦理拷问，怎么破？",科技日报,2020-11-22,案例,以人为本,基因编辑、人工智能、脑机接口、自动驾驶……在现代科技快速迭代和社会应用不断创新的今天，技术和产业创新紧密结合，在推动社会发展的同时引发一系列伦理问题，冲击着人类传统的伦理观念。,http://www.gongke.info/?p=2401&lang=zh
大咖谈AI伦理，专家：要便利还是隐私，决策权应交给用户,南方都市报,2021-05-28,新闻,公平,人工智能技术的发展，带来了安全、隐私、伦理方面的新挑战，如何解决这些问题？行业大咖们怎么看？ 5月27日，在中国国际大数据产业博览会的人工智能高端对话论坛上，行业嘉宾就这些问题进行了探讨。,https://www.sohu.com/a/469144533_161795
如何防范AI作恶？专家解读人工智能伦理安全风险防范指引,今日头条,2021-01-19,新闻,"以人为本,外部安全,公平,隐私,问责",大数据杀熟、外卖骑手困在系统里、94岁老人被抬到银行做人脸识别……随着人工智能应用的快速普及，一系列伦理和安全问题浮出水面。,https://www.toutiao.com/a6919277800671150600/?channel=&source=search_tab
安全可靠吗？有法可依吗？前景广阔吗？——聚焦高度自动驾驶技术“落地”,新华网,2020-11-06,案例,以人为本,日前，国务院办公厅正式印发《新能源汽车产业发展规划（2021―2035年）》，提出到2025年，高度自动驾驶汽车实现限定区域和特定场景商业化应用；力争经过15年的持续努力，高度自动驾驶汽车实现规模化应用。,https://m.nbd.com.cn/articles/2020-11-06/1542087.html
对话京东技术委员会主席周伯文：AI技术还面临许多可信挑战,新浪科技,2021-07-12,新闻,"以人为本,公平,问责,隐私",“我认为人工智能下一步的发展，就是可信赖的AI。,https://baijiahao.baidu.com/s?id=1704905860167511701&wfr=spider&for=pc
"小米申请注册“米车”商标,华为自动驾驶技术全球首次公开试乘",百度,2021-04-16,案例,"掌控数据,外部安全","小米汽车名字定了？

1、华为自动驾驶技术全球首次公开试乘


报道，4月15日，配备华为自动驾驶技术的北汽新能源极狐阿尔法S的HI版车型，在上海进行公开试乘，这也是华为自动驾驶技术全球首次公开试乘。",https://mbd.baidu.com/newspage/data/landingsuper?context=%7B%22nid%22%3A%22news_9454387937976267524%22%7D&n_type=1&p_from=3
"张钹,高文,杨强同台论道“AI精度与隐私的博弈”",腾讯云,2020-06-29,案例,"以人为本,隐私","AI时代，大众是不是真的就没有隐私了呢？

以联邦学习为代表的新兴AI技术，能否实现AI协作，提升模型精度的同时实现数据隐私的保护。",https://cloud.tencent.com/developer/article/1652263
怀进鹏谈人工智能：科技越是高歌猛进，越应思考伦理风险问题,百度知道,2021-04-11,新闻,以人为本,4月10日，在中国人工智能学会主办的吴文俊人工智能科学技术奖十周年颁奖盛典上，中国科协党组书记、常务副主席、书记处第一书记怀进鹏表示，人工智能是国家战略必争领域。,https://baijiahao.baidu.com/s?id=1696725415330445681&wfr=spider&for=pc
探索与争鸣｜段伟文：控制的危机与人工智能的未来情境,澎湃新闻,2017-09-08,新闻,"以人为本,公平","一、控制的危机与控制的革命
人类进入现代以来，从社会到生产各个环节都出现了所谓的控制的危机。",https://www.thepaper.cn/newsDetail_forward_1788406
探索自动驾驶的伦理与责任问题,中国社会科学报,2021-02-23,新闻,"以人为本,外部安全",当前，自动驾驶发展迅猛，基于L3—L4级别自动驾驶技术的商用车及自动驾驶开放道路已渐成规模。,http://sscp.cssn.cn/xkpd/kxyrw/202102/t20210223_5313093.html
教育人工智能伦理风险如何消解,百度知道,2021-04-08,新闻,"以人为本,外部安全",人工智能正在成为国际竞争的新焦点，同时也为人类社会带来了新的发展机遇。,https://baijiahao.baidu.com/s?id=1696459273067642072&wfr=spider&for=pc
数字化未来 | 守好安全底线 为人工智能保驾护航,黑龙江工业和信息化厅,2021-06-21,新闻,"以人为本,外部安全","新一代人工智能正在全球范围内蓬勃兴起,为经济社会发展注入新动能，但人工智能技术如果运用不当，也会给公共安全、道德伦理、社会治理等带来威胁。",http://gxt.hlj.gov.cn/pages/ArticlePage.aspx?PID=1&NodeID=8&PNodeID=0&ArticleID=22592&PageID=0&Name=
数字法治丨曹建峰：人工智能迫切需要一个“伦理转向”,网易,2021-01-30,新闻,隐私,当前人工智能的发展主要受益于以深度学习为代表的机器学习技术，这让计算机可以从大量数据中自主学习与进化，从而作出比人类更高效、更精准、更廉价的预测与决策。,https://www.163.com/dy/article/G1K5QQT70514AGAB.html
数字经济学家刘志毅：人工智能时代，企业不能把责任推给机器人,中国科技新闻网,2020-12-14,新闻,"以人为本,隐私",中国科技新闻网12月13日讯 （那珊、赵芙瑶）13日，由中国科技新闻学会、湖南省科学技术协会、衡阳市人民政府联合主办，中国科技新闻网、大数据与科技传播专业委员会、衡阳市科学技术协会、衡阳高新技术开发区管委会联合承办的“2020年大数据科技传播与应用高峰论坛”在衡阳市举行。,https://baijiahao.baidu.com/s?id=1686039009286789274&wfr=spider&for=pc
数字经济学家刘志毅：创新人工智能应用场景及未来发展趋势,百度知道,2019-12-20,新闻,以人为本,12月20日，零壹财经·零壹智库主办的“2020数字科技年会暨零壹财经新金融年会”在北京盛大开幕，会议以“全面智能 深度链接”为主题，邀请了金融科技领域的专家学者及金融机构、顶级科技企业高管，共同挖掘人工智能、区块链等前沿科技的价值，探索金融科技未来机遇与挑战。,https://baijiahao.baidu.com/s?id=1653427814920963265&wfr=spider&for=pc
数据安全支撑数字经济高质量发展,中国大数据产业观察,2021-08-19,新闻,"以人为本,内部安全,隐私",备受关注的《中华人民共和国数据安全法》将于2021年9月1日起施行。,http://www.cbdio.com/BigData/2021-08/19/content_6166382.htm
新一代人工智能要实现发展与治理的平衡,百度知道,2021-04-13,新闻,问责,作为新一轮产业变革的重要驱动力，人工智能的快速发展给经济社会带来了很多变化，但是这项新的技术也带来了新的问题和挑战，其中人脸识别、数据隐私等问题成为人工智能发展遇到的最大争议。,https://baijiahao.baidu.com/s?id=1696852001279507726&wfr=spider&for=pc
新设人工智能治理工作组，上海试验区专委会副主任李仁涵：2020年将开展人工智能数据安全立法调研,每日经济新闻,2020-07-11,新闻,"以人为本,隐私","每经记者：朱玫洁 每经编辑：杨欢

人工智能蓬勃发展的同时，伴随的风险也被大量关注。",https://baijiahao.baidu.com/s?id=1671919627545616053&wfr=spider&for=pc
无人驾驶拖拉机走红，充电6小时耕地50亩，网友感慨：连种地都没机会了,腾讯,2021-03-26,案例,"以人为本,有益,福祉",长4.5米，宽2.4米，高2米，造型可爱，功能强大。,https://new.qq.com/rain/a/20210326A066QF00#p=1
旷视印奇谈人工智能治理：负责任的AI是可持续发展的AI｜WAIC 2020,百度知道,2020-07-11,新闻,"以人为本,公平,隐私",人工智能治理早已被提上日程，其中，企业的AI治理是不可缺少的一环，如果没有企业自身的切实推动，AI治理就无法落到实处。,https://baijiahao.baidu.com/s?id=1671890579194261831&wfr=spider&for=pc
旷视科技：人工智能治理——新时代的驭火之术,北京大学光华管理学院深圳分院,2020-10-02,案例,"以人为本,外部安全,公平",当前，我们已经在支付、通行、拍摄等多个场景体验到了人工智能技术给日常生活带来的便利和效率的提升，人工智能作为新一轮科技革命和产业变革的重要驱动性技术，正在重塑生产方式、优化产业结构、提升生产效率，推动着社会、经济各领域从数字化、网络化向智能化加速跃升。,https://www.mbachina.com/html/bdghszyjy/202010/258485.html
机器会取代人类吗？解局人工智能技术的伦理风险丨数据政治,今日头条,2020-10-20,新闻,以人为本,经济观察网 刘志毅/文 目前的人工智能技术发展，主要是以计算机为载体推动自动化技术的发展。,https://www.toutiao.com/a6885539399942177293/?channel=&source=search_tab
李仁涵：人工智能发展和装修行业的转型升级,搜狐,2019-10-14,新闻,以人为本,9月20-22日，由全联房地产商会主办，全联房地产商会全装修产业分会承办的2019第三届全装修产业领袖峰会暨内装工业化国际论坛，在刚刚申遗成功的浙江杭州良渚落下帷幕，活动吸引了来自商会领导、行业专家、地产企业、设计单位、施工单位、建材部品、家居家电品牌等内装产业链单位及行业媒体近500位嘉宾莅临。,https://www.sohu.com/a/346830817_657908
李仁涵：企业基于管理模式基础 依靠科技进步才可以真正转型,东方财富网,2019-09-02,新闻,以人为本,9月2-3日，第十一届中国房地产科学发展论坛在上海举行，活动主题为“数字化与未来居住”。,http://finance.eastmoney.com/a/201909021225455597.html
李仁涵：认识人工智能技术及其社会属性，迎接可能带来的颠覆性变化,网易,2021-03-25,新闻,以人为本,在重视AI技术驱动的同时，我们需要同样重视其社会属性，即人工智能治理的问题，主要涉到安全、隐私、透明、就业、公平、歧视等方面。,https://www.163.com/dy/article/G5V3HE9L0511D98B.html
李开复：AI将带来第四次工业革命，技术发展带来的社会问题不可回避,百度知道,2019-09-07,新闻,"以人为本,隐私",投中网讯，在今天举办的“2019中国发展高层论坛（China Development Forum）（简称中发高论坛)专题研讨会”上，创新工场董事长兼CEO李开复发表《 AI+时代：下一波创新浪潮》主题演讲。,https://baijiahao.baidu.com/s?id=1643932977507434008&wfr=spider&for=pc
李开复：AI治理，可“以子之矛攻己之盾”,百度知道,2019-04-25,新闻,以人为本,4月25日消息，创新工场董事长兼CEO李开复博士在受邀参加时代百大人物峰会时发表了以《Making A.I. Work for Humans（让AI造福人类）》主题演讲，探讨当今人工智能发展现状，分享了人工智能所带来的机遇与挑战。,https://baijiahao.baidu.com/s?id=1631760067319588809&wfr=spider&for=pc
构筑城市发展新引擎 打造数据安全与数据要素一体化治理解决方案,中国大数据产业观察,2021-08-27,新闻,"以人为本,内部安全,隐私",在数字时代，数据上升为新的生产要素，充分释放数据要素价值，发挥好数据在数字社会发展中的基础性和支撑性关键作用，是数字时代社会发展的必然规律，更是我国把握新发展阶段的内在要求、贯彻新发展理念的实践路径和构建新发展格局的关键支撑。,http://www.cbdio.com/BigData/2021-08/27/content_6166445.htm
梁正教授接受新华社《环球》杂志记者采访谈新兴技术治理难题,环球,2021-07-09,新闻,"以人为本,外部安全,隐私",科技对社会生活的作用力正不断增强。,http://aiig.tsinghua.edu.cn/info/1296/1282.htm
法律如何可能？——自动驾驶技术风险场景之法律透视,未来法治研究院,2019-12-08,新闻,以人为本,自动驾驶技术的融合带来了参与主体与行为主体多元化、因果链条的延长与责任界限的模糊等问题，形成了“没有马车夫的马车”与责任真空、人机共驾与掌控悖论、两难困境与编程迷局三大典型的自动驾驶技术风险场景。,http://lti.ruc.edu.cn/sy/xsgd/rgznyfz_/1ce9926a5c7045468b1aa3ca63647e0c.htm
深圳拟出台人工智能条例：市政府或需设立人工智能伦理委员会,南方都市报,2021-07-19,新闻,"以人为本,外部安全,公平",7月14日，深圳市人大常委会办公厅发布关于《深圳经济特区人工智能产业促进条例（草案）》（简称“《草案》”）公开征求意见的公告。,https://www.163.com/dy/article/GF9VHU1805129QAF.html
清华阿里RealAI推出AI对抗攻防基准平台，张钹院士解读AI安全治理三大痛点,智东西,2021-06-03,新闻,内部安全,智东西6月3日报道，在今日下午举行的2021北京智源大会“AI安全与产业治理”分论坛上，清华大学、阿里巴巴、瑞莱智慧RealAI联合发布业界首个基于深度学习模型的对抗攻防基准平台Adversarial Robustness Benchmark。,https://baijiahao.baidu.com/s?id=1701541264457355368&wfr=spider&for=pc
焦点丨新一代人工智能要实现发展与治理的平衡,中国经济时报,2021-04-14,新闻,"公平,隐私,内部安全",作为新一轮产业变革的重要驱动力，人工智能的快速发展给经济社会带来了很多变化，但是这项新的技术也带来了新的问题和挑战，其中人脸识别、数据隐私等问题成为人工智能发展遇到的最大争议。,https://baijiahao.baidu.com/s?id=1696898748699703658&wfr=spider&for=pc
独家对话陈小平：人工智能会失控吗？,澎湃新闻,2019-09-25,新闻,"以人为本,外部安全,公平",近年来，伴随人工智能在各领域的应用不断向前推进，社会对之的看法呈现出两极分化的态势：一方面，人们享受着人工智能发展带来的种种便利；另一方面，又有很多人对未来人工智能可能造成的威胁感到深深困扰。,https://www.sohu.com/a/343317493_260616
"相关草案对敏感信息,“大数据杀熟”等作出规范——给个人信息上把安全锁",中国大数据产业观察,2021-08-18,案例,"以人为本,内部安全,隐私",个人信息保护法草案立足于维护广大人民群众的网络空间合法权益，对利用个人信息进行自动化决策作出有针对性规范，不仅明确了企业、平台等个人信息处理者的行为边界，而且赋予个人更加充分的权利保障，同时制定了侵害个人信息权益造成损害的赔偿规则。,http://www.cbdio.com/BigData/2021-08/18/content_6166377.htm
科大讯飞博鳌发声：后疫情时代，人工智能从黑科技变为刚需,澎湃新闻,2021-04-25,新闻,以人为本,4月21日，为期4天的博鳌亚洲论坛2021年年会在博鳌海滨落下帷幕。,https://www.thepaper.cn/newsDetail_forward_12381128
科技世代与人类未来丨人工智能时代的伦理智慧,百度知道,2021-03-04,新闻,"以人为本,公平",科技世代与人类未来”论坛第七期首次尝试书评形式推出，以段伟文研究员的《信息文明的伦理基础》新书为对象展开分析评论。,https://baijiahao.baidu.com/s?id=1693288079303375567&wfr=spider&for=pc
筑牢个人信息保护防线,中国大数据产业观察,2021-08-26,新闻,"以人为本,内部安全,隐私",数字化时代，个人信息保护终于有法可依。,http://www.cbdio.com/BigData/2021-08/26/content_6166436.htm
统筹治理大数据与人工智能,新华网,2019-01-24,新闻,"隐私,内部安全",当前，大数据、人工智能的发展速度已经远远超过人们的预期。,http://cx.xinhuanet.com/2019-01/24/c_137770017.htm
聚焦AI治理｜清华大学教授薛澜：AI需要“敏捷治理”,澎湃新闻,2021-06-17,新闻,"以人为本,公平,隐私",薛澜12月18日，清华大学人工智能国际治理研究院院长薛澜在首届清华大学人工智能合作与治理国际论坛就人工智能国际治理的多维透视议题发表主旨演讲。,https://baijiahao.baidu.com/s?id=1686400263641561412&wfr=spider&for=pc
聚焦AI治理｜邱勇：大学对塑造AI价值伦理有不可替代作用,澎湃新闻,2020-12-18,新闻,"教育,合作,透明",“大学要积极推进大跨度的学科交叉融合，积极推进大范围的学术界与产业界的融合，让人工智能更加安全、可信与可靠，不断提升人工智能可解释性和透明性，努力在基础理论和基本方法上进行源头性、颠覆性创新。,https://www.thepaper.cn/newsDetail_forward_10443989
脑机接口走向现实，11张PPT看懂中国脑机接口产业现状,量子位,2021-08-10,案例,"以人为本,合作,共享","脑机接口到底是商业噱头？还是重大突破？

这个东西大公司才能搞？普通人和小公司还有没有机会？

图片

想知道答案，快跟着看一下这份《脑机接口深度产业分析报告（精华版）》。",https://www.qbitai.com/2021/08/27535.html
自动驾驶技术云集 2021上海人工智能大会抢先看,有车智联,2021-07-07,案例,以人为本,7月7日，2021年世界人工智能大会（WAIC）在上海举行，作为AI行业发展风向标，国内外300余家AI头部企业携旗下创新力作齐聚上海世博展览馆，演绎一场空间绝后的线下AI创新智能秀。,https://news.yiche.com/hao/wenzhang/48895230/
"自动驾驶车祸谁买单,如何防人脸造假？AI治理话题引热议",新浪财经,2020-07-10,新闻,"以人为本,问责","来源：一财网

“如果算法出错，应该由谁埋单？无人驾驶汽车领域显然无法逃避这一问题，但除此之外还有其他诸多领域也同样如此。",https://baijiahao.baidu.com/s?id=1671827465582099492&wfr=spider&for=pc
"自动驾驶车祸谁埋单,如何防人脸造假？AI治理话题引热议",第一财经,2020-07-10,案例,"以人为本,外部安全,隐私","全球以及我国人工智能治理现状如何？
“如果算法出错，应该由谁埋单？无人驾驶汽车领域显然无法逃避这一问题，但除此之外还有其他诸多领域也同样如此。",https://www.yicai.com/news/100695830.html
苹果回应“远程扫描用户相册”：声明被广泛误解，未设后门，功能仅美国可用,量子位,2021-08-14,案例,"以人为本,内部安全,隐私",“iOS 15将远程扫描用户相册，以检测儿童色情图片。,https://www.qbitai.com/2021/08/27583.html
薛澜：AI治理不能是猫鼠游戏,全球化智库CCG,2021-06-16,新闻,"以人为本,隐私",“人工智能（AI）让人类与技术的关系发生了变化。,https://www.163.com/dy/article/GCL3BHA00519PJJ6.html
薛澜：我国人工智能已进入集中治理阶段，未来应走向敏捷治理,南都,2021-07-09,新闻,"以人为本,公平,隐私",7月8日，2021世界人工智能大会在上海世博中心开幕。,https://www.sohu.com/a/476565639_161795
观点丨薛澜：人工智能治理跟不上，就会制约发展,百度知道,2021-07-09,新闻,"以人为本,公平,隐私",何防止人脸识别滥用？自动驾驶如果出车祸了谁埋单？尽管目前人工智能（AI）技术还远未达到像《银翼杀手》《西部世界》等影视作品中的水平，但AI技术在带来便利的同时，也存在各种新的风险，如何协调人工智能发展与治理的关系显得尤为迫切。,https://baijiahao.baidu.com/s?id=1706029363270863204&wfr=spider&for=pc
解读《关键信息基础设施安全保护条例》,中国大数据产业观察,2021-08-19,新闻,"以人为本,内部安全,隐私",2021年7月30日，国务院总理李克强签署第745号国务院令，公布《关键信息基础设施安全保护条例》（以下简称《条例》），自2021年9月1日起施行。,http://www.cbdio.com/BigData/2021-08/19/content_6166387.htm
这事儿该着急了！AI伦理和法律研究刻不容缓,今日头条,2019-03-27,新闻,以人为本,人工智能(AI)正像水电煤气一样渗透到我们生产生活的方方面面，未来几乎没有不被人工智能改变的行业。,https://www.toutiao.com/a6673072762237485582/?channel=&source=search_tab
远程扫描iPhone相册？苹果的好心网友不领情,量子位,2021-08-06,案例,"以人为本,内部安全,隐私",苹果即将推出的新功能可扫描用户所有照片。,https://www.qbitai.com/2021/08/27243.html
重庆百架无人机表演失控撞楼，散落地上和江面，知情者：主机死机,百度,2021-01-26,案例,外部安全,1月25日，重庆朝天门，数百架无人机在表演时突然撞向大楼，致约百架无人机坠落。,https://baijiahao.baidu.com/s?id=1689938596987687133&wfr=spider&for=pc
阿里研发AI黑科技可让黄赌毒视频无处藏,机器之心,2021-04-15,新闻,"有益,可审核,验证",阿里安全图灵实验室就发布了一项关于社会文化的最新技术研究，这是一种新型视频描述生成技术SGR，可用于视频内容安全和视频检索等场景，助力建设互联网清朗环境。,https://www.jiqizhixin.com/articles/2021-04-15-6
陈小平丨人工智能中的“封闭性”研究为什么重要？,澎湃新闻,2020-03-04,新闻,隐私,"文 / 陈小平
（中国科学技术大学计算机科学与技术学院）
首先想请您谈谈今年在人工智能领域投入精力最大的研究是什么，以及为什么想去推动这项研究。",https://www.thepaper.cn/newsDetail_forward_6270379
"高文,张钹,杨强隔空论道：AI精度与隐私的博弈",搜狐,2020-06-28,新闻,隐私,"出品 | AI科技大本营（ID:rgznai100）

AI时代，如何保护大众的隐私？以联邦学习为代表的AI技术能否实现AI协作，提升模型精度的同时，实现数据隐私的保护？中国如何抢占人工智能安全发展的制高点？下一个十年，人工智能又将何去何从？

近日，在“2020北京智源大会”上，就上述AI发展所存在的问题，以下AI专家从不同角度进行了讨论。",https://www.sohu.com/a/404601400_99979179
龚克 人工智能发展应尽快达成全球共识,百度知道,2018-11-10,新闻,"以人为本,隐私",龚克中国新一代人工智能发展战略研究院执行院长，南开大学原校长。,https://baijiahao.baidu.com/s?id=1616682662629489134&wfr=spider&for=pc
龚克：世界智能大会突出企业家主角地位 感受“AI与爱”智能向善,百度知道,2020-06-24,新闻,以人为本,津云新闻讯：6月24日，第四届世界智能大会在津继续举行，世界工程组织联合会（WFEO）主席、中国新一代人工智能发展战略研究院执行院长龚克表示，大会亮点突出，取得了意想不到的效果，将对天津发展产生长远影响。,https://baijiahao.baidu.com/s?id=1670389178804588736&wfr=spider&for=pc
龚克：人工智能素养要倡导“以德为先”,光明网,2021-07-29,新闻,以人为本,“人工智能时代，人才是基础。,https://m.gmw.cn/baijia/2021-07/29/35038543.html
2017人工智能：技术、伦理与法律”研讨会在京召开,中国科学院,2017-04-18,新闻,以人为本,4月13日，由中国科学院科技战略咨询研究院和腾讯研究院共同主办的“2017人工智能：技术、伦理与法律”研讨会在战略咨询院举行。,http://www.cas.cn/yx/201704/t20170418_4597401.shtml
2017首届惠碧人工智能高峰论坛在美举行 聚焦AI接轨下的新零售时代,新华网,2017-07-21,新闻,以人为本,“人工智能真的能改善生活吗？”、“AI怎么解决商业痛点？”、“机器人的发展会威胁到人类生存吗？”日前，一场汇聚了国际顶尖计算机专家、企业家，探讨人工智能（AI）发展及商业机遇的高峰论坛——惠碧论坛在美国西雅图惠碧岛举行。,http://www.xinhuanet.com/tech/2017-07/21/c_1121356505.htm
2019世界人工智能大会，引领AI迈入“安全时代”,亿欧,2019-08-31,新闻,以人为本,"擎安全之帆，引未来之路，AI安全号角已经吹响！

u4ebfu6b27Logo
本文来自: WAIC组委会 题图来自“u539fu521bu56feu7247”

8月30日，2019世界人工智能安全高端对话在上海世博中心重磅开启。",https://www.iyiou.com/analysis/20190831111050
2019人工智能产业高峰论坛的内容,课课家,2019-07-01,新闻,以人为本,"加速AI场景落地 2019北京人工智能产业高峰论坛在京成功举办
人工智能是包括十分广泛的科学，它由不同的领域组成，如机器学习，计算机视觉等等，总的说来，人工智能研究的一个主要目标是使机器能够胜任一些通常需要人类智能才能完成的复杂工作。",http://www.kokojia.com/article/38847.html
2020中国网络诚信大会丨清华大学公共管理学院院长江小涓：先进技术完全可以有效管理诚信风险,百度,2020-12-07,新闻,透明,齐鲁网·闪电新闻12月7日讯网络既可以赋能诚信治理，也是诚信治理的对象。,https://baijiahao.baidu.com/s?id=1685419218563343498&wfr=spider&for=pc
25个国家和地区的大法官，在中国研究这6个问题，发布了1个宣言,网易,2020-01-20,新闻,以人为本,2019年12月5日，25个国家和地区的最高法院首席大法官、大法官、专家学者以及互联网企业代表，会聚浙江乌镇，参加中华人民共和国最高人民法院举办的首次世界互联网法治论坛。,https://www.163.com/dy/article/EVOMIIEC0514BT5U.html
AI-108将 | 商汤杨帆：人工智能时代，做工程比做科学家更吃香,搜狐,2018-08-04,新闻,以人为本,这里是《AI108将》第五期。,https://www.sohu.com/a/245249025_160850
CCAI 2020 | 史元春：走出AI伦理困境「演讲回顾」,CSDN,2020-08-13,新闻,以人为本,2020年中国人工智能大会（Chinese Congress on Artificial Intelligence 2020，简称“CCAI 2020”）将于8月29日-30日在南京召开。,https://blog.csdn.net/weixin_42137700/article/details/107962690
CCAI 2020 | 戴琼海：人工智能与脑科学相辅相成，共同发展,搜狐,2020-08-02,新闻,以人为本,2020年中国人工智能大会（Chinese Congress on Artificial Intelligence 2020，简称“CCAI 2020”）将于8月29日-30日在南京召开。,https://www.163.com/dy/article/FJ261R0M0511PEBT.html
CCCF专题丨信息无障碍中的智能交互技术,CCF,2020-03-12,新闻,以人为本,信息无障碍(information accessibility)是一个学科交叉的技术和应用领域，旨在用信息技术弥补残障人士生理和认知能力的不足，让他们可以顺畅地与他人、物理世界和信息设备进行交互。,https://www.ccf.org.cn/Focus/2020-03-12/696637.shtml
CIIS2018演讲实录丨戴琼海：从脑科学到人工智能,搜狐,2018-12-10,新闻,以人为本,此次小编为大家整理的是来自中国工程院院士，清华大学教授戴琼海主题为《从脑科学到人工智能》的精彩演讲。,https://www.sohu.com/a/280869296_505819
GAITC 2020 演讲实录丨戴琼海：人工智能的几点思考,CSDN,2020-09-03,新闻,"以人为本,公平,隐私",7月25日-26日，在中国科学技术协会、中国科学院、中国工程院、浙江省人民政府、杭州市人民政府、浙江省人工智能发展专家委员会指导下，由中国人工智能学会、杭州市余杭区人民政府主办，浙江杭州未来科技城管理委员会承办的2020全球人工智能技术大会在“数字之都”——杭州，成功举办。,https://blog.csdn.net/weixin_42137700/article/details/108380634
GAITC 2020丨第二届全球视野下的人工智能伦理论坛成功举办,网易,2020-08-07,新闻,以人为本,2020全球人工智能技术大会专题论坛——第二届全球视野下的人工智能伦理论坛于2020年7月25日线上举行。,https://www.163.com/dy/article/FJENFQFU0511PEBT.html
IBM推出检测种族和性别歧视AI，曾有算法给黑人帖未来罪犯标签,百度,2018-09-20,新闻,"以人为本,公平",傲慢让别人无法来爱我，偏见让我无法去爱别人。,https://baijiahao.baidu.com/s?id=1612099881152912259&wfr=spider&for=pc
NSR专访曾毅：推进人工智能的善治,中国科学杂志社,2021-02-03,新闻,以人为本,近年来，人工智能迅速发展，应用范围从自动驾驶、智能制造逐渐延伸到个人医疗和基于算法的社交媒体应用领域。,https://new.qq.com/omn/20210203/20210203A0C0OS00.html
Right Now | 听姚期智先生“求解人工智能的中国答案”,品略,2020-05-23,新闻,以人为本,5月23日（今天）下午4点，图灵奖得主、中国科学院院士、清华大学交叉信息研究院院长姚期智先生，将做客人民日报客户端《大咖有话》，“求解人工智能的中国答案”。,https://www.pinlue.com/article/2019/05/2316/479019376101.html
“人工智能”的法治尺度,民主与法制时报,2019-09-10,新闻,以人为本,人工智能是引领新一轮科技革命和产业变革的颠覆性技术，但它在为人类创造福祉的同时，也催生了多种全新风险。,http://www.mzyfz.com/cms/benwangzhuanfang/xinwenzhongxin/zuixinbaodao/html/1040/2019-09-10/content-1404961.html
【11届电子政务高峰论坛】孟庆国：智慧城市助力社会管理创新,搜狐,2017-06-14,新闻,以人为本,2017年6月11日，由CIO时代学院与光明网联合主办，中国新一代IT产业推进联盟指导，北大软件工程研究中心、北达软、政府采购信息报社协办，CIO时代APP承办的“第十一届中国电子政务高峰论坛暨2017中国新型智慧城市创新50强授牌”在京隆重举行，清华大学国家治理研究院执行院长/公共管理学院教授、清华大学电子政务实验室主任孟庆国在活动上发表了题为《智慧城市助力社会管理创新》的主题演讲。,https://www.sohu.com/a/148856454_120672
一场文体与AI界的巅峰对话：“国际盛会，中国智慧”,搜狐,2021-07-13,新闻,以人为本,在我国“十四五”期间的重大标志性活动- 2022 年北京冬奥会、冬残奥会召开前夕，探讨重大国际赛事中 AI 的赋能空间具有着现实价值和时代意义。,https://www.sohu.com/a/477205351_121132664
专家解读 | 孟庆国：数据治理助力乡村振兴,新浪,2021-03-11,新闻,以人为本,本文从乡村数字化、乡村数字治理等角度，特邀请伏羲智库联合发起人、清华大学公共管理学院孟庆国教授进行解读。,https://weibo.com/ttarticle/p/show?id=2309404613496594890947#_loginLayer_1630372105840
世界经济论坛：AI行业存在严重的性别失衡,chinaz,2018-12-18,新闻,"以人为本,公平",腾讯科技讯12 月 18 日消息，据外媒报道，人工智能(AI)已经渗透到了技术领域，并可能颠覆从医疗保健、零售到运输的每一个行业。,https://www.chinaz.com/news/2018/1218/972169.shtml
世纪浪人：高科技引领新时代，人工智能打造4万亿商业蓝海,百度,2020-07-14,新闻,以人为本,2020世界人工智能大会云端峰会于7月9日在上海开幕。,https://baijiahao.baidu.com/s?id=1672182075056235033&wfr=spider&for=pc
中国人工智能学术生态成为智能科技产业发展重要支撑,环球网,2019-05-19,新闻,以人为本,新华社天津5月18日电(记者宋瑞、李鲲)18日举行的第三届世界智能大会闭幕式上，中国新一代人工智能发展战略研究院发布的报告显示，中国的人工智能学术生态成为人工智能科技产业发展的重要支撑。,https://www.sohu.com/a/314962159_162522?sec=wd
中国人工智能知识产权峰会2020，12月10-11号在上海召开,思博网,2020-11-05,新闻,以人为本,随着全球人工智能产业进入加速发展阶段，人工智能技术不断推陈出新，全球主要知识产权组织都在就人工智能新业态对知识产权政策的影响广泛征求产业界、学术界的意见。,https://bbs.mysipo.com/thread-1099434-1-1.html
中国工程院戴琼海：当下人工智能繁荣的背后一定潜藏着隐患,爱好者日报,2018-10-17,新闻,以人为本,今年4月以来，支付宝、微信、银联相继推出了自己的刷脸支付产品，刷脸支付俨然已成为备受青睐的下一个战场。,http://www.baiduer.com.cn/zhineng/2019/1212/964.html
中国工程院院士戴琼海：人工智能在金融领域作用巨大,百度,2019-11-22,新闻,"以人为本,公平,隐私","中国工程院院士、清华大学自动化系教授 戴琼海

新浪财经讯 11月22日消息，成方金融科技论坛今日在北京召开。",https://baijiahao.baidu.com/s?id=1650904096767546233&wfr=spider&for=pc
中国科学院院士姚期智：人工智能需要和其他深奥的技术互动来解决问题,第一财经,2020-10-22,新闻,以人为本,在10月22日的浦江创新论坛上，中国科学院院士姚期智表示，下一代的人工智能技术要怎么样产生呢？强化学习能够让学习的算法和对抗性的情况做研究，这是现在发展最迅速的方向。,https://m.yicai.com/news/100808804.html
中科智云首次亮相世界人工智能大会：让AI更好更安全地服务人类,网易,2021-07-19,新闻,以人为本,2021世界人工智能大会主题为“智联世界 众智成城”，通过搭建国际合作交流平台，汇聚顶级科学家、企业家、政府官员、专家学者、国际组织、投资人、初创团队等，助力打造人工智能世界级产业集群。,https://www.163.com/dy/article/GF9AST9U055296ZR.html
互联网司法中国方案妙在何处,法制日报,2019-12-12,新闻,"以人为本,隐私","新潮的互联网黑科技，传统的审判庭法官袍，两者相遇会碰撞出怎样的火花？

　　前不久，来自全球20多个国家和地区的最高法院首席大法官、大法官、司法官员、专家学者等齐聚浙江乌镇，参加最高人民法院举办的首届世界互联网法治论坛，共同探讨网络空间治理、互联网法院探索实践、人工智能在司法领域的深度应用等热点话题。",http://www.legalinfo.gov.cn/pub/sfbzhfx/zhfxfzzx/fzzxyw/201912/t20191212_14035.html
产学界呼吁构建统一的AI模型安全评估准则,东方财富,2020-12-22,新闻,"以人为本,公平,隐私",人工智能开发与隐私保护存在紧张关系；在影视制作、社交、娱乐、教育、电商等领域具有很大正向应用潜能的深度合成也可能被滥用来进行违法活动。,http://finance.eastmoney.com/a/202012221746337215.html
人工智能“进化”重塑未来全球治理格局,百度,2019-08-09,新闻,以人为本,《第四次工业革命》的作者克劳斯施瓦布认为，科技革命和产业变革中颠覆性技术的出现，会带来社会的巨大变化。,https://baijiahao.baidu.com/s?id=1641377959163227994&wfr=spider&for=pc
人工智能专家曾毅：与人类价值观校准是人工智能最大挑战,百度,2019-05-26,新闻,以人为本,5月25日，北京智源人工智能研究院联合北京大学、清华大学等单位发布《人工智能北京共识》，提出了各个参与方应遵循的有益于人类命运共同体的15条原则。,https://baijiahao.baidu.com/s?id=1634602909347836647&wfr=spider&for=pc
人工智能产业存在严重的性别差距,d1net,2018-12-18,新闻,"以人为本,公平",人工智能已渗透到技术领域，有望破坏医疗保健，零售和运输等各个行业。,http://www.d1net.com/ai/industry/551747.html
人工智能公益研究计划发布：旷视欲从城市入手 助力可持续发展的AI,金融界,2020-06-24,新闻,以人为本,2020年6月22日，2020北京智源大会正在云端热烈展开，其中一场关于《人工智能伦理、治理与可持续发展》的专题讨论备受关注。,http://m.jrj.com.cn/madapter/finance/2020/06/23182630000565.shtml
人工智能和实体经济正走向全面深度融合,网易,2021-05-23,新闻,以人为本,"中国新一代人工智能发展战略研究院首席经济学家刘刚

天津北方网讯：昨天下午，第五届世界智能大会落下帷幕。",https://www.163.com/dy/article/GAM9ULFU0534J2ID.html
人工智能大会 | 国内首个AI安全与法治导则发布！三大报告助力人工智能安全研究,周到上海,2019-08-30,新闻,"以人为本,公平,隐私",8月29日~31日，2019世界人工智能大会在沪举行。,https://www.shxwcb.com/305873.html
人工智能大会高端访谈｜姚期智：打造中国人工智能“梦之队”,新浪,2020-07-08,新闻,以人为本,他，是世界现代密码学基础的奠基人，是图灵奖唯一一位华人获奖者；2004年，他放弃美国国籍，回国创办了计算机天才云集的“姚班”，去年，他创办了培养人工智能人才的“智班”，就在不久前，他将致力于研究最前端科技的“期智研究院”落子上海。,http://k.sina.com.cn/article_6145283913_16e499749020013vj4.html?cre=tianyi&mod=pcpager_fintoutiao&loc=19&r=9&rfunc=89&tj=none&tr=9
人工智能如何发挥人性光辉：嵌入伦理法律要求仍是世界难题,科技日报,2017-11-21,新闻,以人为本,索菲亚不是人，她只是个很聪明的机器人；索菲亚又是“人”，不久前，她被沙特授予公民身份，加入人类籍。,https://www.thepaper.cn/newsDetail_forward_1873177
人工智能将带给人类的，究竟是共同富裕还是两极分化的加剧？,百度,2017-03-28,新闻,公平,雷锋网按：本文由图普科技工程师翻译自。,https://baijiahao.baidu.com/s?id=1563107244552033&wfr=spider&for=pc
人工智能来势汹汹，AI医疗何去何从？,腾讯,2019-08-10,新闻,以人为本,编者注：本文作者Jeremy Hsu是一名自由撰稿人，主要撰写科技类文章。,https://page.om.qq.com/page/Ob2Lq18-kDeeycN-A5fRt4ZA0
人工智能火了，它置我们于何地？,搜狐,2017-11-22,新闻,以人为本,能机器不是代替人，而是要协助人做好工作。,https://www.sohu.com/a/205941693_467566
人工智能的治理与伦理”学术研讨会在沪举行精彩视频排行榜,新浪,2020-12-09,新闻,以人为本,人民网上海12月9日电（马作鹏）近日，一场关于人工智能应用在社会科学领域的探讨在上海开展，与会院士、科学家、社会学者共同探讨了人工智能、科技进步与社会伦理之间的关系，并提出具有前瞻性的学术观点。,https://k.sina.com.cn/article_3558339020_d417f1cc02000uc5l.html
人工智能社会实验研究全面展开,股吧,2019-10-15,新闻,以人为本,日前，第一届全国人工智能社会实验学术会议在清华大学拉开帷幕，百余位专家学者交流分享了人工智能社会实验的最新研究成果，研究讨论了人工智能社会实验的工作方案和行动计划。,"https://guba.eastmoney.com/news,cjpl,880741323.html"
人工智能飞速发展将对人类产生的影响分析,电子网,2017-11-30,新闻,以人为本,智能机器不是代替人，而是要协助人做好工作。,http://www.elecfans.com/d/589374.html
人工智能，如何赋能冬奥会？,新浪,2021-07-10,新闻,以人为本,"据""中科智云IntelliCloud”公众号7月10日消息，在我国“十四五”期间的重大标志性活动- 2022 年北京冬奥会、冬残奥会召开前夕，探讨重大国际赛事中 AI 的赋能空间具有着现实价值和时代意义。",http://finance.sina.com.cn/tech/2021-07-10/doc-ikqcfnca6022328.shtml
人文清华”讲坛 | 江小涓：数字经济，解构与链接,大众新闻网,2020-11-22,新闻,以人为本,5G等数字技术带来的数字发展能否扭转中国经济增长放缓的趋势?11月20日晚，，经济学家、清华大学公共管理学院院长江小涓教授在“人文清华”讲坛表示，中国在世界十大数字经济指数，的国家中名列第九，贡献了全球创新网络专利的15%，我们的数字经济消费并未见顶，凭借先进数字技术、巨大人口数量、庞大制造基础、企业活力等优势，中国数字经济将全面发力。,http://www.dzshbw.com/news/2020/shuma_1123/311843.html
人有两种记忆，而基于深度学习的AI只有一种，所以AI有问题？,腾讯,2019-09-24,新闻,以人为本,9月21日-22日，由中国人工智能学会和青岛市组织举办的2019第五届中国人工智能大会在青岛胶州举行。,https://new.qq.com/omn/20190924/20190924A0R7HW00.html
伦敦2019人工智能和新兴技术盛会CogX松鼠AI受邀主题演讲,chinaz,2019-07-08,新闻,以人为本,今年 6 月 10 日至 14 日是欧洲比较大的技术峰会系列，而多年来作为伦敦科技周展会之一的CogX今年也是场面火爆，会议现场人头攒动。,https://www.chinaz.com/news/mt/2019/0708/1029675.shtml
伯克利教授Stuart Russell：人工智能的过去、现在和未来,CSDN,2017-10-24,新闻,以人为本,全球机器智能峰会（GMIS 2017），是全球人工智能产业信息服务平台机器之心举办的首届大会，邀请了来自美国、欧洲、加拿大及国内的众多顶级专家参会演讲。,https://blog.csdn.net/Uwr44UOuQcNsUQb60zk2/article/details/78333890
刘刚：人工智能产业处快速扩散阶段,南开大学,2018-03-29,新闻,以人为本,央广网北京3月29日消息 第五届财经中国V论坛28日在京召开，本届论坛主题为“人工智能：现实与图景”。,http://news.nankai.edu.cn/nkzs/system/2018/04/13/000376536.shtml
刘刚：人工智能仍在资本“风口”,搜狐,2019-07-22,新闻,以人为本,近日，中国新一代人工智能发展战略研究院发布了《中国新一代人工智能科技产业发展报告（2019）》。,https://www.sohu.com/a/328528455_120047265
刘刚：人工智能技术让企业的梦想照进现实,澎湃新闻,2020-12-10,新闻,以人为本,近日，在接受人民网采访时，南开大学经济研究所所长、数字研究中心主任刘刚在接受人民网采访时表示，企业必须尽早使用人工智能技术，才能避免在未来竞争中处于劣势。,https://www.thepaper.cn/newsDetail_forward_10346025
刘刚：人工智能步入以融合产业部门为主导的新阶段,百度,2020-08-07,新闻,以人为本,"中新经纬客户端8月7日电 题：《刘刚：人工智能步入以融合产业部门为主导的新阶段》

作者 刘刚(中国新一代人工智能发展战略研究院首席经济学家、南开大学经济研究所所长)

中国人工智能科技产业正在步入以融合产业部门为主导的新阶段。",https://baijiahao.baidu.com/s?id=1674357556485899964&wfr=spider&for=pc
刘刚：实体经济和人工智能的融合已经开始了,新浪财经,2019-05-16,新闻,以人为本,新浪财经讯 “世界智能大会——第二届工业互联网发展峰会”于5月16日在天津举行，峰会由天津市工业和信息化局、宝坻区人民政府主办，天津爱波瑞科技发展有限公司承办，主题为“工业互联，融通发展——共建工业互联网产业生态”，南开大学经济研究所所长、中国新一代人工智能发展战略研究院首席经济学家刘刚出席并发言。,http://finance.sina.com.cn/hy/hyjz/2019-05-16/doc-ihvhiews2387038.shtml
刘刚：扎实推进人工智能 与实体经济的深度融合,南开大学,2020-07-04,新闻,以人为本,2016年，中国科学家首次提出AI 2.0概念。,http://news.nankai.edu.cn/mtnk/system/2020/07/04/030039995.shtml
史元春：智能交互——让机器更懂你,搜狐,2018-01-22,新闻,以人为本,日前举行的“清华五道口金融EMBA&EE 2018新年思想汇”上，清华大学计算机系人交互与媒体集成研究所长、全球创新学院(GIX) 院长史元春，作为清华五道口“科学企业家”项目的授课教授代表，进行了题为“智能交互——让机器更懂你”的分享。,https://www.sohu.com/a/218295797_184783
各国大咖在乌镇探讨互联网法治的现在与未来,浙江在线,2019-12-09,新闻,"以人为本,公平,隐私",浙江在线12月9日讯（浙江在线记者 钱祎）一位乌镇居民因为弟弟遭遇交通事故，想找律师帮忙写一张事故民事起诉书，但他对法律一窍不通，不知道怎么请律师，也不知道要准备哪些材料。,https://town.zjol.com.cn/cstts/201912/t20191209_11450295.shtml
商汤科技杨帆：人工智能如何落地,金融界,2019-07-08,新闻,"以人为本,隐私",如今发力落地与赚钱的商汤，在人工智能落地上的探索以及如何打造平台，对于很多公司或许有一定的借鉴意义。,https://baijiahao.baidu.com/s?id=1638470200080860114&wfr=spider&for=pc
商汤科技杨帆：人工智能技术发展的三大趋势,电子工程世界,2017-11-17,新闻,以人为本,凤凰科技讯（作者/鲁婧涵） 11月16日，由凤凰网主办，凤凰网科技和凤凰新闻客户端承办的“2017凤凰网科技峰会”在北京举办。,http://news.eeworld.com.cn/manufacture/article_2017111719828.html
图灵奖得主、中国科学院院士姚期智：人工智能存在三大技术瓶颈,百度,2020-10-23,新闻,以人为本,昨天举行的2020浦江创新论坛全体大会上，图灵奖获得者、中国科学院院士姚期智做了《人工智能面对的一些挑战》主题演讲。,https://baijiahao.baidu.com/s?id=1681294489492592228&wfr=spider&for=pc
图灵奖得主姚期智：人工智能算法还需突破两个瓶颈,电子技术设计,2020-11-02,新闻,以人为本,人工智能在最近几年得到了迅猛的发展，最重要的几个领域是：人脸识别、自动驾驶、语音识别，以及语义理解。,https://www.ednchina.com/news/5877.html
图灵奖得主姚期智：人工智能绝对是一个跨学科的行业,百度,2020-07-09,新闻,以人为本,7月9日，世界人工智能大会在上海如期召开。,https://baijiahao.baidu.com/s?id=1671709328519952282&wfr=spider&for=pc
图灵奖得主姚期智：基础研究对人工智能的发展至关重要,百度,2020-08-11,新闻,以人为本,中新网上海8月11日电 (黄艾娇 许婧)图灵奖获得者、中科院院士、美国科学院外籍院士、清华大学交叉信息研究院院长姚期智教授11日在同济大学作题为“人工智能浅谈”的学术报告时指出，基础研究对于人工智能的发展至关重要。,https://baijiahao.baidu.com/s?id=1674737352770109925&wfr=spider&for=pc
图灵奖得主姚期智：求解人工智能的中国答案,CSDN,2019-06-15,新闻,以人为本,他是“图灵奖”创立以来首位获奖的亚裔学者，也是迄今为止获此殊荣的唯一华裔计算机科学家。,https://blog.csdn.net/cf2SudS8x8F0v/article/details/92255839
在线庭审、网络平台责任、人工智能应用——首届世界互联网法治论坛看点透视,中国网,2019-12-05,新闻,"以人为本,公平,隐私","新华社杭州12月5日电　题：在线庭审、网络平台责任、人工智能应用——首届世界互联网法治论坛看点透视

　　新华社记者罗沙、吴帅帅

　　12月5日，来自全球多个国家和地区的法官、法学家、企业界人士等齐聚浙江乌镇，参加最高人民法院举办的首届世界互联网法治论坛，共同探讨网络空间治理、互联网法院探索实践、人工智能在司法领域的深度应用等热点话题。",http://news.china.com.cn/live/2019-12/05/content_624830.htm
场景驱动技术，美团AI首次亮相世界人工智能大会,观察者,2020-07-13,新闻,以人为本,(观察者网 文/卢思叶 编辑/庄怡） 7月11日，在2020世界人工智能大会上，美团首席科学家、AI平台部总经理夏华夏首次公布了美团在AI科技领域的布局和愿景，公开讲解了美团AI的整体。,https://www.guancha.cn/internation/2020_07_13_557381.shtml
如何让AI解决物理世界复杂问题？ 美团带来人工智能全新思考,网易,2020-09-07,新闻,以人为本,9月4日，2020中国国际服务贸易交易会在北京隆重开幕，本届大会以“全球服务，互惠共享”为主题，邀请了来自148个境外国家和地区的1.8万家企业机构、超10万人注册参展参会，是目前全球规模最大的综合类服务贸易展会。,https://www.ithome.com/0/507/542.htm
如何让机器人明辨是非：人工智能未来的道德走向,澎湃新闻,2018-05-25,新闻,以人为本,相信很多人都听过哲学家菲利帕·福特（Philippa Foot）于1967年提出的“电车难题”。,https://baijiahao.baidu.com/s?id=1601416593068872807&wfr=spider&for=pc
妇女能顶半边天，外媒评选出25位机器人技术领域的杰出女性,搜狐,2017-10-25,新闻,以人为本,编者按：谁是世界上第一个程序员？确切来说，是“程序媛”？没错，答案是美丽的公爵夫人Ada Lovelace，这位伟大的女性是诗人拜伦的唯一婚生子，但在家庭的“刻意”栽培下，Ada热爱科学和数学，并成了一名数学家——刚好和她母亲痛恨一生的拜伦相反。,https://www.sohu.com/a/200040346_813588
"姚期智院士：超级AI最大的问题是得让它“可控”
姚期智院士：超级AI最大的问题是得让它“可控”",网易,2020-07-09,新闻,"以人为本,远期人工智能",网易科技讯 7月9日消息，7月9日-11日，2020世界人工智能大会云端峰会开幕，大会由上海市人民政府主办，以“智联世界共同家园”为主题。,https://www.163.com/tech/article/FH3D4M9200098IEO.html
姚期智：中国可以在人工智能的理论研究上大展身手,中国经济网,2017-08-25,新闻,以人为本,8月23日下午，世界著名计算机学家、中科院院士、图灵奖创立以来首位获奖的亚裔学者、世界现代密码学基础的奠基人之一的姚期智教授在清华大学接受了记者的采访。,https://news.china.com/socialgd/10000169/20170825/31189454_all.html
姚期智：人工智能与人类对信息的处理能力各有所长,未央,2017-09-21,新闻,以人为本,2017年9月17日，由清华大学五道口金融学院、清华大学国家金融研究院主办的“第二届中国金融科技大会（2017）”在京举办， 2000年图灵奖得主、中国科学院院士、清华大学交叉信息研究院院长姚期智，以“金融科技对计算机科学和生态的影响”为主题进行了演讲。,https://www.weiyangx.com/262167.html
姚期智：人工智能当前缺少理论　中国有望实现突破,新华网,2017-08-24,新闻,以人为本,世界著名计算机学家、图灵奖创立以来唯一的华人得主姚期智日前表示，中国想在２０３０年实现世界主要人工智能创新中心的战略目标，首先要解决人工智能发展缺少理论的问题。,http://www.xinhuanet.com/2017-08/24/c_1121538019.htm
姚期智：人工智能的硬科技,百度,2019-10-30,新闻,以人为本,10月30日，2019全球硬科技创新大会今日开幕，中科院院士，2000年图灵奖获得者姚期智出席大会并发表主题为《人工智能的硬科技》演讲。,https://baijiahao.baidu.com/s?id=1648795867256384105&wfr=spider&for=pc
姚期智：要用物理学方法取得人工智能的进展 | WAIC 2018,雷锋网,2018-09-17,新闻,以人为本,雷锋网(公众号：雷锋网)消息，9 月 17 日，在举行于上海的世界人工智能大会上，清华大学交叉信息研究院院长、图灵奖得主姚期智登台，进行了题为《人工智能的现在和未来》的演讲。,https://www.leiphone.com/category/industrynews/wh7Qw7TlVJ0CPClh.html
孟庆国:政府数字化转型 如何与民众“双在线”?_观点_国脉…,国脉电子政务,2020-05-28,新闻,以人为本,"国脉网站群
登录|注册|企业入驻|认证专家投稿
国脉电子政务网首页 资讯 政策 观点 专题 数据 更多 
热门搜索 ： 政府网站 政务大数据 互联网+政务 数据基因
当前位置：国脉电子政务网 > 观点 > 正文
孟庆国：政府数字化转型 如何与民众“双在线”？
2020-05-28 08:28 来源: 网信河北 查看：144 次  收藏 (0 ) 分享
　　今年全国两会上，“数字经济”成为热度最高的话题之一。",http://www.echinagov.com/viewpoint/280448.htm
孟庆国：数字化转型中政府治理的机遇与挑战,百度,2020-09-21,新闻,以人为本,"数字化转型中政府治理的机遇与挑战


近年来，新一代信息技术快速发展，信息化与经济社会广泛、深度融合，数字化已成为各行各业转型提升的重要方向，政府治理领域亦是如此。",https://baijiahao.baidu.com/s?id=1678414829731621878&wfr=spider&for=pc
孟庆国：新时代背景下的数字政府发展基本问题思考,搜狐,2020-12-03,新闻,以人为本,本文系清华大学国家治理研究院院长孟庆国先生于11月27日下午在“2020智慧中国年会”云论坛上的演讲。,https://www.sohu.com/a/435956664_224692
孟庆国：智能政务服务还需进一步优化,清华大学,2021-08-25,新闻,以人为本,智能问答、智能搜索、智能审批、智能推送等智能化技术在政务服务中的应用已经呈现出快速发展的势头，但与在企业中的应用相比还有非常大的差距。,https://view.inews.qq.com/a/20210825A07YLV00
孟庆国：未来政府数字化转型——从“技术釆纳”到“价值赋能”,CSDN,2018-12-28,新闻,以人为本,我今天跟大家交流的是关于数字化转型的逻辑。,https://blog.csdn.net/trecn001/article/details/85316966
学界＆业界青年专场：有AI，更有社会责任,腾讯,2020-12-22,新闻,"以人为本,公平,隐私",AI是把双刃剑的话题，一直是业界和学界讨论的焦点。,https://new.qq.com/omn/20201222/20201222A0E7LW00.html
守住产品底线，防范人工智能作恶,网易,2021-01-04,新闻,以人为本,“未来10—20年，AI技术将渗透至与人类密切相关的领域，比如医疗、司法、生产、金融科技等风险敏感型领域，AI技术如果犯错，就会造成较大系统风险。,https://www.163.com/dy/article/FVG0Q67105346936.html
对话图灵奖得主姚期智：AI 的突破口在算法，中国的机会很大,极客,2017-09-07,新闻,以人为本,现在的机器学习还很粗糙，这也是一个从事理论研究的最佳时机，这对我们国家来讲也是一个非常重要的时机。,http://www.geekpark.net/news/222085
对话姚期智：中国人工智能界是怎么被我教出来的？,新浪,2017-09-08,新闻,以人为本,谈起姚期智在学术界的地位，横跨计算机和物理专业，业界人莫不敬仰。,http://tech.hexun.com/2017-09-08/190775764.html
对话美团首席科学家夏华夏：美团AI这些年,第一财经,2021-08-01,新闻,以人为本,美团正在逐步向外界展示美团AI的成果。,https://xw.qq.com/cmsid/20200710A00A4V00
工信部科技司胡燕司长：芯片不突破 AI发展就是空中阁楼,网易,2020-01-21,新闻,以人为本,胡燕表示，近年来我国人工智能产业呈现出了蓬勃发展的良好态势。,https://www.163.com/dy/article/F0NN2DPQ0511DV4H.html
建立完善的人工智能治理体系,品略,2019-07-17,新闻,以人为本,人工智能在为人类的生产组织方式和生活方式带来巨大变革的同时，也将在经济结构、社会秩序、道德伦理等方面产生长远而深刻的影响。,https://www.pinlue.com/article/2019/07/1713/169329206806.html
引领AI迈入“安全时代” 2019世界人工智能安全高端对话重磅开启,CSDN,2019-08-30,新闻,以人为本,8月30日，2019世界人工智能安全高端对话在上海世博中心重磅开启。,https://blog.csdn.net/internetcaff/article/details/100164914
张亚勤：人工智能将成为百度增长新引擎,人民日报,2020-09-03,新闻,以人为本,月1日，百度世界2016大会在北京举行。,http://m.haiwainet.cn/middle/3541093/2016/0903/content_30287249_1.html
张亚勤：人工智能是第四次工业革命的技术基石,快科技,2016-01-21,新闻,以人为本,1月20日，2016世界经济论坛年会（冬季达沃斯）在瑞士小镇达沃斯如期开幕。,https://news.mydrivers.com/1/467/467264.htm
张保生教授等出席“人工智能技术、伦理与法律的关键科学问题探讨”香山科学会议,中国政法大学,2017-11-13,新闻,,"张保生教授等出席“人工智能技术、伦理与法律的关键科学问题探讨”香山科学会议
zjkxyjy 在 17-11-13 00:00:00 提交

浏览 492 次 print document
为对人工智能发展提供前瞻性指导和战略性对策与建议，由中国科学院科技战略咨询研究院李真真研究员发起的S36次香山科学会议——“人工智能技术、伦理与法律的关键科学问题探讨”于11月11～ 12日在北京香山宾馆召开，会议邀请了50多位全国多学科跨领域的专家学者与会，围绕（1）人工智能中伦理与法律要求的科学设定问题；（2）人工智能的伦理与法律要求在AI系统的嵌入问题；（3）人工智能的技术安全风险及其治理问题等中心议题进行了深入讨论。",http://zjkxyjy.cupl.edu.cn/info/1026/1229.htm
张正清：数据是数字劳动所得，用户理当拥有数据所有权,百度,2021-02-07,新闻,隐私,新京报讯（记者 郑伟彬）数据对经济社会发展和科技创新具有重要价值，但在实际使用中却面临着许多挑战和问题。,https://baijiahao.baidu.com/s?id=1691002082138165892&wfr=spider&for=pc
我国正在加速推动人工智能产业发展,新华社,2020-06-25,新闻,以人为本,第四届世界智能大会24日在天津“云”闭幕，会上，中国新一代人工智能发展战略研究院发布的报告反映，我国正在加速推动人工智能科技产业发展。,https://www.sohu.com/a/404098545_267106
戴琼海院士出席2020全球人工智能技术大会并作主旨报告,教育信息化,2020-07-31,新闻,"以人为本,公平,隐私",7月25日，由中国人工智能学会和杭州市余杭区人民政府主办的2020全球人工智能技术大会在杭州未来科技城拉开帷幕。,https://www.edu.cn/xxh/focus/xs_hui_yi/202007/t20200731_1749376.shtml
戴琼海：人工智能已进入到脑科学在内的生物智能阶段,新浪,2018-04-10,新闻,以人为本,4月9日，由工业和信息化部、深圳市人民政府共同主办，中国电子信息产业发展研究院、中国电子报社、中国电子器材有限公司、深圳市平板显示行业协会协办的中国电子信息博览会主论坛数字经济前沿论坛在深圳会展中心举行。,https://tech.sina.com.cn/d/i/2018-04-10/doc-ifyvtmxe8307078.shtml
戴琼海：未来的人工智能,挤点网,2018-06-13,新闻,以人为本,2018年6月13日，由上海市经济和信息化委员会、上海市商务委员会、上海市长宁区人民政府指导，上海市长宁区青年联合会、亿欧公司联合主办，拼多多协办的“2018全球智能+新商业峰会”在上海长宁世贸展馆举办。,https://www.jidianwang.com/event/1032693.html
拐点中的人工智能面临伦理抉择,科学网,2017-04-23,新闻,以人为本,1939年，乔治·威尔斯73岁。,http://news.sciencenet.cn/htmlnews/2017/4/374276.shtm
探臻实录 | 戴琼海：搭建脑科学与人工智能的桥梁,CSDN,2020-05-26,新闻,以人为本,"来源：探臻科技评论

人工智能作为21世纪最具有影响力的技术，正在包括诸如机器人、语言识别、图像识别、自然语言处理等诸多领域发挥着重要作用。",https://blog.csdn.net/cf2SudS8x8F0v/article/details/106368430
敏行慎思 科技向善 共话人工智能社会治理,浙江大学,2020-11-26,新闻,以人为本,人工智能时代呼啸而至，给人类生活带来巨大变革的同时，也引发了诸多质疑与担忧。,http://www.innovation2030.zju.edu.cn/2020/1126/c21944a2220704/page.htm
数字经济具有广阔的发展空间 访清华大学公共管理学院院长江小涓,,2021-01-07,新闻,以人为本,从在线教育到直播电商，从远程医疗到“无人经济”，以一系列新业态新模式为代表的数字经济迅速发展，展现出我国经济的强大活力和韧性。,https://baijiahao.baidu.com/s?id=1688231678978538233&wfr=spider&for=pc
新见｜郭锐：什么是“道德算法”？如何认识它的致命缺陷？,北京日报,2020-12-21,新闻,以人为本,在人工智能伦理研究中，主流的看法是既然让人工智能决策已经不可避免，应该将伦理嵌入人工智能技术之中，以便增加人工智能决策的可靠性和安全性。,https://baijiahao.baidu.com/s?id=1686675194864594791&wfr=spider&for=pc
智慧城市、数字经济、美丽乌镇…互联网大会嘉宾关心啥,浙江在线,2018-11-07,新闻,以人为本,"浙江在线11月6日讯（浙江在线记者 严粒粒 陈宁 曾杨希 黄珍珍 高驰弘 尹海木 奕婷婷 宋彬彬 沈吟）第五届世界互联网大会即将开幕，嘉宾陆续报到，看看今年他们关注的是啥？

1.jpeg

　　达什蒂博士：希望中以交流碰撞出更多火花

　　来自以色列魏茨曼科学研究所技术转化中心的约西·达什蒂（Yossi Dashti）博士，今天第一次来到乌镇参加世界互联网大会。",https://zjnews.zjol.com.cn/ztjj/2018wic/news/201811/t20181107_8681235.shtml
智能制造大会| 戴琼海：脑科学与人工智能互为推力,凤凰,2018-10-09,新闻,以人为本,2018世界智能制造大会于10月11日至13日在南京举办。,http://js.ifeng.com/a/20181009/6933755_0.shtml
曾毅、孙康：人工智能抗疫的中国经验,环球网,2020-03-25,新闻,以人为本,应对新冠肺炎疫情，需要全人类加紧合作，尤其是在利用新的技术应对疫情方面。,https://www.sohu.com/a/382867048_162522
曾毅：人工智能全球合作不会是“零和博弈”,中国科学院,2019-07-01,新闻,以人为本,,http://www.cas.cn/zkyzs/2021/01/284/cmsm/202101/t20210126_4775837.shtml
曾毅：人工智能真正的风险就在当下,中国科学院自动化所,2019-12-10,新闻,"以人为本,公平,隐私",人工智能亦可称机器智能，通常是指由普通计算机程序来呈现人类智能的技术，其核心问题包括建构能够跟人类比肩甚至超越人类的推理、知识、规划、学习、交流、使用工具和操控机械等能力。,http://www.ia.cas.cn/xwzx/mtsm/201912/t20191210_5451383.html
曾毅：多方人工智能伦理准则须做好协同,科学网,2021-08-31,新闻,以人为本,4月，欧盟委员会发布人工智能伦理准则，并宣布同时启动该准则的试行阶段，并邀请企业、研究机构等对这一准则进行测试。,http://news.sciencenet.cn/htmlnews/2019/4/425476.shtm
曾毅：获得类人思维是人工智能的战略制高点,CSDN,2018-06-25,新闻,以人为本,在斯皮尔伯格导演的电影《人工智能》中，亨利夫妇的孩子得了不治之症，为了减轻失去孩子的痛苦，这对夫妇从一家智能公司买了一个机器小孩大卫。,https://blog.csdn.net/weixin_33738555/article/details/92244363
曾玉：AI和大数据会植入到各种商业模式中,百度,2019-11-27,新闻,以人为本,由新浪网、微博、中央广播电台经济之声联合主办，沃尔沃汽车特约赞助的2019中国新经济领航人物评选已经结束了网络投票，和玉资本(MSA Capital)管理合伙人曾玉作为本次活动评委，针对针对目前新经济发展现状她表示应该大力发展基础科学、重视创新以及场景应用的智慧经济。,https://baijiahao.baidu.com/s?id=1651320329532637566&wfr=spider&for=pc
李兰娟等专家在互联网大会上共话人工智能,威腾网,2021-08-15,新闻,隐私,健康码收集了大量敏感数据，怎么保证各类信息的安全？人脸识别技术进入课堂，是不是侵犯了老师和同学的隐私？随着人工智能技术的发展和应用，诸如此类的问题常常引发人们的担忧。,http://weiot.net/article-263696-1.html
李真真：可信人工智能——“以人为本”的设计和创造,腾讯云,2020-05-13,新闻,以人为本,"报告导读

本次报告主要涉及可信AI的进展，首先讲解了可信AI的定义与要求，然后介绍了联邦学习的内容，之后从外部控制和内部控制两反面阐述了可信AI未来的发展方向，最后对可信AI的前景进行了展望。",https://cloud.tencent.com/developer/article/1627817
杨帆：人工智能技术提供长期价值 中国接纳新技术态度远超其他国家,新浪,2018-08-12,新闻,以人为本,8月11日，商汤科技联合创始人、副总裁杨帆在由厚益控股和《财经》杂志联合主办的世界科技创新论坛上分享了自己的几点思考。,https://tech.sina.com.cn/roll/2018-08-12/doc-ihhqtawx2036907.shtml
江小涓力挺新基建：是疫后经济的新增长点,新浪财经,2020-04-02,新闻,以人为本,"国务院原副秘书长江小涓：“新基建”前景广阔，政府和企业应合理分工

江小涓判断，“新基建”短期规模有限，但能够带动的建设是非常可观的。",https://baijiahao.baidu.com/s?id=1662858124883374192&wfr=spider&for=pc
江小涓：5G加持下，百亿级千亿级的消费有望实现商业化,搜狐,2020-04-13,新闻,"以人为本,公平,隐私",4月12日，由搜狐财经和清华大学公共管理学院干部教育中心合作播出的“2020干部培训公益年计划”系列课程第三期开讲，本期主讲嘉宾是清华大学公共管理学院院长、教授，全国人大常委，社会建设委员会副主任委员，中国行政管理学会会长江小涓。,https://www.sohu.com/a/387430981_100160903
江小涓：公共领域是数字消费新空间，要明确底线与边界,凤凰财经,2020-11-28,新闻,以人为本,"凤凰网财经记者陈瑶

“数字医疗、数字教育都是公共领域，实际上现在技术没有问题，现在关键是准入的问题。",https://finance.ifeng.com/c/81luSm97pJa
江小涓：数字化消费创造重量级新消费 数字化生产提高效率和质量,百度,2020-11-28,新闻,以人为本,新京报贝壳财经讯 11月28日，在第二届中国发展规划论坛上，全国人大常委会委员、全国人大社会建设委员会副主任委员，清华大学公共管理学院院长江小涓表示，数字化消费、数字化生产、数字化安全等领域都有极为广阔的发展前景，在“十四五”期间，促进数字经济发展，要有适应数字时代的政策。,https://baijiahao.baidu.com/s?id=1684604553753613374&wfr=spider&for=pc
江小涓：数字经济将成为推动双循环的重要力量,百度,2020-09-29,新闻,以人为本,数字技术支撑的新产品、新服务、新业态、新商业模式成为经济增长的主要贡献力量，未来在构建以国内大循环为主体、国内国际双循环相互促进的新发展格局中，如何进一步发挥数字经济的作用？今天《权威访谈》来看对江小涓教授的专访。,https://baijiahao.baidu.com/s?id=1679139330826517340&wfr=spider&for=pc
江小涓：数字经济，解构与链接,澎湃新闻,2020-11-21,新闻,以人为本,5G等数字技术带来的数字发展能否扭转中国经济增长放缓的趋势？11月20日晚，著名经济学家、清华大学公共管理学院院长江小涓教授在“人文清华”讲坛表示，中国在世界十大数字经济指数最高的国家中名列第九，贡献了全球创新网络专利的15%，我们的数字经济消费并未见顶，凭借先进数字技术、巨大人口数量、庞大制造基础、企业活力等优势，中国数字经济将全面发力。,https://www.thepaper.cn/newsDetail_forward_10084133
清华公管学院院长江小涓：5G等新技术将创造多个千亿级新消费,百度,2020-11-23,新闻,"以人为本,公平,隐私","来源：21世纪经济报道

原标题：清华公管学院院长江小涓：5G等新技术将创造多个千亿级新消费，中国需积极参与全球网络与数字治理

11月23日上午，世界互联网大会·互联网发展论坛（以下简称“世界互联网大会”）在浙江乌镇开幕。",https://baijiahao.baidu.com/s?id=1684141479471853616&wfr=spider&for=pc
清华大学公共管理学院教授、清华大学国家治理研究院执行院长孟庆国：智能政务服务--实现机制、发展现状和路径策略,第一财经,2021-07-16,新闻,以人为本,尊敬的各位代表大家上午好，非常高兴参加国际AI城市论坛，在这里跟大家汇报分享，我跟大家交流的话题是主要想谈一下政务服务的问题，尤其是人工智能在政务服务中如何应用。,https://www.yicai.com/news/101111364.html
清华大学公共管理学院院长江小涓：“数字经济”仍有广阔的发展前景,百度,2020-11-23,新闻,以人为本,"原标题：清华大学公共管理学院院长江小涓：“数字经济”仍有广阔的发展前景

中新社北京11月28日电 (刘亮)清华大学公共管理学院院长江小涓28日在参加第二届中国发展规划论坛时称，未来，中国“数字经济”仍有极为广阔的发展前景。",https://baijiahao.baidu.com/s?id=1684609223598542363&wfr=spider&for=pc
清华大学公共管理学院院长江小涓：要对数字技术进行有效监管,第一财经,2020-11-23,新闻,"以人为本,公平",清华大学公共管理学院院长江小涓在“数字经济与科技抗疫”主论坛上表示，为了加快推进网络和数字经济，需要提供与之相适应的改革举措和政策措施。,https://www.yicai.com/news/100848495.html
清华大学史元春：人工智能使人机交互成为现实,新浪科技,2018-01-15,新闻,以人为本,1月15日消息，在“新时代 新发展”的清华五道口金融EMBA&EE 2018年新年思想汇活动中，清华大学计算机系人交互与媒体集成研究所长、信息科技术国家实验室普适计算研究部主任、全球创新学院 (GIX) 学院院长史元春，进行了题为“智能交互——让机器更懂你”的分享。,http://www.eepw.com.cn/article/201801/374416.htm
清华大学孟庆国：大数据要进一步与人工智能、区块链等新技术紧密结合,链门户,2019-12-25,新闻,以人为本,据《光明日报》消息，清华大学国家治理研究院执行院长孟庆国日前在接受采访时表示，我国“网络强国”和“数字中国”建设既面临重大机遇，也面临较大挑战，要充分利用大数据，不仅要向数据要答案，更要向数据要效益、要效率。,http://www.lianmenhu.com/blockchain-16759-1
清华大学江小涓：数字服务业和服务全球化,新浪财经,2021-08-05,新闻,隐私,"2021全球数字经济大会现场

　　导语

　　8月2日，以“创新引领·数据驱动——建设全球数字经济标杆城市”为主题的首届全球数字经济大会在京开幕。",http://finance.sina.com.cn/chanjing/cyxw/2021-08-05/doc-ikqcfncc1152263.shtml?cref=cj
清华大学计算机系教授史元春：科幻与创新 | CCAI 演讲实录,搜狐,2017-07-27,新闻,以人为本,"清华大学计算机系教授、全球创新学院院长史元春

文/CSDN贾维娣

清华大学计算机系教授、全球创新学院院长史元春参与了【人工智能科学与艺术论坛】的讨论，并发表了《科幻与创新》主题演讲，她认为艺术有很多门类和表现形式，而与科学相关最直接的体现就是科幻电影，许多科幻电影中的工具都已经成为现实，比如AR。",https://www.sohu.com/a/160180545_633698
清华姚班创始人、图灵奖获得者姚期智：人工智能理论的新方向,infoq,2020-07-09,新闻,以人为本,容未经本人确认，由 InfoQ 依据现场视频进行整理，以下为姚期智的演讲全文整理。,https://www.infoq.cn/article/ol6bgmpv6jshtvnxiyiy/
清华探讨AI参与疫情治理：政府和社会完成一体化合作治理,搜狐,2021-04-23,新闻,"以人为本,隐私",4月22日，清华大学人工智能国际治理研究院（以下简称I-AIIG）在北京举办“走向智慧治理：人工智能（以下简称AI）治理中的政府、企业与公众”国际学术研讨会。,https://www.sohu.com/a/462561695_260616
清华教授江小涓：什么是平台的真正垄断？这是全球的挑战,新浪,2021-02-05,新闻,隐私,,https://k.sina.cn/article_3268251003_mc2cd8d7b033011xbx.html?kdurlshow=1
清华教授江小涓：数字技术将持续创造多个百亿级、千亿级新消费,百度,2020-11-29,新闻,"以人为本,公平,隐私",11月23日，世界互联网大会·互联网发展论坛在浙江乌镇拉开帷幕。,https://www.cqcb.com/xindiaocha/redian/2020-11-23/3313038_pc.html
清华社科院鲁俊群出席DNV GL-VeChain数字低碳活动,搜狐,2018-11-08,新闻,以人为本,“我们期待更多的碳减排企业、更多的碳生态支持企业、更多的个人，也就是你我他，一起加入碳生态，共创美丽中国，共建美丽地球。,https://www.sohu.com/a/273976472_100267360
演讲实录丨CAAI理事长戴琼海院士：脑认知启发的智能决策,搜狐,2021-08-06,新闻,以人为本,2021年6月5日至6日，由中国科学技术协会、中国科学院、中国工程院、浙江省人民政府指导，中国人工智能学会、杭州市人民政府主办，杭州市余杭区人民政府筹备组承办，浙江杭州未来科技城管理委员会具体执行的2021全球人工智能技术大会在杭州成功举办。,https://www.163.com/dy/article/GGM6NR340511PEBT.html
演讲实录丨戴琼海院士《人工智能：算法·算力·交互》,搜狐,2020-09-07,新闻,以人为本,8月29日至30日，由中国科学技术协会、中国科学院、南京市人民政府为指导单位，中国人工智能学会、南京市建邺区人民政府、江苏省科学技术协会主办的主题为“智周万物”的2020年中国人工智能大会（CCAI 2020）在江苏南京新加坡·南京生态科技岛举办。,https://www.sohu.com/a/416950972_505819
独家 | 张亚勤：机器学习过于复杂 人工智能应该从简,第一财经,2017-03-26,新闻,以人为本,百度总裁张亚勤在博鳌论坛期间对第一财经记者独家回应了关于百度首席科学家吴恩达(AndrewNg)的离职。,https://www.yicai.com/news/5254336.html
由于严重的性别差异问题，人工智能存在偏见的风险,搜狐,2019-01-05,新闻,"以人为本,公平",工智能需要由各种各样的开发者来创造，以防止产生偏见，但世界经济论坛(WEF)发现了一个严重的性别差异。,https://www.sohu.com/a/286794841_104421
申卫星：坚持法律人的深度思考力——清华大学法学院院长申卫星在2019年清华大学法学院毕业典礼上的致辞,东方网,2019-07-05,新闻,以人为本,2019年7月5日，清华大学法学院2019年毕业典礼在清华大学法律图书馆楼报告厅隆重举行。,http://news.eastday.com/eastday/13news/auto/news/society/20190705/u7ai8674303.html
百度总裁张亚勤：人工智能迎来发展核心阶段,华西都市报,2021-01-22,新闻,以人为本,“一个月前，我和我妻子开车从西雅图到温哥华，出发后差不多一两个小时，竟接到了物业公司的电话说我们家被非法闯入了。,http://www.diankeji.com/guandian/25020.html
科技大事早知道：华为麒麟985第三季度量产 广州重启共享单车投放,网易,2019-04-30,新闻,以人为本,科技大事早知道，是百度APP科技频道联合（：zhidxcom）推出的科技早报，主打AI、5G、新出行等科技新趋势报道，让你在3分钟内，尽览最新最热的科技圈前沿话题。,https://3g.163.com/dy/article_cambrian/EE0DU0MP05313S9W.html
经济学家江小涓万字演讲：我来回答科斯之问,凤凰财经,2020-11-25,新闻,隐私,5G等数字技术带来的数字发展能否扭转中国经济增长放缓的趋势？11月20日晚，著名经济学家、清华大学公共管理学院院长江小涓教授在“人文清华”讲坛表示，中国在世界十大数字经济指数最高的国家中名列第九，贡献了全球创新网络专利的15%，我们的数字经济消费并未见顶，凭借先进数字技术、巨大人口数量、庞大制造基础、企业活力等优势，中国数字经济将全面发力。,https://finance.ifeng.com/c/81gRageUvQ4
美团副总裁夏华夏：科技应为每一个普通人服务｜MEET2021,网易,2020-12-22,新闻,以人为本,站在2020年岁末，AI技术渗透进生活的方方面面，成为技术变革之大势，已经成为人们的共识。,https://www.163.com/dy/article/FUEVO3L40511DSSR.html
美团夏华夏：用接地气的人工智能 为每个人的生活提供好帮手,中国日报,2021-07-12,新闻,以人为本,2021年7月8日，世界人工智能大会在上海开幕。,http://cn.chinadaily.com.cn/a/202107/12/WS60ec07d4a3101e7ce97593e9.html?ivk_sa=1023197a
美团首席科学家夏华夏：2020年是人工智能技术落地应用的元年丨全程大放送,第一财经,2021-07-08,新闻,以人为本,2021世界人工智能大会上，美团副总裁、美团首席科学家夏华夏接受第一财经专访时表示，2020年可以说是人工智能技术落地应用的元年。,https://www.yicai.com/news/101104649.html
美团首席科学家夏华夏：人工智能已成为基础设施 AI产品需更接地气,新浪科技,2021-07-08,新闻,以人为本,新浪科技讯 7月8日下午消息，2021世界人工智能大会期间，美团副总裁、首席科学家夏华夏表示，人工智能已经进入落地发展阶段，在借助人工智能赋能企业发展并进一步深化改革使用者消费体验的过程中，企业需要更加地懂得结合具体的场景以及现实需要，打造接地气的人工智能产品。,https://baijiahao.baidu.com/s?id=1704703643067323711&wfr=spider&for=pc
美团首席科学家夏华夏：美团AI团队已经超过2000人,copyfuther,2020-07-12,新闻,以人为本,7 月 10 日讯，据第一财经报道，在 2020 世界人工智能大会上，美团首席科学家夏华夏表示，美团 AI 已经在骑手调度、外呼机器人以及语音对话完成服务获取等方面进行了实践。,https://copyfuture.com/blogs-details/20200712154655267mu0r3qq0vrxzolp
聚焦人工智能发展 美团首席科学家夏华夏将出席清华大学国际学术研讨会,中国网,2021-04-19,新闻,以人为本,中国网4月19日讯 清华大学人工智能国际治理研究院聘任仪式暨“走向智慧治理：人工智能治理中的政府、企业与公众”国际学术研讨会将于4月22日在京举行。,http://news.china.com.cn/2021-04/19/content_77419882.htm
苏竣：探索人工智能社会治理的中国方案,爱科技网,2019-12-27,新闻,以人为本,"作者：苏竣（清华大学智库中心主任、清华大学公共管理学院教授）；黄萃（浙江大学公共管理学院教授、信息资源管理系主任）

作为引领未来的战略性技术，人工智能的迅猛发展将进一步释放历次科技革命和产业变革积蓄的巨大能量，给全球经济发展、国家治理、社会建设和人民生活带来重大而深远的影响，推动人类迈入以科技进步与产业革新为基础的智能社会。",https://www.passit.cn/hkj/163821.html
苏竣：自治、法治、德治“三治融合”的若干观察与思考,东方财富,2020-10-02,新闻,以人为本,很高兴在此美好金秋时节，与各位专家学者齐聚嘉兴桐乡，共同观察、探讨桐乡“三治融合”的创新实践。,http://finance.eastmoney.com/a/202010021655288620.html
观点 | 商汤科技副总裁杨帆：人工智能公司从技术到商业化落地有五个关键环节,百度,2018-08-02,新闻,以人为本,日前，在北京举办的AITC人工智能技术论坛上，商汤科技联合创始人、副总裁杨帆发表题为“从技术突破到商业变现”的主题演讲，阐述了人工智能公司从技术到商业化落地的五个关键环节，他认为：真实有效的规模化刚需、需求的技术红线、融合创新能力、有效的数据闭环、核心价值要素转移，这五个环节是一个好的技术到真正完成有效商业落地的关键点。,https://baijiahao.baidu.com/s?id=1607648344258787137&wfr=spider&for=pc
观点｜戴琼海：人工智能成为助推全球经济核心驱动力,广州日报,2020-11-18,新闻,以人为本,近日，由中国人工智能学会等部门主办的第十届中国智能产业高峰论坛在嘉兴举行。,https://news.dayoo.com/gzrbrmt/202011/18/158556_53656973.htm
解读姚期智关于人工智能发展的最新演讲!,搜狐,2020-10-28,新闻,以人为本,关于姚期智在2020 年浦江创新论坛的演讲，迄今为止只见到头条推送的两篇报道，即“图灵奖唯一华人得主PPT ：人工智能四大挑战，影响自动驾驶”（简称“四大挑战”）与“中国科学院院士姚期智：人工智能存在三大技术瓶颈”（简称“三大瓶颈”）。,https://www.sohu.com/a/427995116_505803
警惕！部署AI使企业面临重大风险,百度,2021-06-23,新闻,以人为本,为您提供信用评级的公司 Fair Isaac Corp. (FICO) 发布的一份关于负责任的人工智能的新报告发现，大多数公司都在以重大风险部署人工智能。,https://baijiahao.baidu.com/s?id=1703318695637307980&wfr=spider&for=pc
郝景芳对话中科院曾毅：人工智能不是未来，而是现在,搜狐,2020-10-19,新闻,以人为本,围棋可以说是人类智力游戏的最高峰，AlphaGo曾在围棋比赛中战胜了人类世界冠军李世石，这难道还不够聪明吗？其实，在单一智能方面，人工智能已经超越人类，但是综合智能方面，还和人类差得很远。,https://www.sohu.com/a/425846199_99947734
郭锐：个人信息被滥用亟待法律回应,新浪财经,2021-03-20,新闻,隐私,"来源：贝果财经

郭锐：个人信息被滥用亟待法律回应

本报记者/李甜/马秀岚/北京报道

个人信息保护关乎每一个人的切身权益，个人信息必须从法律层面给予切实有效的保护。",https://baijiahao.baidu.com/s?id=1694694765950259971&wfr=spider&for=pc
郭锐：法律能够促进大众对于人工智能伦理风险应对的实现,大洋网,2021-01-25,新闻,以人为本,人工智能与产业的数字化转型是新一轮科技革命和产业变革的必然趋势，一个个新兴产业方兴未艾，酝酿崛起。,https://news.dayoo.com/gzrbrmt/202101/25/158555_53768133.htm
郭锐：算法面临终极准则、因果关系两大难题,百度,2021-06-26,新闻,以人为本,中新经纬客户端6月26日电 (薛宇飞)近日，由中国人民大学高瓴人工智能学院等单位主办的“推荐算法社会价值与可持续发展”研讨会在中国人民大学举行。,https://baijiahao.baidu.com/s?id=1703636208425293339&wfr=spider&for=pc
银川一小学装人脸识别系统引热议，专家：需家长书面确认同意,网易,2021-04-13,案例,以人为本,人脸识别技术应用范围越来越广，但其潜在的一些安全隐患也令许多业内专家、学者对其使用、推广持审慎态度。,https://www.163.com/dy/article/G7GCAV6F0514R9P4.html
院士戴琼海：脑科学走向人工智能的重要路径,程序员大本营,2019-11-01,新闻,以人为本,019年11月1日，刚刚当选人工智能学会理事长的中国工程院院士、清华大学自动化系教授戴琼海在北京智源大会“脑科学与AI专题论坛”上发表了题为《脑与认知科学》的主题演讲。,https://www.pianshen.com/article/59311637589/
鲁俊群：以大国责任担当 携手共创新未来,中宏网,2021-04-20,新闻,以人为本,2021年4月20日，中国领导人在博鳌亚洲论坛2021年年会开幕式上发表了题为《同舟共济克时艰，命运与共创未来》的主旨演讲。,https://www.zhonghongwang.com/show-278-202340-1.html
鲁俊群：大力发展数字经济是高质量发展必由之路,搜狐,2019-02-12,新闻,以人为本,党的十八大以来，我国数字经济的发展取得了长足进步。,https://www.sohu.com/a/294232000_122905
鲁俊群：用好“数字盈利” 做强数字经济,中国经济网,2018-09-10,新闻,以人为本,"世界银行在《2016 年世界开展陈述》中初次系统性论述了 "" 数字盈利 "" 的概念。",http://www.escp.com.cn/tech/20180910/2456.html
鲁俊群：用好“数字红利” 做强数字经济,经济日报,2018-08-30,新闻,以人为本,世界银行在《2016年世界发展报告》中首次系统性阐述了“数字红利”的概念。,http://views.ce.cn/view/ent/201808/30/t20180830_30160468.shtml
15张图表带你速览2021人工智能最新趋势,,2021-04-19,新闻,"以人为本,公平,共享,远期人工智能,通用人工智能",「2021年人工智能指数报告」由斯坦福大学Human-Centered人工智能研究所，以及来自哈佛大学，经济合作与发展组织，the Partnership on AI合作组织和SRI International的11名专家组成的指导委员会共同编制。,https://www.jiqizhixin.com/articles/2021-04-19-5
2020世界人工智能大会 | 观安信息助力构建人工智能安全体系,观察者网,2020-07-10,新闻,"以人为本,隐私,内部安全","7月10日,2020世界人工智能安全高端对话在上海世博中心举行。",https://user.guancha.cn/main/content?id=344575
5G技术下《欧盟数据治理法案》的解读与启示：交通运输数据篇,安全内参,2021-02-10,新闻,"以人为本,隐私,内部安全,外部安全",《欧盟数据治理法案》是2020年《欧洲数据战略》（A European Strategy for Data）[1]中宣布的一系列措施中的第一项，旨在“为欧洲共同数据空间的管理提出立法框架”，增加对数据中介的信任和加强整个欧盟的数据共享机制，增强数据可用性。,https://www.secrss.com/articles/29255
AI治理时代的航母！徐立：商汤的答案是「发展」,腾讯云,2021-07-29,新闻,"以人为本,公平,共享,远期人工智能,通用人工智能",新智元导读】近日，在上海举行的2021世界人工智能大会上，全球领先的人工智能平台公司商汤科技SenseTime重磅亮相，并在大会主论坛、商汤科技企业论坛和人工智能治理论坛上对AI伦理进行了深入分析和探讨。,https://cloud.tencent.com/developer/article/1854525
AI视觉时代，机器人行业的挑战与机会,人工智能实验室,2021-05-17,新闻,"以人为本,公平,共享,远期人工智能,通用人工智能",后疫情时代和新基建政策的叠化影响下，万物智联的趋势得到进一步推动，各行业对于智能化升级的需求更加明确。,http://www.ailab.cn/robot/20210517118293.html
Stephen Balkam：科技与童年，数字世界的儿童保护,腾讯研究院,2020-01-09,新闻,"以人为本,公平,内部安全,共享","2020年1月11日，由腾讯研究院主办的第三届"" 科技向善 "" 年度论坛在北京举办，本届论坛以「千里之行·Action Now」为主题，聚焦科技向善的行动路径，分享国内外先进案例和最新研究成果。",https://www.tisi.org/13087
“人脸安全”刑事保护的裁判现状、特征及基点,中伦,2021-09-01,新闻,"以人为本,隐私,内部安全,共享",随着《个人信息保护法》《最高人民法院关于审理使用人脸识别技术处理个人信息相关民事案件适用法律若干问题的规定》（以下简称“《民事规定》”）等法规的颁布或施行，“保障个人信息安全、保护人民群众‘人脸’安全”再次成为各界关注的重点。,http://www.zhonglun.com/Content/2021/09-01/1644023235.html
“机器人伦理1.0”学术研讨会暨哲学与认知科学跨学科交叉平台年度规划启动仪式,中国人民大学,2021-05-28,新闻,"以人为本,内部安全,共享","中国人民大学发展规划处领导    致辞

中国人民大学哲学院领导        致辞

平台首席专家（刘晓力、胡平、朱锐）介绍平台年度工作规划

哲学与认知科学跨学科交叉平台2021年度研究员聘任仪式

 

09:30-09:40   拍照

09:40-11:00   特邀报告第一场    主持人：刘晓力（中国人民大学）

      

贾福新  人民邮电出版社       《机器人伦理学》出版介绍

 

薛少华  北京理工大学          机器人伦理的生态式研究路径

陈小平  中国科学技术大学      什么是机器人伦理的重大挑战？

曾  毅  中国科学院自动化所    人工智能的近期与远期伦理挑战

 

11:00-11:05   休息

11:05-12:20   特邀报告第二场    主持人：刘孝廷（北京师范大学）

      

胡  郁  科大讯飞             人工智能和机器人与人类共存的社会问题

段伟文  中国社科院哲学所     人机共生的伦理智慧

邱仁宗  中国社科院哲学所     机器人何以为人

 

12:30-13:30   午餐

13:30-14:20   特邀报告第三场    主持人：郁锋（华东师范大学）

      

蔡恒进  武汉大学             超级智能的可能形态

张子夏  南京师范大学         Are There Good Reasons for Making AMA?（下载pdf）

 

14:20-15:20   圆桌对谈第一场：机器与主体    主持人：梅剑华（山西大学）

      

朱  锐    中国人民大学         机器，我与主体

刘晓力    中国人民大学           机器道德与行动主体

吴童立    山东大学               人工智能的主体资格

顾振清    服务器艺术            向虚而生：人工智能与当代艺术

袁  园    独立批评人           当代艺术

程广云 首都师范大学

 

15:20-15:40   茶歇

15:40-16:30   圆桌对谈第二场：机器人伦理    主持人：李真真（中科院战略研究院） 

      

范春萍    北京理工大学           关于机器人伦理层次的点滴思考

张  君    北京理工大学           1.",https://pcs.ruc.edu.cn/academic-conferences/robotethics1.html
《个人信息安全规范》如何应用于自动驾驶场景下的数据安全体系建设,安全内参,2020-06-17,新闻,"以人为本,隐私,内部安全,外部安全",全国信息安全标准化技术委员会（“信安标委”）归口编制的《信息安全技术 个人信息安全规范》（GB/T 35273-2020）（“《个人信息安全规范》”）于2020年3月6日由国家市场监督管理总局、国家标准化管理委员会发布，将于2020年10月1日实施。,https://www.secrss.com/articles/20420
《人工智能安全发展上海倡议》发布,科学网,2019-07-11,新闻,"以人为本,公平,隐私,远期人工智能",本报讯 近日，上海市人工智能产业安全专家咨询委员会成立仪式暨第一次会议召开。,http://news.sciencenet.cn/sbhtmlnews/2019/7/347676.shtm
《健康医疗数据安全指南》亮点解读,中伦,2021-03-26,新闻,"以人为本,隐私,内部安全",2020年12月14日，国标委发布GB/T 39725-2020《信息安全技术 健康医疗数据安全指南》（“《指南》”），该《指南》将于2021年7月1日正式实施。,http://www.zhonglun.com/Content/2021/03-26/1315358753.html
《机器视觉发展白皮书（2021版）》首次公开：机器视觉在标准中明晰框架与未来,快讯,2021-07-21,新闻,"以人为本,隐私,内部安全",2020年2月25日，工信部印发《关于有序推动工业通信业企业复工复产的指导意见》，明确对智能制造等产业的重点支持。,https://www.eet-china.com/mp/a64653.html
《汽车数据安全管理若干规定（试行）》要点解读,中伦,2021-08-23,新闻,"以人为本,隐私,内部安全",2021年8月16日，国家互联网信息办公室、国家发展和改革委员会、工业和信息化部、公安部、交通运输部联合发布《汽车数据安全管理若干规定（试行）》（以下简称《规定》），自2021年10月1日起施行。,http://www.zhonglun.com/Content/2021/08-23/1332237302.html
【人工智能治理大讲堂第三期】克里斯托夫·吕特格：人工智能伦理的机遇和挑战,清华大学人工智能国际治理研究院官网,2021-08-16,新闻,"以人为本,公平,隐私,远期人工智能,外部安全",2021年7月26日，由清华大学人工智能国际治理研究院主办的《人工智能国际大讲堂》第三讲暨“U&AI Camp | AI for SGDs Youth Bootcamp——AI促进可持续发展创造营”公开课顺利举行。,https://aiig.tsinghua.edu.cn/info/1294/1300.htm
与国际接轨，国内AI标准化进程加速,中国电子报、电子信息产业网,2021-08-05,新闻,"以人为本,外部安全,内部安全,公平",“只有把应用做起来，底层AI芯片、软件技术才能够在过程当中更扎实。,http://www.cena.com.cn/intelligence/20210805/112716.html
世界主要国家自动驾驶监管体系盘点（上）,,2021-08-27,新闻,"以人为本,内部安全,共享",在全球受新冠肺炎疫情冲击的大背景下，人们的日常交往受限，我们对于交通业的发展预期出现了巨大的转变。,http://www.zhonglun.com/Content/2021/08-27/1142292605.html
个人信息处理合法性基础的前瞻性——谈2020版《个人信息安全规范》对支付清算行业的影响,全国信息安全标准化技术委员会官网,2021-01-05,新闻,"以人为本,公平,隐私,远期人工智能","一、引言

2020年3月6日，国家市场监督管理总局、国家标准化管理委员会正式发布国家标准GB/T 35273-2020《信息安全技术 个人信息安全规范》（下称“《规范》”），并已于2020 年10月1日起正式实施。",https://www.tc260.org.cn/front/postDetail.html?id=20210105154506
人工智能与金融科技监管,中伦,2021-08-30,新闻,"以人为本,内部安全,共享",2020全球人工智能大会上，中国人民银行科技司原司长陈静先生指出，人工智能应用很有希望将金融风险预警能力提高到崭新的水平，一定程度上说明了人工智能技术对金融科技发展的意义。,http://www.zhonglun.com/Content/2021/08-30/1500554823.html
人工智能伦理与治理研讨会召开 专家建议开展实证研究与大众“算法启蒙”,中新经纬,2021-08-18,新闻,"以人为本,内部安全,共享,远期人工智能",中新经纬客户端8月18日电 (薛宇飞)随着算法在各行业的广泛应用，算法已成为数字社会的重要构件和基础。,https://www.163.com/dy/article/GHN78NTC0519C6T9.html
人工智能伦理建设的目标、任务与路径:六个议题及其依据,光明学术,2021-04-21,新闻,"以人为本,公平,共享,远期人工智能,通用人工智能",内容提要：人工智能伦理建设的必要性已形成全球共识，但建设目标、重点任务和实现路径仍存在较大分歧，概括为六个议题。,https://www.gmw.cn/xueshu/2021-04/21/content_34781245.htm
人工智能伦理治理亟需迈向实践阶段,光明理论,2021-04-13,新闻,"以人为本,公平,共享",从“原则”到“实践”，是AI伦理领域的发展方向。,https://theory.gmw.cn/2021-04/13/content_34760357.htm
人工智能加速向社会各个领域渗透 社会伦理和人才是关键,中国安全防范产品行业协会,2021-08-13,新闻,"以人为本,公平,共享,远期人工智能,通用人工智能",人工智能正向社会各个领域加速渗透，在带来巨大机遇的同时，安全问题和治理挑战也与之相伴。,http://news.21csp.com.cn/c34/202108/11408891.html
人工智能可以完全get人类所思所想？,方圆,2021-08-09,新闻,"以人为本,共享,隐私,公平",日裔英国作家石黑一雄新作《克拉拉与太阳》的故事进行到一半的时候，初见人工智能机器人“克拉拉”的海伦小姐说了这样一句话，“我从来不晓得该怎样跟你这样的客人打招呼。,https://www.thepaper.cn/newsDetail_forward_13961117
人工智能在互联网医疗领域的应用和合规风险分析,中伦,2021-08-20,新闻,"以人为本,内部安全,隐私",早在2017年，国务院就在《新一代人工智能发展规划》（国发〔2017〕35号）提出“推广应用人工智能治疗新模式新手段，建立快速精准的智能医疗体系。,http://www.zhonglun.com/Content/2021/08-20/1647150142.html
人工智能在新闻领域的应用现状：新闻伦理原则难以满足需求,贤集网,2021-01-22,新闻,"以人为本,公平,共享",【摘要】人工智能技术在新闻领域得到了广泛应用，比如传播方式、生产过程、采集渠道等，对新闻业带来了深刻影响，随之也带来个人隐私泄露、“信息茧房”及思维固化等问题，对新闻伦理造成了冲击。,https://www.xianjichina.com/news/details_248264.html
人工智能技术与开源软件,中伦,2021-08-13,新闻,"以人为本,隐私,内部安全,共享",2021年5月，中国新一代人工智能发展战略研究院在第五届世界智能大会上发布《中国新一代人工智能科技产业发展报告·2021》。,http://www.zhonglun.com/Content/2021/08-13/1501110342.html
人工智能时代到来，相应的科技伦理立法能否跟上？,人工智能实验室,2021-08-19,新闻,"以人为本,内部安全,共享",可怕的人工智能，能够以假乱真，也能够鉴别真假。,http://www.ailab.cn/ai/20210819121257.html
人工智能遭遇伦理困境，未来发展需法治先行,智能制造网,2021-08-02,新闻,"以人为本,隐私,内部安全,外部安全",科技伦理是科技活动需要遵循的价值理念与行为规范，对于科技发展来说至关重要。,https://www.gkzhan.com/news/detail/134625.html
人工智能领域的知识产权许可问题,中伦,2021-08-25,新闻,"以人为本,内部安全,隐私",通常而言，知识产权的权利人可以通过开发产品、出售复制品等方式利用知识产权为自己带来收益。,http://www.zhonglun.com/Content/2021/08-25/1651334751.html
人脸识别“热”中的冷思考：道德伦理问题值得深思,新浪新闻,2020-11-27,新闻,"以人为本,隐私,内部安全",科技日报11月27日报道，人脸识别系统已经给我们的城市带来诸多方便。,https://finance.sina.com.cn/china/gncj/2020-11-27/doc-iiznctke3489386.shtml
从原则到实践：人工智能的“伦理转向”,腾讯研究院,2021-03-03,新闻,"以人为本,公平,共享",按语 / 人工智能作为一项新兴的通用型技术，正在深刻改变我们的经济与社会。,https://www.tisi.org/17802
伦理即服务：科技伦理与可信AI的下一个浪潮,腾讯研究院,2021-08-20,新闻,"以人为本,共享,隐私,公平","科技伦理成为“必选项”和“必答题”
对于科技行业而言，科技伦理已是“必选项”和“必答题”。",https://www.tisi.org/19460
信通院发布《数据安全治理实践指南1.0》,安全内参,2021-07-17,新闻,"以人为本,隐私,内部安全,外部安全",由于数据本身具有流动性、多样性、可复制性等特性，数据安全风险在数字经济时代被不断放大。,https://www.secrss.com/articles/32722
全景解构《个人信息保护法》，助力企业进入中国个人信息保护新纪元,中伦,2021-08-21,新闻,"以人为本,隐私,内部安全",从2020年10月一审稿草案发布至今，历经十个月的讨论、修改，广泛关注的《个人信息保护法》于2021年8月20日经十三届全国人大常委会第三十次会议正式表决通过，将于2021年11月1日施行。,http://www.zhonglun.com/Content/2021/08-21/0130117987.html
冯登国院士：强化隐私保护技术与标准工作 推进个人信息保护法治化进程,安全内参,2020-11-25,新闻,"以人为本,隐私,内部安全,外部安全",2020年10月13日，备受关注的《中华人民共和国个人信息保护法（草案）》提请十三届全国人大常委会第二十二次会议审议。,https://www.secrss.com/articles/27374
刷脸泛滥，人工智能需要处理伦理道德问题的能力吗？,搜狐新闻,2021-03-10,新闻,"以人为本,隐私,内部安全",正如波特兰州立大学计算机科学教授梅拉妮·米歇尔在《AI 3.0：思考人类的指南》一书中所说的那样，当下的人工智能技术对你可能一直在使用的许多服务都起到了核心作用，有些甚至你都没有意识到，如语音转录、GPS导航和出行规划、垃圾邮件过滤、语言翻译、信用卡欺诈警报、书籍和音乐推荐、计算机病毒防护以及建筑物能源利用优化等。,https://www.sohu.com/a/455048013_114988
北京智源人工智能研究院张宏江：AI技术发展需要建立隐私保护共识,新京报,2021-09-13,新闻,"以人为本,隐私,内部安全,远期人工智能",9月11日，HICOOL2021全球创业者峰会在京举办，会后北京智源人工智能研究院理事长张宏江接受了新京报的专访，就目前人工智能的现状和发展分享了自己的看法。,https://baijiahao.baidu.com/s?id=1710748672833111198&wfr=spider&for=pc
医疗数据出境法律风险解读,中伦,2021-05-08,新闻,"以人为本,隐私,内部安全",2021年4月7日，国家发改委以及商务部联合海南省政府出台《关于支持海南自由贸易港建设放宽市场准入若干特别措施的意见》，其中明确海南自贸区放宽部分行业市场准入要求，重点支撑医疗创新。,http://www.zhonglun.com/Content/2021/05-08/1526171336.html
向善还是作恶？AI 开发者如何摆脱伦理困境？,人工智能实验室,2021-08-05,新闻,"以人为本,内部安全,共享",在大多数科幻电影中，人工智能（AI）最典型的形象莫过于冷酷和无情的智慧机器，它们具备了人类大脑的部分智力，但没有人类的情感，当然也就没有所谓的 “人性”。,http://www.ailab.cn/ai/20210805120867.html
国家互联网信息办公室关于《互联网信息服务算法推荐管理规定（征求意见稿）》公开征求意见的通知,全国信息安全标准化技术委员会官网,2021-08-27,新闻,"以人为本,隐私,内部安全,远期人工智能",为了规范互联网信息服务算法推荐活动，维护国家安全和社会公共利益，保护公民、法人和其他组织的合法权益，促进互联网信息服务健康发展，我办起草了《互联网信息服务算法推荐管理规定（征求意见稿）》，现向社会公开征求意见。,https://www.tc260.org.cn/front/postDetail.html?id=20210827164356
在自动驾驶设计中考虑伦理道德,搜狐新闻,2021-05-20,新闻,"以人为本,隐私,内部安全,远期人工智能",每十年都会带来新技术，这些技术对人类生活的影响是如此深远，以至于新一代无法轻易理解在此技术之前的生活方式。,https://www.sohu.com/a/467412170_468661
工信部组织发布人脸信息收集标准：不应强制或欺骗用户刷脸,安全内参,2020-12-04,新闻,"以人为本,隐私,内部安全",从移动支付到美颜美妆，使用人脸识别的APP越来越多，公众对人脸信息的收集使用也越来越关注。,https://www.secrss.com/articles/27618
张凌寒：算法评估制度如何在平台问责中发挥作用 | 上海政法学院学报202103,网易新闻,2021-06-19,新闻,"以人为本,隐私,内部安全",【来源】 北大法宝法学期刊库 《上海政法学院学报》2021年第3期 （文末附本期期刊目录） 。,https://www.163.com/dy/article/GCRRVJA70530W1MT.html
探索机器人伦理原则,中国社会科学网,2021-06-29,新闻,"以人为本,共享",当前，机器人、人工智能等技术发展带来的风险与日俱增。,http://news.cssn.cn/zx/bwyc/202106/t20210629_5343031.shtml
明晰人脸识别案件司法裁判规则，推动AI行业规范发展——最高院人脸识别司法解释解读,中伦,2021-08-03,新闻,"以人为本,隐私,内部安全,共享",2021年7月27日，最高人民法院发布《最高人民法院关于审理使用人脸识别技术处理个人信息相关民事案件适用法律若干问题的规定》（以下简称“《规定》”），自2021年8月1日起实施。,http://www.zhonglun.com/Content/2021/08-03/1601377256.html
智源研究院与清华大学智能产业研究院成立“清华（AIR）-智源健康计算联合研究中心”,北京市科学技术委员会、中关村科技园区管理委员会官网,2021-08-31,新闻,"以人为本,公平,隐私,共享,远期人工智能",8月20日，北京智源人工智能研究院（以下简称智源研究院）与清华大学智能产业研究院（AIR）联合成立“清华（AIR）-智源健康计算联合研究中心”（以下简称联合研究中心）。,http://kw.beijing.gov.cn/art/2021/8/31/art_2330_683044.html
最新监管措施之下，收集个人信息面临更多合规考量——国家网信办发布《汽车数据安全管理若干规定》征求意见稿,中伦,2021-05-21,新闻,"以人为本,隐私,内部安全,共享",近日，某新能源汽车内的摄像头被质疑是否不必要搜集了驾驶员及车内乘客的个人信息，引发热议。,http://www.zhonglun.com/Content/2021/05-21/1304511393.html
服务机器人能为智慧城市做什么？,腾讯研究院,2021-07-06,新闻,"以人为本,内部安全,共享,远期人工智能",提到“服务机器人”，你脑海中第一个画面是什么？是短视频中与宠物斗志斗勇的扫地机器人，还是在疫情期间穿梭酒店实现无接触配送的物流机器人？其实，机器人的价值早已不仅限于此。,https://www.huxiu.com/article/439389.html
欧盟委员会2021年《人工智能法》提案研究,安全内参,2021-06-19,新闻,以人为本,2021年4月21日，为了将欧洲变成值得全球信赖的人工智能中心，加强整个欧盟范围内对于人工智能的使用、投资和创新，欧盟委员会通过了《人工智能法》提案，旨在建立关于人工智能技术的统一规则。,https://www.secrss.com/articles/31997
汽车数据强监管时代开启：《汽车数据安全管理若干规定》（征求意见稿）评析,中伦,2021-05-14,新闻,"以人为本,内部安全,共享",2021年5月12日，国家互联网信息办公室发布了《汽车数据安全管理若干规定（征求意见稿）》（以下简称“《规定》”）并公开征求意见。,http://www.zhonglun.com/Content/2021/05-14/1532157642.html
浅谈人工智能时代下的工程伦理问题,CSDN博客,2021-01-09,新闻,"以人为本,公平,共享","一、引言
近年来，随着大数据基础设施建设以及人工智能技术的发展，社会中涌现出许多新技术，给人们带来更便捷的生活。",https://blog.csdn.net/Alian_W/article/details/112415090
深度丨商汤科技赴港IPO，算法伦理与数据合规或决定成败,AI报道,2021-09-01,新闻,"以人为本,隐私,内部安全,远期人工智能","近日, “AI四小龙”之一的商汤科技提交港股上市招股书，这家从实验室走出来的人工智能公司，已来到经受公开市场检验的时刻。",https://baijiahao.baidu.com/s?id=1709847560920873955&wfr=spider&for=pc
深评丨自动驾驶是该降温还是该添把柴？,网易新闻,2021-08-23,新闻,"以人为本,内部安全,共享,隐私",[汽车之家 行业] 在网上引发论战的蔚来辅助驾驶事故，其实早就被人“预测”到了。,https://www.163.com/dy/article/GI317MMN0527AQ4N.html
白评 | 自动驾驶杀人之后，科技还能以人为本吗？,与非网,2021-08-30,新闻,"以人为本,内部安全,共享,外部安全",特斯拉的AI日掀起一波热浪，大众对科技的崇拜转化为从乔布斯到马斯克的造神热情，背后是人们对“新技术如何满足未来世界的想象”的期待。,https://www.eefocus.com/automobile-electronics/502974
监管科技：被熟视无睹的千亿 AI 金融创业风口,人工智能实验室,2021-08-21,新闻,"以人为本,内部安全,共享",“之前有90%的投资人，都不太理解为什么要坚持监管科技。,http://www.ailab.cn/ai/20210821121309.html
研究：企业如何构建数据安全治理原则,安全内参,2020-09-23,新闻,"以人为本,隐私,内部安全,外部安全","1数据资源是中国在全球合作中的新型比较优势

随着各类智能设备与系统开始大规模收集个人数据信息，数据资源已成为影响各国发展重要因素。",https://www.secrss.com/articles/25824
科技信息: 当自动驾驶汽车驾驶引发伦理问题,华夏热点网,2021-06-17,新闻,"以人为本,公平,共享,外部安全",21世纪是科技高速发展的时代，互联网渐渐走入人们的生活。,https://www.shrmw.com/news/202106/83333.html
科技部发文：生命医学、人工智能技术需加强科技伦理审查,前瞻网,2021-08-02,新闻,"以人为本,公平,共享,远期人工智能,通用人工智能",前段时间，一项“中国科学家实现公鼠怀孕”的研究因涉及伦理道德争议，引起民众的强烈反响。,https://t.qianzhan.com/caijing/detail/210802-1cf2f6e5.html
美国HIPAA隐私规则对于个人健康医疗数据合规的启示,中伦,2021-08-09,新闻,"以人为本,隐私,内部安全,共享",在医疗保健与生命科学领域，健康医疗数据系统的交互性、安全性与个人健康医疗数据的隐私性是看似对立、极难平衡的利益。,http://www.zhonglun.com/Content/2021/08-09/1526261659.html
联合国《自动驾驶汽车框架文件》解读与思考,安全内参,2020-04-30,新闻,"以人为本,隐私,内部安全,外部安全",联合国世界车辆法规协调论坛（WP.29）是目前我国汽车行业参加的主要国际汽车技术法规组织，其制定的汽车法规和认证标准对我国汽车行业和国际贸易发展有着重要作用。,https://www.secrss.com/articles/19127
聚集全球青年领袖，AI助力迈向智能和可持续的未来 | 人工智能国际治理研究院举办“AI促进可持续发展 青年创造营”,清华大学人工智能国际治理研究院官网,2021-08-24,新闻,"以人为本,公平,隐私,远期人工智能",清华新闻网8月24日电 由清华大学人工智能国际治理研究院（I-AIIG）主办，联合国开发计划署（UNDP）支持、多家人工智能学术机构参与的“U&AI Camp | AI for SDGs Youth Bootcamp——AI促进可持续发展青年创造营”于2021年6月启动全球招募，本次青年营围绕“AI助力迈向智能和可持续的未来”下设八大赛道，涵盖AI技术、AI治理、气候变化，生物多样性、数字包容性在内的全球可持续发展主要议题。,https://aiig.tsinghua.edu.cn/info/1294/1305.htm
自动驾驶能违背驾驶员意愿接管汽车吗？,与非网,2021-06-23,新闻,"以人为本,内部安全,外部安全",数以万年来，人类+工具一直是一把双刃剑。,https://rohm.eefocus.com/article/id-2160
自动驾驶，不仅仅是为了解放司机,腾讯新闻,2021-07-23,新闻,"以人为本,公平,共享,外部安全",Tesla其实从这么几年下来，大家会看到它的事故率还是挺高的。,https://new.qq.com/omn/20210723/20210723A08Q0M00.html
黄金新十年来临，人工智能面临哪些机遇与挑战？,36氪,2021-03-05,新闻,"以人为本,公平,共享,远期人工智能,通用人工智能",3月11日，全国两会闭幕， “人工智能”依然是热议话题，不过今年意义却大不一样，十三届全国人大四次会议表决通过十四五规划纲要，智能经济被寄予厚望。,https://www.36kr.com/p/1138755875736834
1亿个行为数据，知乎、清华大学开放国内最大个性化推荐实际交互数据集ZhihuRec,机器之心,2021-06-30,案例,"以人为本,隐私,内部安全,共享",知乎联合清华大学对外开放基于知乎的大规模富文本查询和推荐数据集「ZhihuRec」。,https://www.jiqizhixin.com/articles/2021-06-30-12
App隐私协议现状调查：保障安全的“权利书”，还是窃取信息的“任意门”,安全内参,2021-08-19,案例,"以人为本,隐私,内部安全,外部安全",数字时代，信息技术与生产生活紧密交织。,https://www.secrss.com/articles/33717
CDFS声音|微软严芩：金融科技创新与AI伦理——富有社会责任感的人工智能,搜狐,2021-06-16,新闻,"以人为本,外部安全,公平,隐私",5月19-21日，首届中国（天津）数字金融高峰论坛（CDFS）暨第五届世界智能大会平行论坛在万丽天津宾馆隆重举行。,https://www.sohu.com/a/472290868_121123919
MIT物理学终身教授Max Tegmark：人类的下半场，我们如何与科技和平相处,腾讯研究院,2021-01-23,案例,"以人为本,公平,共享,远期人工智能,通用人工智能","2020年1月11日，由腾讯研究院主办的第三届 "" 科技向善 "" 年度论坛在北京举办，本届论坛以「千里之行·Action Now」为主题，聚焦科技向善的行动路径，分享国内外先进案例和最新研究成果。",https://www.tisi.org/13070
“永远在那里”：人工智能聊天机器人安慰了中国孤独的数百万人,腾讯网,2021-08-24,案例,"以人为本,共享",小冰开创了一套尖端人工智能系统，旨在与全球6.6亿用户建立情感纽带。,https://new.qq.com/omn/20210824/20210824A0A7EO00.html
“钉钉打卡”引发人脸识别安全问题的9个思考,安全内参,2020-11-16,案例,"以人为本,隐私,内部安全,外部安全","前段时间，后台收到读者这样一则问题：

“公司突然要求员工转用钉钉人脸打卡。",https://www.secrss.com/articles/27089
中国着手研究制定人工智能伦理规范,新华社,2019-02-01,案例,"以人为本,外部安全,公平,隐私",在位于安徽合肥的中科大校园，中科大陈小平教授（右）在介绍机器人“佳佳”。,https://baijiahao.baidu.com/s?id=1622167564703200329&wfr=spider&for=pc
人工智能产业治理论坛今开幕，众AI企业承诺自律先行,百家号,2021-08-04,新闻,"以人为本,外部安全,公平,隐私",8月2日-3日，首届全球数字经济大会在京召开，人工智能产业治理论坛作为大会的平行论坛之一备受关注。,https://baijiahao.baidu.com/s?id=1707135408901601446&wfr=spider&for=pc
人工智能＋” 理性正视挑战,光明日报,2021-06-03,新闻,"以人为本,外部安全,公平,隐私",语音识别、文本识别、视频识别……数字经济时代，人工智能技术已走近你我身边，被视为经济增长的新引擎、国际竞争的新阵地和推动智慧社会建设的有效工具。,http://www.legalinfo.gov.cn/pub/sfbzhfx/zhfxfzzx/fzzxrdtj/202106/t20210603_425553.html
发展负责任的人工智能：我国新一代人工智能治理原则发布,新华社,2019-06-17,新闻,"以人为本,外部安全,公平,隐私",新华社北京6月17日电（记者胡喆）17日，国家新一代人工智能治理专业委员会发布《新一代人工智能治理原则——发展负责任的人工智能》，提出了人工智能治理的框架和行动指南。,https://baijiahao.baidu.com/s?id=1636574796623631577&wfr=spider&for=pc
在人工智能时代生存和成长,百家号,2020-11-29,新闻,以人为本,从与机器赛跑到第二次机器革命。,https://baijiahao.baidu.com/s?id=1684667501691545873&wfr=spider&for=pc
基因编辑、人工智能、自动驾驶……新技术遭遇伦理拷问，怎么破？,广东省生物产业协会,2020-11-09,案例,"以人为本,公平,内部安全,共享",“关于基因编辑的文章，在2012年只有7篇，2018年达到2750篇 ，作者超过36000人，分布于92个国家，从属于3600多个大学和研究机构。,http://www.gdbia.org/?p=3695
张钹、高文、杨强同台论道“AI精度与隐私的博弈”,腾讯云,2020-06-29,新闻,"以人为本,隐私","AI时代，大众是不是真的就没有隐私了呢？

以联邦学习为代表的新兴AI技术，能否实现AI协作，提升模型精度的同时实现数据隐私的保护。",https://cloud.tencent.com/developer/article/1652263
"手术机器人革新意义与伦理风险并存
——浅谈手术机器人伦理风险问题与解决对策",中国医药报,2021-01-14,案例,"以人为本,内部安全,共享",机器人在医疗系统的推广应用不断取得积极进展。,http://bk.cnpharm.com/zgyyb/2021/01/14/313760.html
打开AI医学“黑箱” 机器人医生也要“持证”上岗,腾讯网,2021-08-29,案例,"以人为本,共享,隐私,内部安全",人工智能（AI）在医疗行业的应用一直都受到广泛关注。,https://new.qq.com/omn/20210829/20210829A07A7M00.html
极验验证码在黑灰产对抗中的角色和实践,安全内参,2021-08-21,案例,"以人为本,隐私,内部安全,外部安全",导读：随着互联网技术的发展，网络上的黑灰产对抗也日益激烈。,https://www.secrss.com/articles/33670
疫情下的机器人护理问题：算法中的种族与性别歧视,澎湃新闻,2021-08-16,案例,"以人为本,共享,隐私,公平",编者按：随着新冠对全世界人民的健康安全造成了巨大威胁，科技公司将目光投向了能够安全地为病人和老年人提供护理的机器人开发领域。,https://www.thepaper.cn/newsDetail_forward_13996582
科技部强调人工智能伦理治理工作 旷视以能动性推进AI治理进程,百家号,2020-05-22,新闻,"以人为本,外部安全,公平,隐私",作为引领新一代科技革命和产业变革的战略性技术，人工智能正深刻影响社会生活、改变世界。,https://baijiahao.baidu.com/s?id=1667368022190956133&wfr=spider&for=pc
自动驾驶小巴撞伤残奥会选手，丰田章男致歉：对AI过于自信,澎湃新闻,2021-08-31,案例,"以人为本,内部安全",残奥会正式开幕不到两天，东京引以为傲的AI黑科技就闯祸了：一辆时速1-2公里的自动驾驶小巴将81公斤级的柔道运动员撞伤以致退赛。,https://auto.sina.com.cn/zz/hy/2021-08-31/detail-iktzscyx1318420.shtml
自动驾驶新考题：当司机想要“主动犯罪”,36氪,2021-06-01,案例,"以人为本,内部安全,共享,外部安全","自动驾驶新考题：当司机想要“主动犯罪”
紫金山科技
2021-06-01
关注
让“杀手”无法得逞。",https://www.36kr.com/p/1249331592963075
自动驾驶车祸谁担责？AGI专家详解法律责任，突破伦理困境,网易新闻,2021-04-13,案例,"以人为本,内部安全,共享",昨日（4月12日），中国首个自动驾驶公交车项目在重庆市永川区正式投入运营，3台L4级自动驾驶公交车（百度巴士）上路载客，标志着中国自动驾驶商业化落地迎来重大突破。,https://www.163.com/dy/article/G7G3M1QQ05327918.html
谈谈滴滴事件以及企业数据安全的治理管控,安全内参,2021-08-29,案例,"以人为本,隐私,内部安全,外部安全",滴滴事件发生以后，身边和行业的朋友们经常会谈到这个问题，也会问我对这个事件的看法，包括滴滴事件对信息安全的影响，以及企业数据安全如何建设等问题。,https://www.secrss.com/articles/33901
负责任的人工智能：可持续发展与治理的协同,北京智源人工智能研究院,2021-06-01,新闻,以人为本,2019年北京智源人工智能研究院联合北京大学、清华大学、中国科学院自动化研究所、中国科学院计算技术研究所、新一代人工智能产业技术创新战略联盟等高校、科研院所和产业联盟，共同发布《人工智能北京共识》以来已整两年。,https://blog.csdn.net/BAAIBeijing/article/details/117268562
起底全球12起自动驾驶车祸：激进的技术和脆弱的人类,安全内参,2018-03-23,案例,"以人为本,内部安全,外部安全",【3月21日消息】昨天凌晨，Uber自动驾驶汽车在美国发生全球首次致路人死亡事件，一时引发轩然大波，这将使得这项大家本来就心存疑虑的新技术雪上加霜，Uber宣布自动驾驶路测全面停摆，而更多专家则呼吁对于自动驾驶的研究要更加理性，科技应该以人为本。,https://www.secrss.com/articles/1594
阿里成立人工智能治理与可持续发展实验室,读创,2021-07-13,新闻,"以人为本,外部安全,公平,隐私",7月13日，阿里巴巴宣布成立人工智能治理与可持续发展实验室（简称AAIG）。,https://baijiahao.baidu.com/s?id=1705149913167027956&wfr=spider&for=pc
黑人被标记为灵长类动物，Facebook致歉，推荐功能已禁用,机器之心,2021-09-01,案例,"以人为本,共享",近日，有 Facebook 用户在观看一段以黑人为主角的视频时收到推荐提示：询问他们是否愿意「继续观看有关灵长类动物的视频」。,https://mp.weixin.qq.com/s/7T6ymrPvi7Q8pqCYO1dYCA
AI哲学｜人形机器人为何争议大？人工智能的突破难在哪？,澎湃新闻,2021-09-29,新闻,"以人为本,隐私,内部安全",近年来，人工智能发展迅猛，强烈冲击并深刻变革人类既有的生活模式。,https://baijiahao.baidu.com/s?id=1712224898773265123&wfr=spider&for=pc
Beyond 5G: Standards for Sixth Generation Networks,战略与国际研究中心,2021-10-07,新闻,"以人为本,内部安全,远期人工智能",人们现在普遍认识到，5G将塑造经济未来，并将成为未来创新和经济增长的基础设施。,https://virt.com/event/beyond-5g-standards-for-sixth-generation-networks-646/
CCAI 2020 | 探秘AI的未来：对话Yolanda Gil,知乎,2020-07-30,新闻,"以人为本,合作,共享,远期人工智能","CCAI 2020 | 探秘AI的未来：对话Yolanda Gil
中国人工智能大会
中国人工智能大会
中国人工智能大会
2020年中国人工智能大会（Chinese Congress on Artificial Intelligence 2020，简称“CCAI 2020”）将于8月29日-30日在南京召开。",https://zhuanlan.zhihu.com/p/165584092
“滴滴”事件引发的数据安全思考,安全内参,2021-09-24,案例,"以人为本,隐私,内部安全,外部安全","前言

“滴滴出行”6月30赴美上市，随即被启动网络安全审查。",https://www.secrss.com/articles/34594
上万台Fortinet VPN设备登录凭证泄露：超一成位于中国,安全内参,2021-09-09,案例,"以人为本,隐私,外部安全","日前，有攻击者在黑客论坛放出了一份近50万条Fortinet VPN设备登录凭证清单，据分析里边包含12856台设备上的498908名用户的VPN登录凭证；

安全研究人员发现，这些Fortinet VPN设备的IP分布在全球各地，其中位于中国（大陆+台湾）的设备占比11.89%，台湾占比8.45%，大陆占比3.44%；

掌握VPN凭证的攻击者很可能访问目标网络，进而实施数据窃取、恶意软件安装与勒索软件攻击等活动。",https://www.secrss.com/articles/34202
专访复旦教授徐英瑾：不怕太智能的机器人，只怕体型太强壮的,澎湃新闻,2021-06-30,新闻,"以人为本,共享,公平,外部安全,远期人工智能",如果对哲学感兴趣，但又不知道该如何入门怎么办？随着近几年知识付费的流行，各大平台上线了不少哲学科普的音视频，一般都是由较资深的哲学研究者开动脑筋，尽可能用大众可以理解的方式讲述哲学史和哲学中的基本问题。,https://baijiahao.baidu.com/s?id=1703983180960174633&wfr=spider&for=pc
中国申请加入CPTPP，数据跨境政策迎来国际大考,安全内参,2021-09-14,案例,"以人为本,内部安全,外部安全,合作",据商务部16日消息，中国正式提出申请加入《全面与进步跨太平洋伙伴关系协定》（CPTPP）。,https://www.secrss.com/articles/34461
中国科学院外籍院士约翰·霍普克罗夫特：人工智能是推进信息革命的主要力量,人民资讯,2021-05-21,新闻,"以人为本,共享,远期人工智能",天津北方网讯：昨天，在第五届世界智能大会高峰会上，图灵奖获得者，中国科学院外籍院士约翰·霍普克罗夫特通过网络连线进行了发言。,https://baijiahao.baidu.com/s?id=1700331149765849509&wfr=spider&for=pc
中科院院士谈“自动驾驶”：要“非常慎重”，必须解决计算机视觉不安全性的问题,红星新闻,2021-09-11,新闻,"以人为本,外部安全,内部安全",9月10日-13日，2021世界机器人大会在北京开幕。,https://baijiahao.baidu.com/s?id=1710608211101171877&wfr=spider&for=pc
为什么控制系统信息安全建设需要基于行为分析？,安全内参,2021-09-26,新闻,"以人为本,隐私,内部安全,外部安全","1、工业控制系统与IT信息系统的区别

工业控制系统由控制器、PLC模块、DCS控制柜、触摸屏、HMI设备、通讯卡等硬件，以及SCADA组态软件、编程软件、操作系统软件等软件组成，应用于工业现场环境，用于不同行业的生产业务场景。",https://www.secrss.com/articles/34692
人工智能技术在高级威胁检测中的应用实践,安全内参,2021-10-13,案例,"以人为本,隐私,内部安全",当前，随着互联网技术更加广泛、深入地应用到人们生活的方方面面，多元、多源的数据使大数据的发展来到了前所未有的高度，大量的数据交换给了黑客可乘之机，特别是有专业工具的APT攻击团队。,https://www.secrss.com/articles/35087
从《数据安全法》视角探讨重要数据保护,安全内参,2021-09-14,新闻,"以人为本,隐私,内部安全,问责",《中华人民共和国数据安全法》(以下简称《数据安全法》)于6月10日第十三届全国人大常委会第29次会议通过，并已于9月1日正式实施。,https://www.secrss.com/articles/34335
医疗数据出境如何做好合规管理？,安全内参,2021-09-28,新闻,"以人为本,隐私,内部安全,外部安全",2021年6月10日，《中华人民共和国数据安全法》经十三届全国人大常委会第二十九次会议表决通过，将于2021年9月1日起施行；2021年8月20日，《中华人民共和国个人信息保护法》获表决通过，自2021年11月1日起施行。,https://www.secrss.com/articles/34751
城市公共安全视频监控系统评估评价体系及方法研究,安全内参,2021-09-30,新闻,"以人为本,内部安全,外部安全,共享","1 引言

很多学者进行了基于公共安全视频监控系统的相关研究，丁雷[1]对无锡市智慧城市公共安全视频监控网络进行了设计，管名豪研究了校园视频监控系统评价指标体系 ，胡洁等构建了视频监控卡口系统后评价指标体系，闻辉等研究了智能视频监控系统的现状并进行了相关展望，瞿浩针对智能视频监控技术进行了研究探索，胡正平等基于视频监控系统的异常检测方法进行了研究，周培培等对视频监控中的人群异常行为进行了研究，马忠基于视频监控深度解析融合技术进行了实战应用研究等等。",https://www.secrss.com/articles/34818
对话阿里云李飞飞：关于云原生数据库的五大预判,雷锋网,2021-09-30,新闻,"以人为本,内部安全,隐私","数据存储、数据分析、数据安全 ...... 如今，围绕 "" 数据 "" 的话题越来越多，离人们的生活也越来越近。",http://www.myzaker.com/article/61554944b15ec0338f1f3d01
张钹院士与青年共话第三代人工智能技术,高校人工智能与大数据创新联盟,2021-09-17,新闻,"以人为本,共享,远期人工智能",9月8日，清华大学探臻人工智能前沿创新论坛举行。,https://www.163.com/dy/article/GK4A21CO0532N2UB.html
恒生研究院院长白硕：数据安全进入下半场,安全内参,2021-09-22,案例,"以人为本,隐私,内部安全,远期人工智能,透明",近年来，随着数字化进程向纵深发展，业界对数据地位的认识，发生着飞跃性的跳变。,https://www.secrss.com/articles/34529
清华大学战略与安全研究中心成功承办“人工智能与国际安全：挑战与机遇”分论坛,观察者网,2020-12-19,新闻,"以人为本,合作,共享,远期人工智能",2020年12月18日晚上九点，在首届清华大学人工智能合作与治理国际论坛上举行了“人工智能与国际安全：挑战与机遇”分论坛，由清华大学战略与安全研究中心（以下简称中心）承办。,https://www.guancha.cn/politics/2020_12_19_575115.shtml
清华大学朱旭峰：建议在有条件有需求的地区试行公民数据分红权,财联社,2021-07-10,新闻,"以人为本,共享,远期人工智能",【清华大学朱旭峰：建议在有条件有需求的地区试行公民数据分红权】清华大学全球可持续发展研究院执行院长朱旭峰今天在2021世界人工智能大会上建议，对于城市治理中使用生物特征识别技术，要在鼓励发展、预防先行的策略之下，探索建立生物特征识别技术风险分级的预防机制，在有条件有需求的地区，试行公民数据分红权，实验如何撬动政府的使用权、企业的开发权和公民的数据分红权。,https://www.163.com/money/article/GEHSHQ7H00259FVR.html
演讲实录丨人工智能促进会Yolanda Gil主席独家分享《深思型人工智能：洞见数据科学与科学探索的新关系》,中国人工智能学会,2020-09-20,新闻,"以人为本,合作,共享,公平,远期人工智能",8月29日至30日，由中国科学技术协会、中国科学院、南京市人民政府为指导单位，中国人工智能学会、南京市建邺区人民政府、江苏省科学技术协会主办的主题为“智周万物”的2020中国人工智能大会（CCAI 2020）在新加坡·南京生态科技岛举办。,https://www.sohu.com/a/419695092_505819
热点 | “未来，上海会成为全球 AI 领先城市”,澎湃新闻,2021-07-08,新闻,"以人为本,共享,远期人工智能",今年82岁的图灵奖得主、美国康奈尔大学教授约翰·霍普克罗夫特已经在计算机科学领域教了五十余年的书，堪称计算机科学教育的“活化石”。,https://m.thepaper.cn/baijiahao_13499090
第九届世界和平论坛 “人工智能与国际安全”圆桌会议顺利举行,清华大学战略与安全研究中心,2021-07-07,新闻,"以人为本,外部安全,内部安全,合作,远期人工智能",2021年7月3日，由清华大学战略与安全研究中心与人工智能国际治理研究院共同承办的第九届世界和平论坛“人工智能与国际安全”圆桌会议顺利举行。,http://ciss.tsinghua.edu.cn/info/yw/3720
美国人工智能协会（AAAI）主席Yolanda Gil到访自动化所,中国自动化研究所,2019-05-22,新闻,"以人为本,合作,共享",5月20日下午，美国人工智能协会现任主席、南加州大学信息科学研究所科研副主任Yolanda Gil教授到访自动化所。,http://www.bjb.cas.cn/kjhz_gzjz2016/201905/t20190522_5300910.html
聚焦后疫情时代的人工智能国际合作与治理,新浪新闻综合,2020-12-21,案例,"以人为本,合作,共享,公平,远期人工智能",近日，由清华大学人工智能国际治理研究院主办、联合国开发计划署作为国际支持机构的首届清华AI合作与治理论坛在中国北京召开。,https://news.sina.com.cn/2020-12-21/doc-iiznezxs8132683.shtml
英国文化协会巴里·奥沙利文教授访问北外网院作学术讲座,北外网课,2017-09-05,新闻,"以人为本,共享,透明",2017年9月4日，英国文化协会（British Council）英语语言测评高级顾问，伦敦总部测评研发中心主任Barry O’Sullivan（巴里·奥沙利文）教授到访北外网院并在我校图书馆报告厅进行了题为<Technology in Language Assessment: Focusing on the Rating of Speaking>（信息技术在语言测评中的应用：口语评分的研究）的学术讲座。,https://www.sohu.com/a/169654085_239976
观点｜朱旭峰 周慎：让人工智能助力全球可持续发展,清华大学公共管理学院,2021-03-10,新闻,"以人为本,共享,外部安全,内部安全",2015年9月25日，在联合国总部纽约召开的联合国可持续发展峰会通过了一份由193个会员国共同达成的成果文件《2030年可持续发展议程》（以下简称“2030议程”），所制定的联合国可持续发展目标（SDGs）包括17项可持续发展目标和169项具体目标，继千年发展目标（MDGs）之后继续指导2015-2030年的全球发展工作，推动世界经济、社会、环境三位一体的可持续发展，为各国的发展和国际协作指明了方向，勾画了世界繁荣可持续的蓝图。,https://baijiahao.baidu.com/s?id=1693842411886625312&wfr=spider&for=pc
阿里云回应“用户注册信息泄露”事件：员工私下透露,安全内参,2021-08-23,案例,"以人为本,隐私,外部安全",8月23日消息，针对媒体报道“阿里云将用户留存的注册信息泄露给第三方合作伙伴”，阿里云回应：根据自查，该投诉事件应为2019年双11前后，阿里云一名电销员工违反公司纪律，利用工作便利私下获取客户联系方式，并透露给分销商员工，从而引发一名客户投诉。,https://www.secrss.com/articles/33712
麻省理工物理学与人工智能研究教授迈克斯·泰格马克：让人工智能服务可持续发展,潇湘晨报,2020-06-24,新闻,"以人为本,合作,共享",内容提要：昨日，麻省理工物理学与人工智能研究教授迈克斯·泰格马克在第四届世界智能大会主题峰会上发表演讲时提出了这样的观点。,https://baijiahao.baidu.com/s?id=1670349160594021183&wfr=spider&for=pc
"ACM MM 2021 , 人脸可胖可瘦，浙大提出稳定连续的视频人脸参数化编辑",机器之心,2021-10-17,案例,以人为本,​来自浙江大学计算机辅助设计与图形学国家重点实验室的研究者，提出了一个鲁棒且易于实现的基于视频序列的人脸胖瘦参数化方法。,https://www.jiqizhixin.com/articles/2021-10-17-3
特斯拉公开事故前一分钟行车数据，是侵犯隐私还是行使权利？,安全内参,2021-04-23,案例,隐私,4月23日，特斯拉车主维权事件再次登上热搜。,https://www.secrss.com/articles/30756
特斯拉安全吗？自动驾驶汽车亟需“网络安全带”,安全内参,2021-04-07,新闻,外部安全,"电动汽车,自动化驾驶,车联网和共享出行正在汽车行业掀起一场深刻的数字革命，但一个关键事实经常被狂热的资本和创业家们冷落和漠视：自动驾驶是典型的“安全优先”市场。",https://www.secrss.com/articles/30326
特斯拉自动驾驶曝漏洞：毫米波干扰导致雷达失灵撞车,安全内参,2020-10-25,案例,外部安全,10月24日，上海浦东。,https://www.secrss.com/articles/26504
黑掉路边广告牌，就能让特斯拉自动驾驶系统紧急停车,安全内参,2020-10-12,案例,外部安全,片头先播放一段广告（没收钱）：这段广告来自麦当劳，但有人在上面「动了手脚」：除了汉堡和薯条，还有一个「STOP」交通标志一闪而过。,https://www.secrss.com/articles/26156
"The Chinese Approach to AI: An Analysis of Policy, Ethics, and Regulation",montrealethics,2021-03-29,新闻,透明,"Introduction
It is no news to anyone that China is a leading force in AI, but what is their strategy in becoming an AI-superpower and what are they trying to achieve exactly? In this paper, the authors shed some light on the current Chinese policies and on China’s future plans for AI while also looking at some AI ethical standards that China is trying to develop.",https://montrealethics.ai/the-chinese-approach-to-ai-an-analysis-of-policy-ethics-and-regulation/
“走向智慧治理”研讨会：为人工智能国际治理贡献中国智慧,中国网,2021-04-23,新闻,"以人为本,合作,共享",中国网4月23日讯（记者卫芸辉吴亮）4月22日，由清华大学人工智能国际治理研究院（I-AIIG）主办的“走向智慧治理：人工智能治理中的政府、企业与公众”国际学术研讨会在京举行。,http://t.m.china.com.cn/convert/c_q2JKvwPn.html
《数据安全能力成熟度模型》实践指南：数据分级分类,杭州美创科技有限公司,2021-08-19,新闻,"以人为本,透明,隐私,问责,内部安全,外部安全",2019年8月30日，《信息安全技术 数据安全能力成熟度模型》（GB/T 37988-2019）简称DSMM（Data Security Maturity Model）正式成为国标对外发布，并已于2020年3月起正式实施。,https://cloud.tencent.com/developer/article/1681900
《数据安全能力成熟度模型》实践指南：数据源鉴别及记录,杭州美创科技有限公司,2021-09-01,新闻,"以人为本,透明,隐私,问责,内部安全,外部安全",2019年8月30日，《信息安全技术数据安全能力成熟度模型》（GB/T 37988-2019）简称DSMM（Data Security Maturity Model）正式成为国标对外发布，并已于2020年3月起正式实施。,https://cloud.tencent.com/developer/article/1690317
《数据安全能力成熟度模型》实践指南：数据采集管理,杭州美创科技有限公司,2021-08-21,新闻,"以人为本,透明,隐私,问责,内部安全,外部安全",2019年8月30日，《信息安全技术 数据安全能力成熟度模型》（GB/T 37988-2019）简称DSMM（Data Security Maturity Model）正式成为国标对外发布，并已于2020年3月起正式实施。,https://cloud.tencent.com/developer/article/1684014
专家解读下一代互联网创新模式，核心技术2根本,人工智能学家,2018-06-22,新闻,"以人为本,合作,共享,外部安全",专访了IPv6推动者、中国工程院院士吴建平，下一代互联网国家工程中心主任刘东，北大互联网发展研究中心主任田丽三位专家，请他们畅谈下一代互联网发展的昨天、今天和明天。,https://blog.csdn.net/cf2SudS8x8F0v/article/details/80780500
世界需要公正的数据安全全球规则（国际论坛）,人民日报,2020-09-11,新闻,"以人为本,合作,共享,隐私,外部安全",9月8日，中方发起《全球数据安全倡议》。,http://sh.people.com.cn/n2/2020/0911/c138654-34285813.html
中国信通院杨婕：《个人信息保护法》正式出台——中国走出第三条路,信通院知产中心,2021-08-03,新闻,"以人为本,隐私,问责,内部安全,外部安全",近年来，新一轮科技革命和产业变革蓬勃发展，数字化、网络化、智能化加速推进，个人信息处理活动更为普遍。,https://baijiahao.baidu.com/s?id=1708844554200615361&wfr=spider&for=pc
人工智能产业数据抓取及应用的法律隐患,知乎（知识产权那点事）,2019-09-11,新闻,"以人为本,透明,隐私,问责",天我们着重讨论一下人工智能产业兴起的基础要素——数据的相关法律问题。,https://zhuanlan.zhihu.com/p/82077864
人工智能伦理研究的意义及重点,《网络传播》杂志,2020-04-17,新闻,"以人为本,合作,共享",作为新一轮科技革命和产业变革的代表，人工智能正在同实体经济和社会生活深度融合，形成大量新产品和新产业，大幅提升社会生产效率。,http://www.cac.gov.cn/2020-04/17/c_1588668464567576.htm
从边界组织视角看新兴科技的治理机制——以合成生物学领域为例,自然辩证法通讯,2020-01-16,新闻,"以人为本,合作,共享,公平,透明","The Governance Mechanism of Emerging Technology from the Perspective of Boundary Organization: Taking Synthetic Biology as an Example

　　作者简介：黄小茹(1979- )，女，浙江乐清人，中国科学院科技战略咨询研究院副研究员，研究方向为科技政策、科技伦理，E-mail:xrhuang@casisd.cn，中国科学院大学公共政策与管理学院；饶远(1993- )，女，河北廊坊人，中国科学院大学公共政策与管理学院硕士研究生，研究方向为科技政策，科技伦理，E-mail:739881685@qq.com，中国科学院大学公共政策与管理学院。",http://edu.cssn.cn/zhx/zx_kxjszx/202001/t20200116_5079400.shtml
取消算法推荐，2技术上的倒退吗？,腾讯研究院,2021-10-08,新闻,"以人为本,透明,隐私,内部安全",算法推荐技术从90年代开始显露优越性以来，被充分运用于电商、社交、内容资讯等等众多领域，并均为这些领域的革新做出了贡献。,http://www.199it.com/archives/1321556.html
工信安全中心发布《人工智能安全测评白皮书 (2021)》,国家工业信息安全发展研究中心,2021-10-18,新闻,"以人为本,隐私,问责,内部安全,外部安全",10月16日，在“第二届两化融合暨数字化转型大会人工智能论坛”上，国家工业信息安全发展研究中心工程师朱倩倩发布最新研究成果《人工智能安全测评白皮书(2021)》。,https://www.secrss.com/articles/35230
杨斌参加亚洲科技前沿大学协会2021年度论坛,清华大学官网,2021-06-24,新闻,"以人为本,合作,共享",清华新闻网7月7日电 6月24日至30日，亚洲科技前沿大学协会（ASPIRE League）2021年度论坛系列活动在线举办，本届论坛以“新常态下更好的生活”为主题，分为学术研讨会、副校长及高级职员会议及学生工作坊（6月24日）三部分展开。,https://www.tsinghua.edu.cn/info/1181/85693.htm
首届清华大学人工智能合作与治理国际论坛开幕——聚焦后疫情时代的人工智能国际合作与治理,新浪网,2020-12-18,新闻,"以人为本,问责,内部安全,外部安全",2020年12月18日，首届清华大学人工智能合作与治理国际论坛在清华大学主楼后厅成功举行。,http://k.sina.com.cn/article_1887344341_707e96d502000zym7.html
一起用AI守住濒危动植物的家园——腾讯联合三大公益机构发起公益创新挑战赛,DoNews,2020-12-31,案例,"以人为本,合作,共享,内部安全,外部安全",12月30日，由腾讯基金会、企鹅伴成长、腾讯优图实验室、腾讯云AI、腾讯云开发联合发起的腾讯Light·公益创新挑战赛在三亚宣布正式启动。,https://www.donews.com/news/detail/4/3130816.html
中医聪宝获得国际关注 渥太华大学科研主席探访中医人工智能,教育新闻网,2019-07-15,新闻,"以人为本,合作,共享",7月12日，渥太华大学科研主席萨迪克（Abdulmotaleb El Saddik）教授造访聪宝科技总部，了解中医人工智能最新进展。,https://new.qq.com/omn/20190715/20190715A0M1FH00.html
太和智库礼聘田进先生为高级研究员,太和智库（TI:Taihe Institute）,2021-12-11,新闻,"以人为本,合作,共享",2021年12月10日，太和智库举行仪式，礼聘田进先生为高级研究员。,http://www.taiheinstitute.org/Content/2021/12-11/1214552201.html
太和智库高级研究员刘扬声先生受邀参与《这就是中国》节目,太和智库（TI:Taihe Institute）,2021-11-29,新闻,"以人为本,合作,共享,公平",太和智库高级研究员刘扬声先生参与录制的全新思想政论节目《这就是中国》于2021年11月29日在东方卫视播出。,http://www.taiheinstitute.org/Content/2021/11-30/1639308641.html
开开心心住酒店，谁来保护我的身份证号,阿里巴巴人工智能治理与可持续发展实验室,2021-09-02,案例,"以人为本,透明,隐私,问责,内部安全,外部安全","今天，正哥代班知安君现身说法一个“生活案例”，从他的“一个朋友”入住酒店开始

好了，我们要开始正经讲故事了。",https://s.alibaba.com/cn/aaigNewsDetail/2078
阿里巴巴宣布成立人工智能治理与可持续发展实验室,阿里巴巴人工智能治理与可持续发展实验室,2021-09-02,新闻,"以人为本,合作,共享",7月13日，阿里巴巴宣布成立人工智能治理与可持续发展实验室（Alibaba Artificial Intelligence Governance Laboratory，简称AAIG， https://s.alibaba.com/cn/aaig）。,https://s.alibaba.com/cn/aaigNewsDetail/2069
《促进人工智能算法性别平等》报告在沪发布,千龙网,2021-09-28,新闻,公平,9月27日，由联合国妇女署资助支持、玛娜数据基金会主办的“促进人工智能算法性别平等”报告发布会暨政策研讨会在上海举行，会上发布了《促进人工智能算法性别平等研究报告(2021)》(下称《报告》)。,https://reader.gmw.cn/2021-09/28/content_35198060.htm
世界科技与发展论坛发布2021年度人类社会发展十大科学问题,中国新闻网,2021-11-08,新闻,公平,中新网北京11月8日电 (记者 孙自法)第三届世界科技与发展论坛7日下午在北京闭幕，备受关注的“2021年度人类社会发展十大科学问题”在闭幕式上正式对外发布。,http://news.iqilu.com/china/gedi/2021/1108/4993499.shtml
中国和欧洲能否在人工智能伦理方面找到共同点？,世界经济论坛Agenda博客,2021-12-01,新闻,公平,"随着人工智能技术使用频率的增长，对人工智能全球治理框架的需求也在增加；
中国和欧洲之间的文化差异，为两者在协调人工智能使用的核心道德原则方面带来了一系列独特挑战；
我们研究了影响中欧各自当下社会思想的历史因素，以及两者未来可以如何进行合作。",https://cn.weforum.org/agenda/2021/12/zhong-guo-he-ou-zhou-neng-fou-zai-ren-gong-zhi-neng-lun-li-fang-mian-zhao-dao-gong-tong-dian/
人工智能对人本身的冲击究竟在哪？,互联网,2021-10-26,新闻,问责,21世纪被称为是人工智能的世纪，AI技术被愈加广泛地应用于各个领域，其高效、智能、迅捷、精准等优点也使得这一21世纪最前沿的技术受到广泛追捧；但随之而来的即是广泛的社会问题和伦理争议。,http://www.ailab.cn/ai/20211026123538.html
会议︱人工智能、人类增强与当代哲学,澎湃新闻,2021-10-28,新闻,,2021年10月22日-24日，“第二届人工智能哲学工作坊暨第二届人类增强与当代哲学会议”在南京大学召开。,https://www.thepaper.cn/newsDetail_forward_15112124
刑事司法人工智能的包容性规制,《中国社会科学》2021年第2期,2021-09-01,新闻,透明,摘要：我国刑事司法人工智能走在世界前列，但暴露出数据垄断、算法黑箱以及应用场景设置随意等问题。,http://news.cssn.cn/index/dkzgxp/zgshkx/2021nd2q/202109/t20210901_5357055.shtml
国防创新部门发布人工智能使用指南,国家工业信息安全发展研究中心,2021-11-26,新闻,透明,[美国C4ISR网2021年11月24日报道] 国防创新部门（Defense Innovation Unit，DIU）已经发布了新指令，阐明计划如何在其商业原型设计和采购工作中使用五角大楼最近通过的“人工智能使用指南”。,http://www.dsti.net/Information/News/125466
多无人系统协同中的人工智能安全探索,《中国工程院院刊》,2021-10-14,新闻,内部安全,多无人系统协同作为一项人工智能的颠覆性技术，将在空间上分布的无人系统有机连接起来，在给社会创造价值的过程中，也存在着诸多安全隐患，有可能在军事作战、产业升级、政府监管、社会治理以及伦理等多个方面给国家安全带来新的挑战。,https://www.eet-china.com/mp/a82855.html
如何防范AI歧视？,腾讯研究院,2021-11-15,新闻,公平,当前，算法歧视已是AI领域老生常谈的问题，从近年来颇受关注的AI歧视事件来看，这些偏见常见于招聘、司法、贷款、入学、移民等算法评估工具。,https://www.huxiu.com/article/472805.html
当AI有了“自由意志”,51cto,2020-12-14,新闻,内部安全,在人工智能呈现一番欣欣向荣的景象之时，这项技术的问题和潜在威胁也正在显现。,http://www.techweb.com.cn/cloud/2020-12-14/2816295.shtml
无人作战平台运用相关法律问题研究,《光明日报》（ 2021年10月24日 07版）,2021-10-24,新闻,问责,无人作战平台是指无人驾驶的、完全按遥控操作或者按预编程序自主运作的、携带进攻性或防御性武器遂行作战任务的一类武器平台，主要包括无人作战飞机、无人反潜战或反雷战潜水器和无人战车等。,https://news.gmw.cn/2021-10/24/content_35254833.htm
"无治理则无伦理
中国科技伦理问题如何治？",中国科学报,2021-10-19,新闻,问责,“科技伦理治理是全世界共同面临的问题。,https://www.cas.cn/cm/202110/t20211019_4810118.shtml
深度梳理这10个国家的人工智能发展战略,数据实战派,2021-11-30,新闻,,目前，全球主要国家几乎都制定了自己的 AI 战略。,http://www.199it.com/archives/1350741.html
田天：人工智能需要在隐私保护和AI能力之间找到平衡点,新华网,2021-09-29,新闻,"隐私,透明",2021中关村论坛9月24日至28日在北京举行，论坛首次推出年度主题“智慧·健康·碳中和”，聚焦人工智能、生命健康、清洁能源等热点话题。,http://www.bj.xinhuanet.com/2021-09/29/c_1127915614.htm
"科学大家,价值未对齐的人工智能",新浪科技,2021-11-20,新闻,公平,1956 年夏天，一小群数学家和计算机科学家聚集在达特茅斯学院，开始了设计智能机器的宏伟计划。他们探索了认知能力的许多方面，包括推理、创造力、语言、决策和学习。他们的问题和立场将决定人工能（AI）这一新兴领域的发展方向。而在他们看来，最终的目标是制造出在智力上可与人类媲美的机器。,https://finance.sina.com.cn/tech/2021-11-20/doc-iktzqtyu8438274.shtml
第二届人工智能与伦理工作坊成功举办,上海大学,2021-11-26,新闻,,11月11日，由上海大学马克思主义学院及哲学系、上海大学人工智能与伦理研究中心、香港浸会大学宗教与哲学系共同主办的“第二届人工智能与伦理工作坊”在上海大学顺利举行。,https://news.shu.edu.cn/info/1012/62933.htm
算法自律——智能化时代的创新治理探索,光明网,2021-11-20,新闻,,人工智能是引领新一轮科技变革的颠覆性技术，伴随其向社会各领域的渗透融合，在伦理、安全、隐私、公平等方面，也带来了新的挑战和问题。,http://news.jstv.com/a/20211120/1637377403557.shtml
聚焦增长、数字化与效率 Gartner解读2022年“重要战略科技趋势”,"杨清清,实习生史贝琪",2021-11-08,新闻,,"21世纪经济报道记者杨清清 实习生史贝琪 北京报道

近日，在Gartner2022年战略技术趋势分享会上，Gartner高级研究总监高挺解读了“重要战略科技趋势”。",https://m.21jingji.com/article/20211108/herald/05f9d990a6e34f811fa1516a7da7964b.html
被 AI 阻止的又一次自杀,segmentfault,2021-11-25,新闻,内部安全,人工智能是一门融合了计算机科学、图形学、生物学、语言学等学科的前沿科学。,https://segmentfault.com/a/1190000041018399
规范人工智能：伦理问题在自动驾驶领域最为突出,财经E法,2021-09-30,新闻,"内部安全,外部安全",无独有偶。,https://www.cnbeta.com/articles/tech/1185433.htm
"软科学研究 , 于洋：“人工智能伦理规制下的数据流通”研究报告",科学技术局,2021-10-28,新闻,,导语：为深入贯彻创新驱动发展战略，加快丝路科创中心建设，市科技局按年度征集软科学研究项目，组织高校院所专家围绕全市经济社会发展的重难点问题开展对策研究，形成了一系列对政府决策具有支撑作用的研究成果，我们将陆续编发研究成果的主要内容，供大家学习交流。,http://xakj.xa.gov.cn/ztzl/zkgd/617a1808f8fd1c0bdc5e644a.html
难道仅仅是算法和模型？这几点让我们彻底了解AI,比特网,2021-04-30,新闻,,时下，在数字化转型中AI承担着更重要的职责，整个数字化转型的进程正逐步由原来的“云+大数据”等技术驱动，转变为“云+大数据+AI”驱动。,http://www.techweb.com.cn/cloud/2021-04-30/2837746.shtml
高价值与高风险并存：人脑“外挂”？脑机接口该如何健康发展,火石创造,2021-10-05,新闻,外部安全,脑机接口技术，又称脑机融合感知技术，是一种以计算机、电极、芯片等外部装置设备代替神经、肌肉等常规中介来实现大脑与外界信息交互的新型通信控制技术。,https://med.sina.com/article_detail_103_2_106472.html
[研讨会综述]大数据时代的信息伦理与人工智能伦理,湖南师范大学,2018-01-02,新闻,"道德,向善,福祉,以人为本",2017年12月24日，第四届全国赛博伦理学暨人工智能伦理学研讨会在湖南长沙召开。,http://www.hunnu.edu.cn/info/1026/1481.htm
"“人工智能的治理与伦理”学术研讨会在沪举行
学者建言：人工智能发展应坚持以人为本",人民网,2020-12-09,新闻,"福祉,道德,以人为本",人民网上海12月9日电（马作鹏）近日，一场关于人工智能应用在社会科学领域的探讨在上海开展，与会院士、科学家、社会学者共同探讨了人工智能、科技进步与社会伦理之间的关系，并提出具有前瞻性的学术观点。,http://sh.people.com.cn/n2/2020/1209/c134768-34465496.html
《未来基石——人工智能的社会角色与伦理》在京发布,中国发展研究基金会,2018-07-09,新闻,"内部安全,以人为本,公平,透明,道德,包容,负责",2018年7月9日，中国发展研究基金会和微软公司在北京联合举行《未来基石——人工智能的社会角色与伦理》报告发布会。,https://www.cdrf.org.cn/jjhdt/4536.htm
【AI·观点】上海社会科学院互联网研究中心主任、研究员惠志斌： 人工智能是唯一无法试错的技术,江苏省科协,2020-07-14,新闻,隐私,人工智能发展最大的问题，不是技术上的瓶颈，而是人工智能与人类的关系问题，这催生了人工智能伦理问题的争议。,https://www.scimall.org.cn/article/detail?id=2309083
上海市IT青年前沿学术报告会“AI伦理道德：智能化软件技术的新挑战”成功举办,上海市计算机学会,2020-01-22,新闻,公平,2020年1月16日下午，上海市计算机学会青年工作委员会在复旦大学（邯郸校区）逸夫楼一楼圆桌会议室圆满举办了以“AI伦理道德：智能化软件技术的新挑战”为主题的上海市IT青年前沿学术系列报告会。,http://www.scs.sh.cn/shhash/shjsjxh/hash/hyhdzj/2020/01/22/2c93fc156f4133ac016fcc20aa6808f4.html?tm=1594780115697
习近平致信祝贺2018世界人工智能大会开幕,CNR,2018-09-17,新闻,"道德,人权,内部安全,以人为本","习近平致信祝贺2018世界人工智能大会开幕强调

　　共享数字经济发展机遇

　　共同推动人工智能造福人类

　　新华社上海9月17日电 2018世界人工智能大会17日在上海开幕。",http://news.cnr.cn/native/gd/20180917/t20180917_524362551.shtml
人工智能产品的道德审查,网谱数据科技有限公司,2020-12-25,新闻,"公平,隐私,道德",索尼最早将于2021年春季开始审查其使用人工智能产品的道德风险。,http://www.wangpudata.com/newsinfo/1007889.html
人工智能在行政司法中的伦理考量,百度公共政策研究院,2019-09-09,新闻,"道德,公正,责任,透明",随着人工智能对社会各个领域的深入，人工智能进入行政司法领域也将成为一种现实。,https://baijiahao.baidu.com/s?id=1644205133879928652&wfr=spider&for=pc
人工智能的伦理挑战,人们网,2019-04-01,新闻,公平,控制论之父维纳在他的名著《人有人的用处》中曾在谈到自动化技术和智能机器之后，得出了一个危言耸听的结论：“这些机器的趋势是要在所有层面上取代人类，而非只是用机器能源和力量取代人类的能源和力量。,http://theory.people.com.cn/n1/2019/0401/c40531-31005609.html
人工智能的六大伦理原则！,企业观察报,2019-06-03,新闻,"公平,包容,隐私,道德,透明,责任",2018年，微软发表了《未来计算》（The Future Computed）一书，其中提出了人工智能开发的六大原则：公平、可靠和安全、隐私和保障、包容、透明、责任。,https://baijiahao.baidu.com/s?id=1635289211178190790&wfr=spider&for=pc
人工智能的社会和伦理问题,新湖南新闻客户端,2018-03-26,新闻,道德,2017年7月8日国务院发布《新一代人工智能发展规划》，提出了面向2030年我国新一代人工智能发展的指导思想、战略目标、重点任务和保障措施，部署构筑我国人工智能发展的先发优势，加快建设创新型国家和世界科技强国。,https://hunan.voc.com.cn/xhn/article/201803/201803261512172033.html
保障人工智能健康发展,人民日报,2020-07-13,新闻,"道德,隐私,尊重,向善",人工智能作为一种具有代表性的颠覆性技术，正在释放科技革命和产业变革积蓄的巨大能量，深刻改变着人类生产生活方式和思维方式。,http://www.ahwx.gov.cn/wlyj/202007/t20200713_4659015.html
共商智慧检法大数据应用 腾讯助力检法智能化建设,央广网上海,2018-10-24,新闻,"内部安全,外部安全,道德",主题为“智慧城市建设与风险治理的中国方案”的首届上海市大数据社会应用研究会年会今天（19）在沪举行。,http://www.tsinghua-zj.edu.cn/news/media/8e188c61-4fbf-4bdf-99b4-13ab5015eb0f
发展人工智能不能忽视安全,贵州省大数据发展管理局,2020-12-22,新闻,"道德,隐私",全球新一轮科技革命和产业变革方兴未艾，而作为引领新一轮科技革命和产业变革的核心驱动力量之一，人工智能近年来被广泛应用于金融、电商、医疗等领域。,http://dsj.guizhou.gov.cn/xwzx/gnyw/202012/t20201222_65666422.html
大数据时代的信息伦理与人工智能伦理,岳麓讲坛,2017-12-24,新闻,"道德,以人为本,隐私,内部安全,公平,公正,人权","2017年12月24日,第四届全国赛博伦理学暨人工智能伦理学研讨会在湖南长沙召开。",https://ldhn.rednet.cn/c/2018/01/02/4518982.htm
山东首个！神思电子发布《神思人工智能研发与应用准则》,大众日报,2020-12-25,新闻,"以人为本,尊重,责任,公平合作,内部安全,外部安全,向善",当前，新一代人工智能技术正加速应用到政治、经济、社会等领域的方方面面，在推动经济社会更加高效智能运行的同时，也产生了复杂多元的伦理法律问题。,https://dzrb.dzng.com/articleContent/705_823855.html
智能时代的数据伦理与算法伦理──第五届全国赛博伦理学暨数据伦理学研讨会综述,红网,2018-12-15,新闻,"道德,透明,责任,以人为本,人权","第五届全国赛博伦理学暨数据伦理学研讨会开幕式

第五届“全国赛博伦理学暨数据伦理学研讨会”于2018年12月15-16日在海南海口举行。",https://baijiahao.baidu.com/s?id=1620179895088242896&wfr=spider&for=pc
用未来眼光与理性约束去开发人工智能,贵州省大数据发展管理局,2021-01-14,新闻,"人权,以人为本,公平,道德",前不久，一段热舞视频引发不少人的围观和讨论。,http://dsj.guizhou.gov.cn/xwzx/gnyw/202101/t20210114_66147402.html
科技日报：人工智能治理需用好“人工”,新浪科技,2020-11-30,新闻,"人权,以人为本,道德,隐私",近日，人脸识别成为售楼处标配的新闻上了热搜，将个人信息安全问题推上舆论的风口浪尖，乃至有人戏言要戴头盔看房。,https://finance.sina.com.cn/tech/2020-11-30/doc-iiznezxs4349519.shtml
第三届中国人工智能法律与伦理论坛在渝举办,东方网,2019-12-18,新闻,"隐私,内部安全,公平",法制网讯 记者 战海峰 近日，由中国人工智能学会、西南政法大学主办，中国人工智能学会AI伦理专委会、西南政法大学高等研究院、西南政法大学人工智能法律研究院、西南政法大学人工智能法学院、西南政法大学国家安全学院承办的“第三届中国人工智能法律与伦理论坛”在重庆成功举办。,http://news.eastday.com/eastday/13news/auto/news/society/20191218/u7ai8977526.html
第四届全国赛博伦理学暨人工智能伦理学研讨会在我校召开,湖南师范大学,2017-12-27,新闻,道德,12月24日，第四届全国赛博伦理学暨人工智能伦理学研讨会在我校召开。,http://www.hunnu.edu.cn/info/1113/1995.htm
聚焦AI前沿，共筑美好家园——信息学院助力上海市人工智能战略发展,信息科学与技术学院,2020-07-15,新闻,责任,科技是当今时代能够获得叠加性的进步力量，人工智能近年来的飞速发展已经成为新一轮产业变革的核心驱动力，赋能实体经济高质量发展的重要抓手，是引领未来创新发展的战略高地。,https://sist.shanghaitech.edu.cn/2020/0715/c2858a54068/page.htm
计算中心参加IEC/SEG10国际电工委员会自主与人工智能应用伦理系统评估组第三次全会,山东省计算中心,2020-07-10,新闻,道德,7月1日至7月3日，IEC/SEG10国际电工委员会自主与人工智能应用伦理系统评估组召开第三次全会采用网络视频形式召开，来自中国、德国、英国等国的31位专家参加会议。,http://www.sdas.org/kydt/10834.htm
防范伦理道德风险 保障人工智能健康发展,四川省大数据中心,2020-07-13,新闻,"道德,隐私","人工智能作为一种具有代表性的颠覆性技术,正在释放科技革命和产业变革积蓄的巨大能量,深刻改变着人类生产生活方式和思维方式。",http://www.scdsjzx.cn/scdsjzx/chongdianzhan/2020/7/13/11da539685894dc19d38ef3aa416c642.shtml
马克思主义学院,上海交通大学科学史与科学文化研究院,2020-11-03,新闻,隐私,,http://ma.sjtu.edu.cn/news/view/885
凯原法学院2021年国家社科基金立项再创佳绩,为新SO,2021-10-19,案例,以人为本,2021年国家社科基金项目立项名单已于近日由全国哲学社会科学规划办公室公示完毕，至此，凯原法学院本年度共计7项课题获批立项，其中重大项目1项，重点项目1项，一般项目4项，后期资助项目1项。我院获批国家社科基金立项数目创近年来新高。,http://www.weixinso.com/article/yimvpdjt.html
上海交通大学凯原法学院举行数据法律研究中心成立仪式,上海交通大学新闻学术网,2019-09-25,新闻,以人为本,2021年国家社科基金项目立项名单已于近日由全国哲学社会科学规划办公室公示完毕，至此，凯原法学院本年度共计7项课题获批立项，其中重大项目1项，重点项目1项，一般项目4项，后期资助项目1项。我院获批国家社科基金立项数目创近年来新高。,https://news.sjtu.edu.cn/jdyw/20190927/111365.html
专访清华大学薛澜_社会治理应尽快进入人工智能敏捷治理阶段,知乎,2021-01-04,案例,"自主,公平,平等,透明,隐私,外部安全,权益",中国互联网产业和人工智能领域发展非常迅速，是中国经济发展的一大亮点，对中国未来高质量发展有非常重要的引领作用，我们要特别珍惜当前的大好局面。,https://www.zhihumeta.com/40896.htm
人工智能与社交媒体假新闻治理,科学猫,2021-12-28,新闻,"公正,透明,可信",随着数字技术和移动互联网的普及，社交媒体开始快速发展，这对传统新闻行业既是机遇更是挑战。,http://www.scicat.cn/tt/20211228/143798.html
人民日报评论：强化人工智能安全治理,Chinadaily,2021-12-30,新闻,"透明,责任,尊重,隐私,权益,可持续",作为新一轮科技革命和产业变革的重要驱动力量，人工智能技术发展与应用拓展正在按下“快进键”。,https://tech.chinadaily.com.cn/a/202112/30/WS61d3a20aa3107be497a0070a.html
探路人工智能治理新路径：首个《人工智能产业担当宣言》发布,东方财富网,2021-08-03,案例,"尊重,责任,可持续",8月3日，在首届全球数字经济大会的“人工智能产业治理论坛”上，首个《人工智能产业担当宣言》（以下简称“宣言”）正式发布。,https://caifuhao.eastmoney.com/news/20210803191713164190010?from=guba&name=5LiT55So6K6%2b5aSH5ZCn&gubaurl=aHR0cDovL2d1YmEuZWFzdG1vbmV5LmNvbS9saXN0LGJrMDkxMF84Lmh0bWw%3d
Raja Chatila：机器人需与人类产生良好的互动,中国网,2015-11-23,案例,"普惠,可信",2015世界机器人大会今日在国家会议中心开幕，IEEE自动化与机器人学会主席Raja Chatila作题为《机器人技术：科学与工程的融合》的演讲。,http://tech.china.com.cn/it/special/WRC2015/20151123/209975.shtml
专栏 | 对话OpenAI Jack Clark：中国是人工智能领域的领军者,sohu,2018-10-18,案例,"外部安全,可信,人权,可持续",Craig Smith 与 Jack Clark 就全球 AI 发展进行了探讨。,https://www.sohu.com/a/260008006_129720?_f=index_chan30news_415
中央全面深化改革委员会第九次会议,云南日报,2019-07-24,新闻,"以人为本,福祉,普惠,开放,共享,可持续,尊重,公平,向善",中共中央总书记、国家主席、中央军委主席、中央全面深化改革委员会主任习近平7月24日下午主持召开中央全面深化改革委员会第九次会议并发表重要讲话。他强调，全面深化改革是我们党守初心、担使命的重要体现。改革越到深处，越要担当作为、蹄疾步稳、奋勇前进，不能有任何停一停、歇一歇的懈怠。要紧密结合“不忘初心、牢记使命”主题教育，提高改革的思想自觉、政治自觉、行动自觉，迎难而上、攻坚克难，着力补短板、强弱项、激活力、抓落实，坚定不移破除利益固化的藩篱、破除妨碍发展的体制机制弊端。,http://www.yn.gov.cn/ztgg/bwcxljsm/zybs/201907/t20190730_181032.html
习近平：推动我国新一代人工智能健康发展（会议）,新华社,2019-10-31,新闻,"以人为本,福祉,普惠,开放,共享,可持续,尊重,公平,向善",新华社北京10月31日电中共中央政治局10月31日下午就人工智能发展现状和趋势举行第九次集体学习。中共中央总书记习近平在主持学习时强调，人工智能是新一轮科技革命和产业变革的重要驱动力量，加快发展新一代人工智能是事关我国能否抓住新一轮科技革命和产业变革机遇的战略问题。要深刻认识加快发展新一代人工智能的重大意义，加强领导，做好规划，明确任务，夯实基础，促进其同经济社会发展深度融合，推动我国新一代人工智能健康发展。,http://www.scdsjzx.cn/scdsjzx/guojiaxingdong/2019/10/31/f403ea77dc0743d1bbad0cfadfb64e8a.shtml
人工智能存在性风险的伦理应对,cssn,,案例,"平等,人权,以人为本",关于人工智能发展的风险，人们的最早应对理所当然是伦理的考虑。,http://www.cssn.cn/kxk/202006/t20200615_5142856.shtml
全国政协围绕“人工智能发展中的科技伦理与法律问题”协商议政（十三届全国政协第45次双周协商座谈会）,新华网,2020-12-24,新闻,"以人为本,福祉,普惠,开放,共享,可持续,尊重,公平,向善",十三届全国政协第45次双周协商座谈会23日在京召开。中共中央政治局常委、全国政协主席汪洋主持会议。他强调，要深入学习领会习近平总书记关于推动人工智能健康发展的重要论述，牢牢把握人工智能对建设科技强国和实施创新驱动发展战略的重大机遇，历史、辩证、全面看待人工智能发展中的科技伦理与法律问题，坚持统筹发展和安全的原则，探索构建符合中国国情的人工智能治理框架，维护人民利益和国家安全。,http://scitech.people.com.cn/n1/2020/1224/c1007-31977276.html
全国政协围绕“人工智能发展中的科技伦理与法律问题”协商议政（十三届全国政协第46次双周协商座谈会）,新华网,2020-12-25,新闻,"以人为本,福祉,普惠,开放,共享,可持续,尊重,公平,向善",十三届全国政协第45次双周协商座谈会24日在京召开。中共中央政治局常委、全国政协主席汪洋主持会议。他强调，要深入学习领会习近平总书记关于推动人工智能健康发展的重要论述，牢牢把握人工智能对建设科技强国和实施创新驱动发展战略的重大机遇，历史、辩证、全面看待人工智能发展中的科技伦理与法律问题，坚持统筹发展和安全的原则，探索构建符合中国国情的人工智能治理框架，维护人民利益和国家安全。,http://scitech.people.com.cn/n1/2020/1224/c1007-31977277.html
创新人工智能治理，青年科学家发声《上海宣言》,中共上海市科学技术工作委员会,2019-08-19,新闻,"以人为本,福祉,普惠,开放,共享,可持续,尊重,公平,向善",2019世界人工智能大会于8月29日在上海世博中心开幕。为积极应对人工智能现有治理体系新挑战，保障人工智能技术和产业健康高质量发展，29日下午，2019世界人工智能大会治理主题论坛以“合作治理 共创未来”为主题探讨新一代人工智能治理体系。论坛期间，上海市计算机学会青年工作委员会发布《中国青年科学家2019人工智能创新治理上海宣言》（以下简称《上海宣言》），发出人工智能治理与道德标准的中国青年科学家声音，倡导社会各界积极合作，从科学技术、道德伦理、社会责任等方面创新人工智能治理。,http://www.shkjdw.gov.cn/c/2019-08-30/517552.shtml
前沿信息：了解无人机博览会主题演讲Dyan Gibbens,云百科,2021-06-19,案例,"福祉,内部安全,外部安全","商用无人机博览会：你能告诉我你是如何创立公司的吗，特朗布尔?

Dyan Gibbens：我们希翼为能源部门服务并支持环境责任 - 这是最重要的原因。",https://news.xwie.com/guonei/202106/38525.html
吴恩达：我们忽略了AI带来的更大问题，排挤就业,sohu,2017-03-15,案例,"向善,内部安全,外部安全,可信",最近，笔者联系了17名来自不同领域的思想领袖，有AI专家、计算机工程师、机器人专家，也有物理学家和社会科学家。,https://www.sohu.com/a/128991243_563934
议政建言·聚焦人工智能发展（光明日报）,人民日报,2021-02-04,新闻,"以人为本,福祉,普惠,开放,共享,可持续,尊重,公平,向善",人工智能是建设科技强国和实施创新驱动发展战略的重要组成部分。重大科技创新会促进社会生产力和生产关系的变化，也会影响社会生活方式和伦理秩序的调整。我们邀请几位全国政协委员，探讨人工智能发展中的科技伦理与法律问题，探索如何构建符合中国国情的人工智能治理框架，维护人民利益和国家安全。,http://politics.people.com.cn/n1/2021/0204/c1001-32021928.html
A global law for artificial intelligence?,CGTN,2022-02-07,新闻,"以人为本,公平,公正,向善,福祉,人权,责任,透明,开放,共享","At the end of last year, the General Conference of the United Nations Educational, Scientific and Cultural Organization adopted the Recommendation on the Ethics of Artificial Intelligence as the first global standard-setting instrument responding to the ethical concerns related to artificial intelligence (AI).",https://news.cgtn.com/news/2022-02-07/A-global-law-for-artificial-intelligence--17sw7WkcyBy/index.html
冬奥会全自研的“鹰眼”摄像头，是否能引发机器视觉的革命?,OFweek,2022-02-10,新闻,"公平,公正,权益",我国在机器视觉领域起步较晚，但是近几年，政策倾斜、资本涌入、应用增多，让整个机器视觉行业发展极快。,http://www.mei.net.cn/yqyb/202202/1644478843.html
华为正式发布好望云服务，机器视觉普惠时代到来,51cto,2021-03-04,案例,"福祉,普惠,开放,可持续",随着人工智能技术的兴起以及边缘设备算力的提升，机器视觉的应用场景不断扩展，无论是制造、安防或是传统的养殖行业，都离不开智能视频的加持。,https://www.51cto.com/article/648322.html
吴恩达：AI是时候从大数据转向「小数据」了,163,2022-02-12,案例,"开放,可持续",AI大牛吴恩达的工作重心放在了他的Landing AI公司上。,https://www.163.com/dy/article/H00S8FFD0511DSSR.html
市场规模将破百亿，机器视觉呈现蓝海趋势,toutiao,2021-07-05,新闻,"开放,可持续",机器视觉就是用机器代替人眼来对事物做出测量和判断，进而根据判别的结果来控制现场的设备动作。,https://www.toutiao.com/i6981355602232721928/?wid=1645285546844
支持超10亿像素的国产自主创新图像处理软件“悟空图像”亮相服贸会,techwalker,2021-09-03,新闻,"普惠,开放",9月2日，2021年中国国际服务贸易交易会在北京开幕，国产专业图像处理软件厂商亦心科技亮相服贸会，展示其采用全平台设计架构、支持10亿以上像素级别的图像处理软件——“悟空图像”，该软件同时兼容Adobe Photoshop格式，是国产图像处理领域的创新突破。,http://www.techwalker.com/2021/0903/3136101.shtml
无事“自动驾驶”，有事“辅助驾驶”？,qq,2021-11-17,案例,"可信,外部安全,友好",近日来，智能汽车事故频发，且事故原因多与所谓的“自动驾驶”功能有关，这不由得引起了人们对“自动驾驶”发展前景的担忧。,https://mp.weixin.qq.com/s/UTBDd9W1iO0idP9HtibR_A
盘点冬奥会使用的机器人送货小车，自动驾驶能力是核心,51cto,2022-02-18,新闻,"普惠,开放,可持续,可信","1.新石器无人驾驶售货车;
新石器的无人驾驶售货车，就像一个移动的小卖部。",https://www.51cto.com/article/701948.html
终极效率神器!海柔创新HAIPORT自动装卸机创造900箱/小时拣选新高峰,techwalker,2021-12-09,新闻,"普惠,权益,友好,可持续",随着土地资源日益紧张，人力成本不断增加，仓储物流行业的自动化升级始终将“降低成本，提高效率”作为头等大事。,http://ai.zhiding.cn/2021/1209/3137892.shtml
聊天截图厚码也不安全，大神写了算法分分钟给你还原,toutiao,2022-02-17,案例,"尊重,隐私,内部安全,权益",讲个恐怖的故事。 早上跟同事在微信闲谈，聊起了一位女同事最近的变化。 结果他反手就把文字打上马赛克，截图丢进了群里：还欠欠儿地补了一刀： @XXX，他说你坏话了呦~ 万万没想到，这位同事气势汹汹地走了过来，竟然直接点出了“秘密文字”的内容。 见状，这位老师补充道： 都什么年代了，以为打马赛克我就认不出来了？分分钟还原好吧！ …… 好奇如我，马上对这个技术展开了一番“调查”。,https://www.toutiao.com/a7065522683563328004/?log_from=76c9d8ea3777c_1645173197238
自动驾驶“背锅”？上海地铁乘客被屏蔽门夹住身亡，谁来为悲剧担责？,qq,2022-01-26,案例,"外部安全,人权,以人为本",1月22日下午，上海地铁15号线发生严重事故，在祁安路站站台上，一名乘客下车时，被正在关闭的屏蔽门夹住，车辆突然启动，致乘客被带倒挤压，被救出后送医抢救无效身亡。,https://mp.weixin.qq.com/s/5f9c8VrjPZY11a5P9xB1Mw
自动驾驶：没有最安全，只有更安全,sohu,2021-10-28,案例,"外部安全,公平,人权,以人为本","“九章”量子计算原型机、“天机”类脑芯片、 “京华号”国产最大直径盾构机，中国空间站模型、火星车、“嫦娥五号”、“奋斗者”号全海深载人潜水器、“国和一号”核电机组、国家新一代人工智能开放创新平台、时速600公里高速磁浮列车、百度“汽车机器人”、极狐阿尔法S自动驾驶车……

从大国重器到民用科技，短短五年时间，中国在科技创新领域取得了重大进展和突出成就。",https://www.sohu.com/a/497633213_116903?scm=1002.590044.0.10051-169&utm_source=tuicool&utm_medium=referral
还在从事这些工作么，机器视觉和人工智能可能让你在未来十年失业,toutiao,2018-01-07,新闻,"平等,人权",新技术的出现总会改变与之相关的人们的工作，就像大型计算机和个人电脑的普及，替代了原来做手工计算的计算师的工作；互联网的普及改变了从事零售和批发的人们的生活方式，原来的线下商店受到冲击，电商兴起，快递业务繁荣，几年前繁荣的华强北档口，如今繁华不再，档口的老板转行电商或失业；智能手机的普及和移动互联网的兴起，出现了移动支付，让原来的pos机行业受到冲击。,https://www.toutiao.com/a6508126471674921475/
道德人工智能的下一步是什么？,360,2022-01-18,新闻,"问责,可信,人权,以人为本",在当今的数字时代，人工智能(AI)和机器学习(ML)无处不在：面部识别算法、流行病爆发检测和缓解、获得信贷和医疗保健只是其中的几个例子。,http://www.jifang360.com/news/2022118/n0455143036.html
“可信AI”人工智能开发平台专项评测解读,中国信通院CAICT,2022-01-20,新闻,"以人为本,平等",,https://mp.weixin.qq.com/s/wGe0wScngTZTYyFY4S4qhQ
专 家：将算法推荐关进法治的笼子里 持续推进完善我国算法治理体系,中国网信网,2022-01-05,新闻,"公平,公正,透明",,http://www.ciia.org.cn/news/16718.cshtml
中国信通院王亦菲等：数字经济时代人工智能伦理风险及治理体系研究,网易,2021-03-26,新闻,"歧视,平等,隐私,外部安全,内部安全,公平,透明",,https://www.163.com/dy/article/G61HI63705149RFA.html
从动态安全视角理解数据安全制度,中国社会科学报,2021-11-18,新闻,"内部安全,外部安全,以人为本,公开",,http://www.ciia.org.cn/news/16097.cshtml
发改委、网信办等9部委：探索数据和算法安全监管,国家发展和改革委员会,2022-01-20,新闻,"公开,透明,内部安全,外部安全,以人为本,人权,公平,平等,责任",,https://mp.weixin.qq.com/s/lz1mZF6UDCvtqwC5sBzbgA
可信AI成果发布会召开，公布最新可信AI评测结果,中国信通院CAICT,2022-01-19,新闻,"以人为本,内部安全,外部安全,可信",,https://mp.weixin.qq.com/s/6dH24qdZ4p66PEEU-mHl9w
Baidu Apollo launches robotaxis without safety driver in Beijing,tti,2021-05-06,案例,"普惠,合作","Last Sunday (May 2, 2021) Baidu began fully driverless robotaxi services in Beijing without a safety driver behind the steering wheel, marking a landmark step on the road to commercialization of autonomous driving.",https://www.traffictechnologytoday.com/news/autonomous-vehicles/baidu-apollo-launches-robotaxis-without-safety-driver-in-beijing.html
Inceptio Technology secures US$188m in financing,autonomousvehicle,2022-03-01,新闻,"开放,共享","Chinese autonomous driving truck technology and operation company Inceptio Technology has closed a US$188m Series B+ equity financing round. This was led by Sequoia Capital China and Legend Capital. Co-investors include Chow Tai Fook Enterprises Limited, Cedarlake Capital, supply chain solution and finance provider Wuchan Zhongda Group, and an international equity fund. Existing investors including Meituan, Nio Capital, Eight Roads and Broad Vision Funds also participated.",https://www.autonomousvehicleinternational.com/news/mobility-solutions/inceptio-technology-secures-us188m-in-financing.html
AI安全与产业治理论坛正式召开 共话人工智能安全可控发展,TechWeb,2021-06-03,案例,"隐私,尊重,人权",6月3日，北京智源大会期间，由北京瑞莱智慧科技有限公司与阿里安全联合举办的“AI安全与产业治理”论坛正式召开。,http://www.techweb.com.cn/internet/2021-06-03/2842834.shtml
ISC 2021 读秒倒计时，“数字城市发展中的大数据智能与安全”高峰会强势来袭,TechWeb,2021-07-23,新闻,"内部安全,外部安全,可信,责任,可持续",当前，全球正处在新一轮科技革命和产业变革蓄势待发的历史时刻。作为生产要素的大数据正成为各国经济发展和产业革新的矿藏，也为各国数字经济的发展提供了源源不断的新动力。,http://www.techweb.com.cn/news/2021-07-23/2850468.shtml
“人工智能与未来教育发展研究”成果报告会在北师大举行,sina,2022-03-16,新闻,"福祉,普惠,人权",人民网北京3月15日电 （记者孙竞、温璐）近日，2019年度国家社会科学基金教育学重点课题“人工智能与未来教育发展研究”成果报告会在北京师范大学智慧学习研究院举行。,https://k.sina.com.cn/article_7517400647_1c0126e470590348sw.html
“元宇宙”写入“十四五”规划 上海前瞻布局“虚实融合”,chinanews,2022-03-15,新闻,"合作,共享,可持续",中新社上海3月15日电 (记者 郑莹莹)元宇宙在全球掀起“科技热潮”的同时，数月来，也成为上海经济的一个“前沿热词”。,http://www.chinanews.com.cn/cj/2022/03-15/9702496.shtml
《数据安全法》下月起正式实施 行业将迎强政策驱动,TechWeb,2021-08-30,新闻,"负责,人权,道德",《数据安全法》将于9月1日起施行。《数据安全法》是我国第一部有关数据安全的专门法律，法案生效之后，将与《网络安全法》及正在立法进程中的《个人信息保护法》一起，全面构筑中国信息及数据安全领域的法律框架。法案通过标志我国在数据安全领域有法可依，为各行业数据安全提供监管依据。,http://www.techweb.com.cn/it/2021-08-30/2855537.shtml
一键关闭“个性化推荐”，避免“算法”变“算计”,sina,2022-03-17,案例,"人权,以人为本",用了一段时间后，APP就能“猜”到你喜欢什么，并且精准推送相关内容……随着抖音、微信、淘宝等APP上线算法关闭键，允许用户在后台一键关闭“个性化推荐”，这样的情况将迎来改变。,https://finance.sina.com.cn/review/jcgc/2022-03-17/doc-imcwiwss6659474.shtml
上海：2022年拟制定《人工智能产业发展条例》,chinanews,2022-02-16,新闻,"合作,共享,可持续",中新财经2月16日电 16日，上海市市政府举行新闻发布会介绍了《上海市人民政府2022年立法工作计划》有关情况。,http://www.chinanews.com.cn/cj/2022/02-16/9678072.shtml
不避同行不惧黑客携手创业公司 周鸿祎ISC组网络安全“中国联盟”,TechWeb,2021-07-30,案例,"内部安全,外部安全,合作,可持续",7月27日、28日两天，有网络安全行业风向标之称的第九届ISC大会在国家会议中心举办。作为大会主办方，360集团创始人、董事长周鸿祎延续自己一贯的风格，在两天的会议中金句频出、妙语连珠，围绕创新创业、数字化城市、网络安全、生态合作等，向参会观众及行业表达了自己独特的思考与见解。,http://www.techweb.com.cn/news/2021-07-30/2851522.shtml
两会代表热议自动驾驶，美国监管机构更新ADS行业规定，呵护智能驾驶商业化,sina,2022-03-17,新闻,"自动驾驶,智能网联汽车政策先行区",美国监管机构更新ADS行业规定。根据美国国家公路交通安全管理局 （NHTSA）官网，NHTSA 发布了关于自动驾驶（ADS）汽车的最终规定，取消了汽车制造商为自动驾驶汽车配备手动驾驶控制装置的规定。,https://finance.sina.com.cn/stock/stockzmt/2022-03-17/doc-imcwipih8947934.shtml
两会召开在即，全国政协委员周鸿祎关注数字安全、智能汽车安全等难题,TechWeb,2022-02-25,新闻,"内部安全,外部安全,责任,透明",2022年全国两会召开在即。今年已是全国政协委员、360集团创始人周鸿祎连续第五年参会。作为深耕数字安全行业的老兵，周鸿祎今年的提案也是聚焦数字时代的安全难题，包括数字安全、智能汽车安全以及开源软件安全问题。,http://www.techweb.com.cn/news/2022-02-25/2880380.shtml
个人信息保护法通过 给算法戴上紧箍 用户可拒绝个性化推荐平台,sina,2021-08-21,新闻,"内部安全,外部安全,责任,人权,以人为本",8月20日，十三届全国人大常委会第三十次会议表决通过《中华人民共和国个人信息保护法》，11月1日起施行。,https://k.sina.com.cn/article_1644114654_61ff32de02001bp0r.html
中共中央办公厅 国务院办公厅印发《关于加强科技伦理治理的意见》,chinanews,2022-03-20,新闻,"人权,以人为本,责任",新华社北京3月20日电 近日，中共中央办公厅、国务院办公厅印发了《关于加强科技伦理治理的意见》，并发出通知，要求各地区各部门结合实际认真贯彻落实。,http://www.chinanews.com.cn/gn/2022/03-20/9707124.shtml
中国信通院发布首份隐私计算应用报告 蚂蚁集团多个案例入选,TechWeb,2021-11-18,新闻,"隐私,透明,负责,人权",11月18日消息，在2021（第七届）中国互联网法治大会上，中国信息通信研究院（简称中国信通院）发布《数据价值释放与隐私保护计算应用研究报告（2021年）》，称隐私保护计算技术在金融、医疗、政务等领域已具有初步的应用探索，但尚未实现规模化的应用。,http://www.techweb.com.cn/internet/2021-11-18/2865872.shtml
中国发布《新一代人工智能伦理规范》 融入人工智能全生命周期,chinanews,2021-09-25,新闻,"负责,人权,道德,隐私",中新网北京9月25日电 (记者 孙自法)中国国家新一代人工智能治理专业委员会9月25日发布《新一代人工智能伦理规范》，旨在将伦理道德融入人工智能全生命周期，为从事人工智能相关活动的自然人、法人和其他相关机构等提供伦理指引。,https://www.chinanews.com.cn/gn/2021/09-25/9573787.shtml
中国版《人工智能为儿童》项目成果首次发布,chinanews,2021-06-02,新闻,"向善,公平,正义,外部安全",6月1日，2021未成年人网络保护研讨会在浙江宁波举办，重磅发布了《人工智能为儿童——面向儿童群体的人工智能应用调研报告》。,https://www.chinanews.com.cn/sh/2021/06-02/9490640.shtml
中国限制技术出口，TikTok个性化推送算法被点名！字节跳动：严格遵守！,sina,2020-08-31,新闻,"内部安全,外部安全,合作,可持续",日前，国家商务部、科技部更新了《中国禁止出口限制出口技术目录》，共涉及53项技术条目，包括删除9项禁止类或者限制类条目、新增23项限制类条目、修改21项条目的控制要点和技术参数。,https://t.cj.sina.com.cn/articles/view/5772303575/1580e5cd701900nw1g
人工智能“热科技”如何落地应用,chinanews,2021-10-28,新闻,"福祉,普惠,和谐,可信,外部安全",人工智能作诗、写对联，神经医学人工智能研究最新进展，人工智能交通融合感知与数字孪生解决方案，精准医疗辅助诊断平台……10月26日，2021人工智能计算大会在北京举行，一批人工智能技术应用的创新成果吸引了不少观众互动。,https://www.chinanews.com.cn/cj/2021/10-28/9596721.shtml
人工智能作曲算艺术吗？ 最快23秒创作一首歌，AI创作引发音乐行业热议,sina,2022-03-18,新闻,"自主,和谐,人权",教育部办公厅日前公布首批共439个虚拟教研室建设试点名单，其中，中央音乐学院的音乐人工智能虚拟教研室被列入试点名单。,https://k.sina.com.cn/article_1617264814_606580ae02001c2dh.html
人工智能释放巨大应用价值,chinanews,2021-12-14,新闻,"福祉,普惠,以人为本",在科技日新月异的今天，人工智能正在快速融入人们的生产生活，极大提高工作效率，降低生产、管理等成本，为经济社会发展不断注入新动能。,http://www.chinanews.com.cn/gj/2021/12-14/9629112.shtml
人工智能，对我们真的有威胁么？我们要怎么看待它,腾讯网,2022-03-20,新闻,"外部安全,可信",对于人工智能时代，我们现在的讨论越来越多了。其中一种讨论很受重视就是；人工智能将来会不会全面地超越我们。他们会不会毁灭人类，他们会不会变成超级的存在。对我们人类造成威胁。另一种是比较接近我们的。就是人工智能会不会在一些领域取代我们的工作，让我们失业，让我们变得无所事事，人工智能它未来到底能做什么？不能做什么？这两个问题是当下我们最关心的。,https://new.qq.com/omn/20220320/20220320A00BWN00.html
人工智能，开始进入人类职场了,chinanews,2022-01-09,案例,"福祉,普惠,友好,合作",从去年起，仿制真人主播“训练”出的虚拟主播，已开始24小时不间断地播报财经资讯。,http://www.chinanews.com.cn/cj/2022/01-19/9655699.shtml
人类有办法赋予人工智能科技伦理？探索才刚刚开始,新浪财经,2022-03-20,案例,"尊重,人权,以人为本",假设说，人类从来就不是单一的、理性的实体，不知您是否会认同这个观点。 人类对自己大脑和自我的探索才刚刚开始 我们经常听到一句老话叫，人无完人。 我们认知的人类是由数不胜数的，令人讨厌的、嫉妒的、非理性的、不一致的、不稳定的、计算能力有限的、复杂的、不断净化的实体组成。这些特征，使得社会科学有自己存在的理由。,https://t.cj.sina.com.cn/articles/view/1641561812/61d83ed4020012x6m
人脸识别再被315点名，数据隐私安全如何保护？,TechWeb,2021-03-16,新闻,"透明,责任,内部安全,隐私,人权",昨日的3·15晚会上，人脸识别首当其冲，成为了央视第一个曝光的对象。据悉，这是自2017年以来，人脸识别第二次被3·15点名。同时相比4年前，这次的关注点也有所不同。如果说当时，人们更加关注人脸识别的技术漏洞和不足，那么这一次，人脸识别滥用和数据安全问题则愈发揪动人心。,http://www.techweb.com.cn/cloud/2021-03-16/2830357.shtml
人脸识别国家标准制定中：不得强制刷脸、验完应删除,TechWeb,2021-04-25,新闻,"责任,隐私,可持续",最近几年，人脸识别技术发展很快，高铁刷脸进站很方便，但也有部分私人场合中滥用人脸识别，存在隐私安全泄漏的可能，现在人脸识别国家标准正在制定中，有望解决这些问题。,http://www.techweb.com.cn/internet/2021-04-25/2836708.shtml
今年以来351款APP因违法收集个人信息被通报,TechWeb,2021-08-22,案例,"隐私,透明,负责,人权",8月22日消息，据央视报道，今年以来，国家网信办对地图导航、运动健身、短视频等十多种类型的手机应用程序进行了检测。,http://www.techweb.com.cn/it/2021-08-22/2854609.shtml
全国首条支持高级别自动驾驶的路网级智慧快速路开始运营,sina,2022-03-19,新闻,可持续,IT之家 3 月 19 日消息，昨日，绍兴于越智慧快速路工程正式通车。于越快速路是我市第一条建成开通的快速路，也是全国首条支持高级别自动驾驶的路网级智慧快速路。,https://t.cj.sina.com.cn/articles/view/1826017320/6cd6d028020012x6u
创新之路之双链融合｜特种机器人“智”造 造出唐山新未来,腾讯网,2022-03-19,新闻,"福祉,普惠",在河北，以“围绕产业链部署创新链”为指引，一批产业正在通过创新链的完善和延伸成为河北高质量发展的新引擎。,https://new.qq.com/omn/20220319/20220319A03F8P00.html
北京四部门开展App违法违规收集个人信息治理行动,TechWeb,2021-06-21,新闻,"隐私,责任,可信,内部安全",6月21日 消息:今日，北京市委网信办、北京市公安局、北京市市场监管委、北京市通信管理局四部门发布了关于开展北京市2021年度App网络安全专项治理的通告。,http://www.techweb.com.cn/it/2021-06-21/2845132.shtml
华为智能驾驶总裁：百年内机器不会超人类 L5自动驾驶这辈子看不到,TechWeb,2021-07-09,新闻,"可信,责任,外部安全",众所周知，华为曾多次表态不会造车，不过，虽然不造成，却将会成为国内智能汽车零部件供应商，帮助车企造好车。,http://www.techweb.com.cn/internet/2021-07-09/2848231.shtml
周鸿祎：网络安全行业正在面临新的拐点,TechWeb,2021-07-28,新闻,"福祉,普惠,这一辈子,友好",“360想完成一个梦想，也就是打通各地、各行业的安全大脑体系，形成威胁情报和数据的互相查询，构建起一个国家级范围的分布式安全大脑。,http://www.techweb.com.cn/it/2021-07-28/2850978.shtml
国家发改委：加快打造10个国家数据中心集群,TechWeb,2022-03-07,新闻,"福祉,普惠,可持续",3 月 7 日消息，今日，在国务院新闻办新闻发布会上，国家发展改革委副主任林念修表示，近年来，我国信息基础设施建设明显加快，建成了全球规模最大、技术先进的信息通信网络。,http://www.techweb.com.cn/it/2022-03-07/2882020.shtml
城市网络安全能力成熟度开启应用元年360发布2022数字安全十大趋势预测,TechWeb,2022-01-12,新闻,"内部安全,外部安全,责任,人权,以人为本",人工智能加速赋能网络安全，城市网络安全能力成熟度开启应用元年，针对5G与物联网的攻击将大幅增加……近日，三六零(601360.SH，下称“360”)未来安全研究院发布2022数字安全十大趋势预测。,http://www.techweb.com.cn/news/2022-01-12/2873717.shtml
奇安信吴云坤：零信任是数据安全的必然选择和创新方向,TechWeb,2021-12-17,案例,"内部安全,责任,合作,可持续",“数据安全是数字化时代关基保护的核心和关键。”12月16日，在由中国计算机学会计算机安全专委会数据安全工作组举办的“零信任分论坛”上，奇安信集团总裁、中国计算机学会计算机安全专委会常委吴云坤在主题演讲中提出，基于零信任架构，结合零信任与数据实体防护，构建数据安全技术防御体系。,http://www.techweb.com.cn/it/2021-12-17/2870045.shtml
学习负担双减政策下 人工智能助力提质增效,sina,2022-03-18,案例,"福祉,普惠,和谐,可持续","新快报讯 本着解决商会成员家庭中、高考精准备考需求，践行商会服务宗旨的目的，20 广东武宁商会近日举办了""中高考精准备考""专题研讨会。",https://k.sina.com.cn/article_1652484947_627eeb5302001byeq.html
完善应用场景、智能比对数据 信息化手段提升监督效能,chinanews,2022-03-15,新闻,"福祉,普惠,责任,透明",2022年杭州亚运会各赛事场馆建设项目验收、调试工作正在进行。日前，一笔涉及亚运会马术比赛周边配套设施提升项目的工程款被拒收。,http://www.chinanews.com.cn/gn/2022/03-15/9701966.shtml
官方出手！五部门：汽车数据不得违规向境外提供重要数据,TechWeb,2021-08-20,新闻,"透明,责任,内部安全,隐私,人权",8月20日消息，今日，国家互联网信息办公室、国家发展和改革委员会、工业和信息化部、公安部、交通运输部联合发布《汽车数据安全管理若干规定（试行）》，自2021年10月1日起施行。,http://www.techweb.com.cn/it/2021-08-20/2854497.shtml
强化人工智能安全治理,chinanews,2021-12-30,新闻,"隐私,人权,道德,以人为本",作为新一轮科技革命和产业变革的重要驱动力量，人工智能技术发展与应用拓展正在按下“快进键”。今年11月，习近平总书记主持召开的中央政治局会议强调，加快提升生物安全、网络安全、数据安全、人工智能安全等领域的治理能力。这为推动人工智能健康发展提供了重要指引。,http://www.chinanews.com.cn/gn/2021/12-30/9641036.shtml
强化老年人等特殊人群保护力度，共促消费公平,chinanews,2022-03-16,新闻,"责任,外部安全,可信,向善,道德",当“互联网+手机”成为生活不可或缺的一部分，推动着老年人和未成年人纷纷触网，努力与之挂钩。,http://www.chinanews.com.cn/cj/2022/03-16/9703217.shtml
推动人工智能向善发展才是正道,chinanews,2021-12-15,新闻,"负责,合作,可持续,和谐",12月13日，中国向联合国《特定常规武器公约》第六次审议大会提交《中国关于规范人工智能军事应用的立场文件》。,http://www.chinanews.com.cn/gn/2021/12-15/9629903.shtml
施耐德电气发布《中国数据中心可持续发展》洞察报告,TechWeb,2021-10-08,新闻,"合作,友好,和谐",10月15日，全球能源管理与自动化领域数字化转型专家施耐德电气以“共赢数字化、共创高效可持续的未来”为主题在重庆举办2021年数据中心客户峰会，与众多生态伙伴及行业专家，携手共探数据中心行业的低碳可持续发展之道。,http://www.techweb.com.cn/internet/2021-10-18/2861161.shtml
普华永道：人工智能改变就业方式，从业者需“升级”,chinanews,2021-09-04,案例,"人权,以人为本",中新网北京9月4日电 (记者 王恩博)普华永道4日在2021年服贸会上发布的一份报告指出，人工智能等新科技的普及不可避免地改变着传统产业形态和就业方式，从业者需“升级”以应对挑战。,https://www.chinanews.com.cn/cj/2021/09-04/9558464.shtml
机器人做饭、送餐 智慧餐厅如何更有“智慧”？,chinanews,2022-03-18,新闻,"福祉,普惠,和谐,可持续",机器人做饭、送餐，全程没有人工参与。充满科技感的北京冬奥会主媒体中心智慧餐厅，吸引各国运动员、记者前来打卡留念。在中国，各种形式的智慧餐厅已有不少。智慧餐厅何以“智慧”？是不是用了机器人就是智慧餐厅？本报记者试着为您解答。,http://www.chinanews.com.cn/cj/2022/03-18/9705226.shtml
机器学习在网络中的现实应用,TechWeb,2022-03-04,新闻,"外部安全,可信,可持续",快速增长的互联网连接需求给企业改善网络基础设施、性能和其他关键参数带来了压力。网络管理员总是会遇到运行多个网络应用程序的不同类型的网络。每个网络应用程序都有自己的一组特性和性能参数，这些特性和参数可能会动态变化。由于网络的多样性和复杂性，使用为这种网络场景构建的传统算法或硬编码技术是一项具有挑战性的任务。,http://www.techweb.com.cn/cloud/2022-03-04/2881097.shtml
棋手因参赛使用 人工智能遭禁赛,sina,2022-03-17,新闻,"尊重,人权,道德",据中国围棋协会15日消息，因为在第18届倡棋杯中国职业围棋锦标赛预选赛第一轮中违反了“严禁使用人工智能”的规定，职业初段棋手刘睿智被禁赛1年。,https://finance.sina.com.cn/jjxw/2022-03-17/doc-imcwipih8914062.shtml
洛阳尚奇机器人科技公司：加快协作机器人研发 赋能制造业高质量发展,腾讯网,2022-03-20,新闻,"合作,协作型机器人",近日，在位于洛阳机器人智能装备产业园的洛阳尚奇机器人科技有限公司，技术人员正在生产、调试一批人机协作型机器人。,https://new.qq.com/omn/20220320/20220320A06DBN00.html
海口引进管网检测全地形机器人 能更快更精准找到排水管网问题,腾讯网,2022-03-19,案例,"福祉,普惠,友好,合作",新海南客户端、南海网、南国都市报3月19日消息（记者 谭琦）400万像素云台摄像头可水平360°旋转、最长300米的检修距离、快速录制管道内窥影像……日前，海口市排水设施事务中心引进管网检测全地形机器人，提升城市排水管网检修效率，使检测结果更加精确，助力“六水共治”攻坚战中的“治污水”“排涝水”工作。,https://new.qq.com/omn/20220319/20220319A07CAZ00.html
清华大学视觉智能研究中心主任邓志东：人工智能站队L4自动驾驶 | 展望2022,sina,2022-03-16,新闻,"外部安全,可信,可持续",“进步飞快”，是清华大学人工智能研究院视觉智能研究中心主任邓志东教授在接受泰伯网专访时提及自动驾驶最深的感受。,https://t.cj.sina.com.cn/articles/view/1877503207/6fe86ce70190136my
百度Apollo的5G云代驾，成自动驾驶“最优解”？,sina,2022-03-15,案例,"可信,外部安全,道德,以人为本",智能汽车逐渐成为朝阳行业之后，从2016年至今的每一年，几乎都被冠以了各种“元年”的称号。,https://t.cj.sina.com.cn/articles/view/6562995932/1872f5edc001011a8t
科技创新点亮冰雪盛会,腾讯网,2022-03-19,新闻,"福祉,普惠,和谐,可持续",北京冬奥会和冬残奥会期间，在中国科技馆举行的冬梦飞扬——“科技冬奥”主题展览通过新技术手段，向参观者介绍科技冬奥的创新魅力。图为小朋友通过VR(虚拟现实)设备体验雪橇运动。,https://new.qq.com/omn/20220319/20220319A00T3J00.html
算法新闻推送中个性化与公共性的博弈,sina,2021-04-16,新闻,"内部安全,尊重,透明,歧视,人权,以人为本",大数据、AI、物联网等新兴技术的发展，使得算法技术下的个性化生产、精准化推送逐渐渗透到信息产业，给新闻传播以及整个新闻业态都带来了显著影响。,https://t.cj.sina.com.cn/articles/view/7505202169/1bf584bf902000ucnu
算法是如何跑偏的？究竟是个性化推送还是大数据“杀熟”,sina,2022-03-05,新闻,"内部安全,尊重,透明",据中央广播电视总台中国之声《新闻超链接》报道，国家网信办等四部门联合发布的《互联网信息服务算法推荐管理规定》已经从3月1日起正式施行。,https://finance.sina.com.cn/tech/2022-03-05/doc-imcwipih6707092.shtml
网信办：《互联网算法推荐管理规定》今年将落地实施,sina,2022-03-17,新闻,"平等,透明,尊重",3月17日，在国新办2022年“清朗”系列专项行动新闻发布会上，国家互联网信息办公室网络管理技术局局长于永河表示，去年组织开展了“清朗•算法滥用治理”专项行动，对全国范围内300余家互联网企业进行了算法检查，包括新闻媒体、电商平台、视频网站等。通过检查和督促整改，专项行动取得了良好成效，同时也积累了一些经验，为今年继续开展专项行动奠定了基础。,https://k.sina.com.cn/article_7517400647_1c0126e47059034od5.html
聚焦数智技术助力乡村振兴 京东云为乡村振兴注入“数智”力量,TechWeb,2022-03-05,案例,"福祉,普惠,友好,合作",3月5日消息，日前，“加快数智乡村建设 激活乡村振兴新动能”座谈会正式举办 政协委员、数智乡村领域专家以及企业代表齐聚一堂，聚焦数智乡村建设实践、乡村振兴新动能等话题进行了深入交流、探讨，并为数智乡村建设、全面推进乡村振兴建言献策。,http://www.techweb.com.cn/it/2022-03-05/2881769.shtml
自动驾驶如何服务我们的生活？看看上海的这些示范项目！,sina,2022-03-15,案例,"福祉,普惠,外部安全,可信,可持续",“让上海成为世界级汽车产业中心！” 这是上海《新能源汽车产业发展规划（2021－2035年）》中的一部分。,https://t.cj.sina.com.cn/articles/view/3241038324/c12e51f4001010wgd
自动驾驶系统将发绿牌？无人驾驶加速产业化,sina,2022-03-17,新闻,"外部,可信,道德,人权",随着大数据、物联网技术的不断进步，汽车自动驾驶技术的日渐成熟，无人驾驶不再是天方夜谭。,https://k.sina.com.cn/article_5953466493_162dab07d06100xg7s.html
蚂蚁链联合信通院成功立项区块链隐私保护首个国际标准,TechWeb,2021-05-21,新闻,"隐私,人权,以人为本",5月12日消息，据悉，蚂蚁链与中国信通院联合发起的标准《基于TEE的区块链隐私计算》成功获得立项，成为全球首个区块链链上通用数据隐私保护国际标准。,http://www.techweb.com.cn/it/2021-05-12/2839195.shtml
要论人工智能应用影响 这五大行业首当其冲,sina,2022-03-17,新闻,"福祉,普惠,友好,合作,可持续",不可否认的是，人工智能在2021年取得了巨大的进步。,https://finance.sina.com.cn/jjxw/2022-03-17/doc-imcwiwss6620104.shtml
观察丨大运会、AI、电子竞技，当这三者走到一起时会发生什么？,腾讯网,2022-03-19,案例,"友好,科技奥运,科技大运,智慧大运","2022年可谓是一个“超级体育年”。

    北京冬奥会与残奥会刚结束不久，成都大运会与杭州亚运会也将于今年夏秋两季相继举行。 年初，冬奥的成功举办为这一年开了一个好头，5G+云转播、自动驾驶等新兴技术的运用让世人体会到何谓“科技奥运”。",https://new.qq.com/omn/20220319/20220319A0814800.html
规范市场竞争 反不正当竞争法司法解释出台,chinanews,2022-03-18,新闻,"责任,外部安全,可信,向善,道德",何为“仿冒混淆”、违反“商业道德”？ 为正确审理因不正当竞争行为引发的民事案件，最高人民法院今天出台《最高人民法院关于适用〈中华人民共和国反不正当竞争法〉若干问题的解释》（以下简称《解释》）对相关问题予以明确。,http://www.chinanews.com.cn/cj/2022/03-18/9705194.shtml
邬贺铨：数字经济为贸易发展带来机，也面临数据安全等新挑战问题,TechWeb,2021-08-06,新闻,"福祉,普惠,外部安全,可信,可持续",8月7日上午消息，在2021全球数字经济大会上，中国工程院院士邬贺铨演讲时提到，服务业已经成为经济发展的主引擎，而数字化对服务业有很大的贡献，会改变服务业劳动生产率低的现象，可以使服务突破地域的限制，可以创新出新的商业模式，也能实现资源配置的优化，商业结构的扁平化。,http://www.techweb.com.cn/internet/2021-08-06/2852593.shtml
郑纬民：给人工智能三句话，它能写成50集电视剧,chinanews,2021-09-27,案例,"隐私,尊重,透明,责任",中新社北京9月27日电 (记者 张旭)“人工智能有多种多样的应用场景，需求很旺。”近日，中国工程院院士、清华大学计算机科学与技术系教授郑纬民接受中新社“中国焦点面对面”专访时表示，如，自然语言处理类的需求中，生成文本摘要，你给它三句话，能给你写成50集电视连续剧。,https://www.chinanews.com.cn/cj/2021/09-27/9575200.shtml
钟南山：人工智能“崭露头角” 助力疫情防控,chinanews,2021-09-07,案例,"福祉,普惠,和谐,可持续",中新网上海7月9日电 (郑莹莹)中国工程院院士钟南山9日在2021世界人工智能大会健康高峰论坛的视频主题演讲中说，面对当前的新冠疫情，我们在疾病的监控预警、病毒溯源、防控救治、疫苗研发等方面都取得一系列重大成果，其中结合人工智能技术的研究，也是令人瞩目的。,https://www.chinanews.com.cn/gn/2021/07-09/9516075.shtml
阿里云泄露用户数据隐忧：云端用户隐私，是否真安全？,TechWeb,2021-08-24,案例,"隐私,透明,负责,人权","刚刚告别亏损时代的阿里云，又站在了舆论漩涡的中心。

	一则发生于2019年双十一前后的旧闻，让阿里云登上了热搜，而这一次事故，与云业务用户注册信息的泄露有关。这是一家市场份额高达40%的企业，每天数以亿计的数据在云端“飞奔”，一场有用户隐私安全的讨论随之展开。

	行业龙头都如此，那这个行业，到底还安不安全？",http://www.techweb.com.cn/it/2021-08-24/2854801.shtml
陈根：亚洲首个元宇宙全生态联合体，只是各取所需,腾讯网,2022-03-19,新闻,"合作,共享,可持续",根据央广网北京5月18日消息，Meta、小冰、NVIDIA今日宣布，在日本共同成立元宇宙联合体。,https://new.qq.com/omn/20220319/20220319A02POB00.html
顶层设计加快推进 多部委力挺人工智能产业,chinanews,2021-04-30,新闻,"福祉,普惠,和谐,可持续",作为推动新一轮科技革命和产业变革的重要力量，我国人工智能行业正迎来多部委及相关政策的支持。,https://www.chinanews.com.cn/cj/2021/04-30/9468442.shtml
3亿人养老靠机器人？这家公司要在2030年实现，有谱,新智元,2022-03-10,新闻,"以人为本,可持续,福祉,人权,合作,公平,公正,责任,透明",人口老龄化，已成为14亿人口大国的一个新挑战。,https://mp.weixin.qq.com/s?__biz=MzI3MTA0MTk1MA==&mid=2652177285&idx=1&sn=9584a31ad8a25d0b2e241647a668b1d8&chksm=f1267774c651fe627fd83c1d1bc3b46f4b97ca8b836106973591af7293ed2f62bcec7bfb26a8&scene=126&&sessionid=1646913721#rd
"Online public discourse on artificial intelligence and ethics in China: context, content, and implications",montrealethics,2022-01-12,新闻,"以人为本,可持续,福祉,人权,合作,责任,透明,内部安全,外部安全,开放,共享",China’s emergence as a global leader in the field of AI raises the importance of understanding its development trajectory in this specific cultural context.,https://montrealethics.ai/online-public-discourse-on-artificial-intelligence-and-ethics-in-china-context-content-and-implications/
「八卦炉」炼丹规模直逼人脑！清华、阿里等搞了个174万亿参数大模型,新智元,2022-03-12,新闻,"以人为本,可信,可持续,福祉,向善,透明,责任,内部安全,权益,合作,人权","只要不差钱，人人都爱大模型！
 
这不，Meta就计划把CV、NLP、语音识别等技术所需的模型都做到「数万亿」的参数量。",https://mp.weixin.qq.com/s?__biz=MzI3MTA0MTk1MA==&mid=2652177836&idx=3&sn=2b916e3a9f765b444a34bfdf70219d23&chksm=f126715dc651f84bafc16b0f9dde98f3a1f882a643cd930a6b89ed747c56d9aa06aa624b74b4&scene=126&&sessionid=1647157117#rd
加强开源软件风险管控，推动证券业创新发展,安全内参,2022-03-10,案例,"内部安全,外部安全,共享,人权,以人为本,向善,尊重,可持续,责任",人民银行办公厅、中央网信办秘书局、工业和信息化部办公厅、银保监会办公厅、证监会办公厅联合发布《关于规范金融业开源技术应用与发展的意见》。,https://www.secrss.com/articles/40109
区块链应用中的个人信息处理者确定问题研究,安全内参,2022-03-07,新闻,"内部安全,外部安全,人权,以人为本,可持续,公正,正义",我国《个人信息保护法》第五章明确了个人信息处理者的义务，但敦促个人信息处理者履行相关义务首先应当对个人信息处理者进行识别和明确。,https://www.secrss.com/articles/40013
华为天才少年稚晖君自制硬萌机器人，开源5小时，GitHub收获317星！,新智元,2022-03-13,案例,"以人为本,人权,可持续,可信,公正,公平,正义,向善","失踪人口回归了！华为「天才少年」稚晖君这次带来了一个又萌又硬的桌面小机器人ElectronBot。 

还记得上次那个「全栈自研」的给葡萄缝针的钢铁侠机械臂Dummy吗？

近3个月没更的华为「天才少年」稚晖君带着他的最新视频来了！
 
虽然跳票了一段时间，但他还是来了。",https://mp.weixin.qq.com/s?__biz=MzI3MTA0MTk1MA==&mid=2652177925&idx=1&sn=a3150f9a8f159042774b30deda5ad8f2&chksm=f12672f4c651fbe236aa087b8af25e19bbc1aadb51762d6e52c8c3254ed2083083897dea4ced&scene=126&&sessionid=1647157117#rd
工信部印发《车联网网络安全和数据安全标准体系建设指南》,安全内参,2022-03-07,新闻,"以人为本,福祉,人权,合作,责任,内部安全,外部安全",工业和信息化部近日印发《车联网网络安全和数据安全标准体系建设指南》，提出到2023年底，初步构建起车联网网络安全和数据安全标准体系。,https://www.secrss.com/articles/39995
敌情想定理念在网络空间安全工作中的应用,安全内参,2022-03-07,新闻,"内部安全,外部安全,和平,共享,人权,以人为本,可持续,公正,正义",说明：本文刊发于《中国电子科学研究院学报》2021年12月刊，刊发标题为《想定理念在网络空间安全工作中的应用》，文献内容是安天相关研究团队从2017年将“敌情想定”理念引入网络安全领域后的第一阶段（2017-2019）工作总结，整理成篇以供业内参考。,https://www.secrss.com/articles/40017
着眼全民全社会数字素养提升，推动网络安全意识教育创新发展,安全内参,2022-03-08,新闻,"以人为本,福祉,人权,普惠,责任,透明,内部安全,外部安全,开放,共享",习近平总书记在 2021 年 10 月 18 日中央政治局第三十四次政治局集体学习时指出，“要提高全民全社会数字素养和技能，夯实我国数字经济发展社会基础。,https://www.secrss.com/articles/40058
部分国际组织参与全球数字治理研究,安全内参,2022-03-08,新闻,"内部安全,外部安全,和平,共享,人权,以人为本,向善,尊重,可持续,责任",全球加快进入数字社会，数字领域相互冲突或不同利益调和的现象明显增多，需要国际组织、多边机制开展行动，形成既包括正式规则、标准，也包括各种非正式制度安排在内的治理成果。,https://www.secrss.com/articles/40059
1925亿美元，中国仍是世界最大芯片市场！2022全球半导体行业报告出炉,新智元,2022-02-16,案例,"以人为本,可信,友好,合作,人权,开放,共享,可持续,公平,公正",全球半导体行业协会（SIA）发布2022国际半导体业报告。去年全球半导体销售总额5559亿美元，同比增长26.2%，其中中国市场1925亿美元，仍稳居全球第一。,https://mp.weixin.qq.com/s?__biz=MzI3MTA0MTk1MA==&mid=2652173203&idx=4&sn=89ce6315705be0af9256b25301059047&chksm=f1278762c6500e742be0ad11a35c8e94cc3ad65f29f54f7de251667b0c12c99b43e2d8d72542&scene=126&&sessionid=1646564668#rd
2022 AAAI Fellow放榜！SAIL首席科学家颜水成、港科大教授冯雁等10人入选,新智元,2022-02-14,新闻,"可信,友好,合作,人权,开放,共享,可持续",国际先进人工智能协会宣布了2022年度AAAI Fellow的评选结果。,https://mp.weixin.qq.com/s?__biz=MzI3MTA0MTk1MA==&mid=2652172831&idx=5&sn=e1abf6be4f185775d4682d43301221d9&chksm=f12786eec6500ff819dc94dd7e1bccb9801a3da2d38fbab960e85d2a2a7c044262bf973537f7&scene=126&&sessionid=1646564671#rd
8个算力枢纽，10大数字中心集群！国家级「东数西算」工程全面解读！,新智元,2022-02-18,案例,"以人为本,福祉,向善,包容,普惠,可信,合作,人权,开放,共享,可持续",南水北调、西气东输、西电东送......这些耳熟能详的国家级系统工程，造福了全国数以亿计的人。,https://mp.weixin.qq.com/s?__biz=MzI3MTA0MTk1MA==&mid=2652173691&idx=3&sn=3d9f895289af06149fc1e300ea75b353&chksm=f127818ac650089cb87b2bd77aa7f8372455d6a547f33c8c1f63f01dff20853059b0222841a8&scene=126&&sessionid=1646564668#rd
上海市通管局组织开展2021年度汽车数据处理企业数据安全年报评审工作,安全内参,2022-03-01,新闻,"以人为本,内部安全,和平,共享,人权,向善,尊重,可持续,责任",为贯彻落实《关于加强车联网网络安全和数据安全工作的通知》《汽车数据安全管理若干规定（试行）》等文件要求，上海市通信管理局于2021年12月14日下午组织召开车联网网络和数据安全管理政策宣贯会，市车联网专委会、各基础电信企业、智能网联汽车企业、车联网平台企业等40余家单位代表参加会议。,https://www.secrss.com/articles/39885
中国团队「六轴细胞3D打印机」登生物材料顶刊！心肌组织可体外存活超6个月,新智元,2022-03-03,案例,"以人为本,福祉,向善,透明,责任,合作,人权,权益,可持续",生物3D打印（3D Bioprinting）技术利用3D打印机将含有细胞和生物材料的「墨水」打印出特定的形状结构，是最有希望实现在体外制造人类器官的新兴技术之一[1-3]。,https://mp.weixin.qq.com/s?__biz=MzI3MTA0MTk1MA==&mid=2652176277&idx=4&sn=92764aa31f6c98859a6395d3e8c4d8b8&chksm=f1278b64c650027238a074b4eafa9716ccc63a3f0ea19397623f14fa90c3662844fec6500066&scene=126&&sessionid=1646556895#rd
元宇宙，分三层！香港中文大学再现「校园元宇宙」原型,新智元,2022-02-17,案例,"以人为本,人权,权益,福祉,向善,可信,友好,合作,开放,共享,可持续",最近元宇宙持续大火，香港中文大学研究人员撰文对元宇宙的结构进行了分析，他们将元宇宙分成了三层架构，并在校园内再现了这个「原型元宇宙」。,https://mp.weixin.qq.com/s?__biz=MzI3MTA0MTk1MA==&mid=2652173531&idx=5&sn=b956acfdc68d4e32524b363d8955ac73&chksm=f127802ac650093c936130417c7bc008c7733c7d310ae351ff564c5b5038efc39e513f34ff28&scene=126&&sessionid=1646564668#rd
北大数院校友斩获首届SIAM数据科学青年奖，主攻隐私数据保护等,新智元,2022-02-11,案例,"隐私,以人为本,福祉,向善,可信,友好,合作,人权,可持续",近日，SIAM公布了首届2022年数据科学青年奖得主，北京大学数学科学学院2011届校友、斯坦福大学博士苏炜杰为唯一获奖人。,https://mp.weixin.qq.com/s?__biz=MzI3MTA0MTk1MA==&mid=2652172637&idx=4&sn=ac835c5f16488211223178e5a29a865d&chksm=f12785acc6500cba015f4827b7f0c36b3bb4b9fe1becd774cda584bb82c74152f13573e59c89&scene=126&&sessionid=1646564671#rd
国家信息安全漏洞共享平台2021年工作会议成功召开,安全内参,2022-03-03,案例,"内部安全,以人为本,外部安全,和平,共享,可持续,隐私",2月23日，国家信息安全漏洞共享平台（CNVD）2021年度工作会议在线上成功召开。,https://www.secrss.com/articles/39890
基于零信任安全模型的移动互联网安全接入探索,安全内参,2022-03-02,案例,"内部安全,外部安全,可信,以人为本,可持续,福祉",国金证券零信任平台建设后，除解决远程办公、远程运维场景外，会陆续将远程开发、跨内网访问、API调用、移动办公（手机端）等业务接入进来，尽可能在安全的前提下，通过IT手段技术手段提高办公和业务的办公效率和体验。,https://www.secrss.com/articles/39848
工信部督促规范APP推荐下载行为，改善网页浏览服务体验,安全内参,2022-03-03,新闻,"内部安全,外部安全,共享,人权,开放,责任,正义",近日，有网友和媒体反映部分网站在用户浏览页面信息时，强制要求下载APP问题。工业和信息化部信息通信管理局对此高度重视，立即组织核查，并于日前召开行政指导会，督促相关互联网企业进行整改。,https://www.secrss.com/articles/39871
机关单位微信工作群保密管理须知,安全内参,2022-03-02,新闻,"外部安全,以人为本,向善,可持续,责任,隐私,和谐",牢记“三严”，谨防泄密。,https://www.secrss.com/articles/39829
江西省安全可信金融大数据共享平台建设及应用,安全内参,2022-03-01,案例,"内部安全,外部安全,可信,和平,共享,人权,以人为本,向善,尊重,可持续,责任",数据流通、共享是释放数据价值的关键环节，而随着数据交换、共享力度的加大，其权属、合规性、安全性等诸多风险开始显现，出现了数据共享难、隐私无法得到保障等问题。,https://www.secrss.com/articles/39793
浅谈如何解决APP超范围收集用户个人信息问题,安全内参,2022-03-02,新闻,"隐私,内部安全,外部安全,共享,人权,以人为本,向善",智能手机时代，移动应用APP与人们的生活息息相关，人们手机的使用及生活离不开APP；买菜购物、公交地铁、新闻阅读、教育、医疗等，无一离得开APP，可以说APP无处不在；但是，APP的使用涉及到用户个人信息的采集，如何去控制APP不过量采集用户个人信息、保护用户的隐私，成了一个新的话题。,https://www.secrss.com/articles/39833
涉密人员身份信息外泄，竟然是因为这个习惯！,安全内参,2022-03-04,新闻,"内部安全,外部安全,以人为本,向善,可持续,责任,隐私",春天来了，大家的精气神儿也是越来越足。这天，A省国防科技工业管理部门的同志们，就看见谢小米精神抖擞，迈着轻快的步伐，走进了办公楼。,https://www.secrss.com/articles/39914
等保2.0下，高校如何设计网络安全方案？,安全内参,2022-03-01,案例,"内部安全,外部安全,共享,人权,以人为本,向善,可持续,责任,隐私,公正",自“数字校园”的建设目标提出以来，全国各高校的信息化水平便以极大步调高速发展。,https://www.secrss.com/articles/39800
美对中国进行大规模、长时间、系统性网络攻击,安全内参,2022-03-03,新闻,"内部安全,外部安全,和平,共享,人权,向善,尊重,可持续,责任,隐私,公正,正义",“外交部发言人办公室”消息，在3月3日外交部例行记者会上，湖北广播电视台记者提问：据报道，3月2日，网络安全企业360公司发布《网络战序幕：美国国安局NSA（APT-C-40）对全球发起长达十余年无差别攻击》的报告，批露NSA利用网络武器对中国、英国、德国、法国、波兰、日本、印度、韩国、阿联酋、南非、巴西等全球47个国家及地区403个目标开展网络攻击。,https://www.secrss.com/articles/39900
"China state-backed hackers compromised networks of at least 6 U.S. state governments, research finds",CNBC,2022-03-09,新闻,"以人为本,权益,人权,福祉,隐私,向善,权益,内部安全,外部安全","A Chinese state-sponsored hacking group successfully compromised the computer networks of at least six U.S. state governments, according to research published by Mandiant.
APT41, which Mandiant claims carries out state-sponsored espionage on behalf of China, took advantage of software flaws and quickly exploited security vulnerabilities that were made public by researchers.
Mandiant said Tuesday that APT41 appeared to be “undeterred” by the indictment and its goals remain “unknown.”",https://www.cnbc.com/2022/03/09/china-state-backed-hackers-compromised-6-us-state-governments-report.html
中国首例“脑机接口”反应性闭环神经刺激系统植入成功：人工智能芯片直连大脑,TechWeb,2022-03-12,案例,"以人为本,权益,人权,福祉,向善,隐私,普惠,友好,和谐,可持续",据“宣武医院神经外科”公众号消息，2022年3月9日，首都医科大学宣武医院院长赵国光教授，神经外科单永治教授带领的神经外科立体定向与功能性脑疾病组团队成功为一名难治性癫痫患者（双侧颞叶癫痫）施行了闭环反应性神经刺激系统Epilcure™注册临床试验植入手术。,http://www.techweb.com.cn/it/2022-03-12/2883031.shtml
企查查践行区块链认证授权标准 坚守数据隐私和安全底线,TechWeb,2021-11-03,新闻,"以人为本,权益,人权,福祉,向善,隐私,普惠,内部安全,可持续",近年来，互联网的快速发展推动中国步入大数据时代，这为我国信用体系建设提供了新的契机。信用体系建设从大数据理念出发，进一步助力诚信秩序和社会良心的重塑，让新时代诚信建设真正融入城市血脉，筑牢城市信用根基。,http://www.techweb.com.cn/it/2021-11-03/2863594.shtml
何小鹏：小鹏汽车在 2026 年完成向无人驾驶的过渡,TechWeb,2022-03-27,新闻,"以人为本,权益,人权,福祉,向善,隐私,普惠,外部安全,责任,可信",3 月 27 日消息，小鹏汽车董事长何小鹏在中国电动汽车百人会论坛上表示，预计 2023 年，XPILOT4.0 将在小鹏汽车多款产品上搭载。,http://www.techweb.com.cn/smarttraveling/2022-03-27/2885290.shtml
抖音升级谣言专项治理：加大对谣言首发账号的处置力度，通过大数据和人工智能进行“精准辟谣”,TechWeb,2022-03-27,新闻,"以人为本,权益,人权,福祉,隐私,向善,权益,共享,歧视,道德",3 月 27 日消息，今日，抖音发布《关于升级谣言专项治理的公告》称，近期，在疫情、东航坠机等社会热点事件中，造谣、传谣数次出现，抖音平台升级对谣言的专项打击治理。,http://www.techweb.com.cn/it/2022-03-27/2885289.shtml
搭载“银牛3D视觉模组”的深紫外线消杀机器人 为北京冬奥保驾护航,TechWeb,2022-03-16,案例,"以人为本,权益,人权,福祉,向善,友好",3月16日消息，全球3D视觉感知芯片、模组及解决方案的引领者银牛微电子宣布，与中科院自动化研究所合作研发的“深紫外线消杀机器人”项目成功落地，并在2022年北京冬奥会承担比赛场馆（国家体育馆）消毒杀菌服务。,http://www.techweb.com.cn/it/2022-03-16/2883743.shtml
5年政策梳理：数据安全的监管路径与体系建设,零壹财经,2021-07-21,案例,"以人为本,责任,可信,可持续,内部安全,外部安全,公平,公正,福祉,向善,自主","滴滴上市以及引发的一系列监管事件，映射着近年来国内互联网平台存在数据安全漏洞、滥用数据等乱象。数字技术促使数据应用场景和参与主体日益多样化，数据安全的外延不断扩展，数据安全治理面临多重棘手困境。

结合当下备受瞩目的数据安全问题，零壹智库将完整梳理中国数据安全的现状、监管政策及趋势，并对数据安全问题相关的一些关键产业和技术领域，包括网络安全、隐私计算、征信等领域进行发展脉络、对策和机遇解读。

摘要

√ 数据作为数字经济时代最核心、最具价值的生产要素，正在加速成为全球经济增长的新动力、新引擎，可以说数据正逐渐成为21世纪的石油。

√ 数据安全问题已成为当下基础的安全问题，数据安全治理也逐渐被提升到国家安全治理的战略高度。

√ 据不完全统计，近5年来国家、地方省市以及各行业监管部门关于数据安全、网络安全已至少颁布52部相关法律法规。

√ 我国在数据安全的治理，除了已出台的法规政策，以及监管机制的不断完善，数据安全产业生态建设也正在稳步推进。

√ 在大国博弈持续加剧的今天，数据作为国家重要的生产要素和战略资源，其日益频繁的跨境流动带来了潜在的国家安全隐患。",https://baijiahao.baidu.com/s?id=1705843664338444133&wfr=spider&for=pc
AI企业格灵深瞳科创板上市获批,TechWeb,2022-01-13,新闻,"以人为本,福祉,普惠,共享,可持续,合作,公开",【TechWeb】1月13日消息，日前，中国证监会官网发布消息称，证监会正式同意格灵深瞳首次公开发行股票并在科创板上市的注册申请，这意味着，科创板将迎来第一家真正意义上的人工智能企业。,https://finance.sina.com.cn/tech/2022-01-13/doc-ikyakumy0140639.shtml
Log4j漏洞敲响企业安全警钟，IBM开源服务正当时,CTI论坛,2022-01-12,新闻,"以人为本,福祉,向善,共享,内部安全,外部安全,隐私",IBM 在去年 11月发布的一项针对全球近 7200位企业高管的研究报告显示，云计算已经进入混合多云时代，安全与合规成为企业管理层的“最高关切”之一。一方面，企业需要为复杂的IT系统设计安全机制，以应对快速演变的计算环境；另一方面，在日渐普及的开源环境中，事后防御手段已无法满足安全需求。,http://ec.ctiforum.com/jishu/qiye/qiye_news/596708.html
《中国AI人才培养白皮书》发布：需构建基于深度产教融合的人工智能人才培养生态系统,北京青年报,2022-01-26,新闻,"以人为本,福祉,普惠,共享,可持续,自主,人权",1月25日，百度联合浙江大学中国科教战略研究院发布《中国人工智能人才培养白皮书》，从人工智能人才培养供求情况、培养模式、问题和对策等角度对国内外人工智能人才发展现状和趋势进行系统梳理，明确我国人工智能人才培养亟待解决的问题，进一步提出建设政产学研一体化人工智能人才生态系统的发展思路。,https://t.ynet.cn/baijia/32118426.html
《浙江省公共数据条例》正式施行 海量数据这样“管”起来,浙江日报,2022-03-03,新闻,"以人为本,福祉,普惠,共享,可持续,责任,公平,公正,透明,内部安全,开放",3月1日，备受瞩目的《浙江省公共数据条例》（以下简称《条例》）正式施行。这一全国首部公共数据领域的地方性法规，全文不到万字，管理的却是海量数据。截至目前，浙江省级公共数据平台已归集省级公共数据800多亿条，共享调用700多亿次，开放数据集近2万个；1.2万余个政务应用，提供着方方面面服务……,http://zj.news.cn/2022-03/03/c_1128432865.htm
《深圳市网络安全和信息化发展“十四五”规划》获通过,证券时报网,2022-01-14,新闻,"以人为本,福祉,向善,共享,内部安全,外部安全,隐私",深圳特区报14日报道，1月13日，深圳市委网络安全和信息化委员会召开全体会议，审议并原则通过《深圳市网络安全和信息化发展“十四五”规划》。,https://finance.eastmoney.com/a/202201142247429258.html
《算法推荐管理规定》今日起施行！算法备案系统同步上线,赛博研究院,2022-03-01,新闻,"以人为本,福祉,普惠,共享,可持续,自主,人权,和谐,开放,合作,隐私",2022年3月1日起，国家网信办等四部门联合发布的《互联网信息服务算法推荐管理规定》（以下简称《规定》）正式施行。本文就《规定》对算法推荐服务提供者的要求进行解读。,https://mp.weixin.qq.com/s/BWi9r7WheeYuKoR3ewcNOw
【人工智能与司法】司法智能化的理论与实践,专知,2022-04-02,新闻,"以人为本,福祉,普惠,共享,可持续,自主,人权,可信,和谐,开放",人工智能日渐渗透我们生活的各个方面。一开始的人工智能只是应用于一些体力性的活动，而到现 在，它的应用领域在不断地扩大，一些原本被认为只能由人类才能完成的工作不断地被智能化的人工产 物所涵盖，在司法领域亦是如此。我国司法领域积极响应国家信息化发展战略，积极地将人工智能与司 法相结合。孟建柱同志指出，大数据人工智能新时代，让我们不仅站在巨人的肩膀上，而且站在人类的 智慧之巅，若把大数据、人工智能与司法体制改革结合起来，将会给司法工作注入前所未有的创造力[1]。一方面，我们需要清楚地看到，司法智能化提高了司法效率，节省了司法资源；但另一方面，司法智能 化带来的问题也困扰着司法工作人员。本文旨在论述我国司法智能化的理论和实践，分为四章。第一章 对司法智能化的理论进行概述，分述其内涵、特点以及司法智能化的三个支撑；第二章整理了我国司法 智能化的实践，包括浙江、江苏、上海等地近几年的成果；第三章分析了以上成果在实践中的成效和遇 到的问题；第四章则提出了问题的解决方案以助推司法领域的改革。,https://mp.weixin.qq.com/s/Ds9tpz0eybeXz78T2nxzFg
上海制定反垄断|互联网营销算法|盲盒经营活动等新业态合规指引,新京报,2022-01-13,新闻,"以人为本,福祉,向善,共享,内部安全,外部安全,隐私",据证券时报网消息，据上海市场监管13日消息，近日，上海市市场监管局出台《关于发展壮大市场主体的若干措施》。,http://finance.sina.com.cn/jjxw/2022-01-13/doc-ikyamrmz4898952.shtml
上海将制定智能网联汽车终端产业发展行动计划 支持浦东无安全员驾驶立法,上海证券报,2022-01-17,新闻,"以人为本,福祉,普惠,共享,可持续,责任,公平,公正,自主",上证报中国证券网讯（严曦梦 记者 宋薇萍）上海证券报记者1月17日从上海市经济和信息化委员会获悉，为增进数字经济新动能，2022年，上海从以下领域推动智能网联汽车发展：一是聚焦传统车企、新势力、科技公司，发挥整车“大终端”“大平台”的引领作用，打造智己成为高端豪华纯电动品牌、飞凡成为科技时尚的主流品牌，支持特斯拉、蔚来、威马、华人运通等打响“上海制造”品牌，推动华为智能汽车解决方案（BU）总部实体化，推动上汽探索试点OEM模式。,https://www.163.com/dy/article/GTU38HB50552C2FY.html
上海移动率先完成全国首个地铁隧道5G创新试点,人民网,2022-01-26,新闻,"以人为本,福祉,普惠,共享,可持续,责任,自主","作为长三角区域的龙头城市,上海的“双千兆”建设始终走在全国前列,交通领域5G网络建设作为本市重要场景5G建设的重要一环,也是上海移动全力以赴、大展身手的重要“战场”。",http://science.china.com.cn/2022-01/26/content_41863698.htm
上海青浦区：一体化示范区将建“数字三体”,解放日报,2022-01-17,新闻,"以人为本,福祉,普惠,共享,可持续,责任","一体化示范区将建“数字三体”

	万亿级长三角数字干线建设启动，打造一流新型基础设施数字创新发展带

	■青浦区将率先引领长三角数字干线建设，到2027年数字经济规模将达4000亿元，数字技术应用业产值达到1500亿元，智能工厂达到100个，公共数据开放规模达到50万条",http://www.wuhunews.cn/resou/p/2841080.html
上海首份《企业数据合规指引》发布,FreeBuf政策发布,2022-02-08,新闻,"以人为本,福祉,普惠,共享,可持续,自主,人权,隐私,透明",近日，上海市首份《企业数据合规指引》（下称《指引》）正式出台。据悉，《指引》由上海市杨浦区检察院联合市信息服务业行业协会、市数据合规与安全产业发展专家工作组、区工商业联合会制定发布，目的是为了促进和保障城市数字经济“在发展中规范、在规范中发展”。,https://www.freebuf.com/news/321386.html
不断做强做优做大我国数字经济,《求是》,2022-01-25,新闻,"以人为本,福祉,普惠,共享,可持续,责任",近年来，互联网、大数据、云计算、人工智能、区块链等技术加速创新，日益融入经济社会发展各领域全过程，各国竞相制定数字经济发展战略、出台鼓励政策，数字经济发展速度之快、辐射范围之广、影响程度之深前所未有，正在成为重组全球要素资源、重塑全球经济结构、改变全球竞争格局的关键力量。,http://www.jinhua.gov.cn/art/2022/1/25/art_1229511225_60230312.html
中国保险行业协会发布保险行业四项云计算相关标准,中国保险行业协会,2022-01-14,新闻,"以人为本,福祉,普惠,共享,可持续,责任,自主",2022年1月13日，中国保险行业协会在京发布《保险行业基于容器的云计算平台架构》、《面向保险行业的微服务架构技术能力要求》、《保险行业基于容器的云计算平台成熟度模型》、《保险行业应用开发的微服务架构成熟度模型》四项保险行业云计算相关标准（以下简称四项标准）。四项标准的制定是基于保险行业云计算、容器、微服务的实际落地需求，更好的推动保险行业与云计算的跨界融合，科学有效地对保险行业云计算市场进行规范，引导科技支撑保险业务发展。,https://h5.drcnet.com.cn/docview.aspx?chnid=280&docid=6327697&leafid=977&version=finance
中国信通院发布《金融人工智能研究报告（2022年）》,中国信息通信研究院,2022-01-18,案例,"以人为本,福祉,普惠,共享,可持续,责任,自主","金融机构数字化转型正在如火如荼地进行。人工智能作为数字化转型的重要手段之一，已经开始全方位融合赋能金融行业的业务领域和场景应用，持续助力金融行业的智能化转型和升级。
2022年1月14日，中国信息通信研究院（以下简称“中国信通院”）召开“可信AI成果发布会”。会上发布了《金融人工智能研究报告（2022年）》，中国信通院云计算与大数据研究所人工智能部高级业务主管李荪详细介绍和解读了报告内容。",https://www.sohu.com/a/517420359_121124361
中国电信正式宣布5G消息进入商用阶段，个人接收免费,澎湃新闻,2022-01-25,案例,"以人为本,福祉,普惠,共享,可持续,责任,自主",1月25日下午，中国电信在5G消息商用发布会上宣布5G消息正式商用。中国电信副总经理唐珂表示，5G消息作为传统短信的升级，可以成为运营商在2B和2C上重要的基础服务。,https://kan.china.com/article/1329820.html?location=next
中国移动（广西）数据中心一期工程建成投产,人民网,2022-01-13,新闻,"以人为本,福祉,普惠,共享,可持续,隐私,公开,内部安全,外部安全",1月12日，在南宁市五象新区大数据产业园区内，中国移动（广西）数据中心一期工程正火热投产运行中。据了解，中国移动（广西）数据中心共分为两期建设，总投入25亿元，占地82.3亩，总建筑面积约10.6万平方米，第一期项目包括２栋数据中心机房、维护支撑用房以及动力中心共4个单体建筑。,http://news.idcquan.com/news/190936.shtml
中国花样滑冰有了AI辅助评分系统,科技日报,2022-01-22,案例,"以人为本,福祉,普惠,共享,可持续,自主,人权",2022北京冬奥会举办在即，1月21日，“花样滑冰AI辅助评分系统1.0发布仪式暨2.0战略合作启动仪式”在京成功举办。中国花样滑冰协会主席、团市委副书记申雪和中关村数智人工智能产业联盟秘书长贾昊联合发布了花样滑冰AI辅助评分系统1.0产品，同时宣布启动花样滑冰AI辅助评分系统2.0建设，AI头部企业第四范式将为中国花样滑冰AI辅助评分系统2.0提供人工智能算法、平台等全面支持。,http://www.stdaily.com/index/kejixinwen/202201/a3a352154f5e437b9ab69c0145dc9a4d.shtml
互联网企业如何开展数据安全评估？,全球技术地图,2022-03-06,新闻,"以人为本,福祉,普惠,共享,可持续,自主,人权,和谐,开放",依据2021年10月1日生效的《汽车数据安全管理若干规定（试行）》第十三条规定，处理重要数据的汽车企业，应当在每年12月15日前提交企业数据安全管理的年报。,https://mp.weixin.qq.com/s/pXaaX9jOAdGSYzyjh3ZDeg
人工智能让垃圾焚烧发电更加绿色高效,新浪财经,2022-01-20,新闻,"以人为本,福祉,普惠,共享,可持续,外部安全,责任",在火力发电的“大军”中，它们无疑是一个特殊的群体——它们发的是绿电，但头顶为环保光环所笼罩的它们，却又经常被许多人将其与落后、脏乱差联系在一起。这个特殊的群体就是垃圾焚烧发电，而其所从属的整个垃圾焚烧处理行业，近年来在政策和技术的支持下，正在发生着翻天覆地的变化。,https://finance.sina.com.cn/jjxw/2022-01-20/doc-ikyamrmz6329375.shtml
信通院联合奇安信发布《数据安全风险分析及应对策略研究报告2022》,消费日报,2022-01-18,案例,"以人为本,共享,可持续,责任,自主,透明,隐私,内部安全",【天极网IT新闻频道】1月17日，中国信息通信研究院(以下简称：信通院)云计算与大数据研究所联合奇安信集团在京发布《数据安全风险分析及应对策略研究报告(2022年》(以下简称：《报告》)。《报告》认为，国内数据安全已进入合规合法的强监管新阶段，但仍存在几大突出问题，分别是APP对用户信息的过度采集、账号弱口令的现象普遍存在、数据权限分配使用不透明、API接口成为新型攻击手段、数据安全的持续状态难以保持等。2022年企业亟待有序建设、分步实施落地数据安全能力，加速开展数据安全体系化建设。,http://news.yesky.com/hotnews/236/725820236.shtml
北京中轴线申遗“数字中轴”项目启动 “北京雨燕”成亮点,光明网,2022-01-28,案例,"以人为本,福祉,向善,共享",近日，北京市文物局和腾讯在北京正阳门箭楼联合举办“数字中轴，点亮文明——北京中轴线申遗‘数字中轴’启动仪式”，会上同时发布了北京市文物局、北京中轴线申遗保护工作办公室联合腾讯为北京中轴线申遗打造首个数字形象——“北京雨燕”。,https://tech.gmw.cn/2022-01/28/content_35482893.htm
北京移动：累积开通27000个5G基站 超额完成全年建设任务,新浪科技,2022-01-17,新闻,"以人为本,福祉,普惠,共享,可持续,责任",1月17日上午消息，北京移动宣布，2021年度5G建设工作已经圆满收官，超额完成全年建设任务。目前北京地区共累积建设并开通5G基站逾27000座，已经实现城区和县城区域的连续覆盖，乡镇和农村地区也已基本实现连续覆盖；机场、车站等重要交通枢纽、重要道路以及全部冬奥场馆实现5G全覆盖；一批工信部和北京市重点项目如5G 700M网络建设、“二四一工程”、“首都资源池”等均在平稳有序推进中。,http://www.techweb.com.cn/it/2022-01-17/2874240.shtml
华为与山东能源集团成立联合创新中心，同时聚集华为大学资源,IT之家,2022-01-09,新闻,"以人为本,福祉,向善,共享,可持续",IT之家 1 月 9 日消息，华为方面今日宣布， 今日上午，山东能源集团与华为公司成立联合创新中心，标志着双方合作迈入高水平实质性运行的新阶段，将为推动煤炭产业转型升级、助力打造“数智山能”产生深远影响。,https://www.ithome.com/0/597/561.htm
华为河图 Cyberverse 首钢元宇宙正式上线,IT之家,2022-01-11,新闻,"以人为本,福祉,普惠,共享,可持续",IT之家 1 月 11 日消息，近期，华为罗巍发微博发布视频称，华为和北京首钢园的合作项目首钢园元宇宙上线。1 月 11 日在首钢园打开华为 AR 地图即可体验。视频中，现实中的首钢园废旧工厂在华为 AR 能力的加持下和虚拟世界融合，呈现出了工业朋克的科幻景象。,https://xw.qq.com/amphtml/20220111A0DCWK00
吉利研究院|腾讯云|中汽数据|安恒信息签署战略合作,新浪科技,2022-01-12,新闻,"以人为本,福祉,普惠,共享,可持续,合作,公开",品玩1月12日讯，2022年1月11日，腾讯云、吉利汽车研究院、中汽数据和杭州安恒信息联合签署车联网网络安全实验室战略合作框架，并举行了实验室揭牌仪式。四方将正式在车联网网络安全领域展开全方位合作，共建行业领先的智能网联汽车安全运营体系。,https://finance.sina.com.cn/tech/2022-01-12/doc-ikyamrmz4668718.shtml
国内首个基于可信AI的交互式风控标准立项，蚂蚁集团牵头,鞭牛士,2022-01-21,新闻,"以人为本,福祉,普惠,共享,可持续,责任,自主,内部安全,外部安全,隐私",鞭牛士报道 近日，在浙江数字金融科技联合会的指导下，由蚂蚁集团牵头编写的《交互式风控反欺诈实施指南》团体标准，全票通过了标准立项评审会评议，成为国内反欺诈领域首个立项的交互式风控（即“主动式风控”）标准。,https://www.163.com/dy/article/GU8GR95P0511A6N9.html
国务院印发《“十四五”数字经济发展规划》,新华网,2022-01-12,新闻,"以人为本,福祉,普惠,共享,可持续,隐私,公开",新华社北京1月12日电 国务院日前印发《“十四五”数字经济发展规划》（以下简称《规划》），明确了“十四五”时期推动数字经济健康发展的指导思想、基本原则、发展目标、重点任务和保障措施。,http://www.news.cn/2022-01/12/c_1128256301.htm
国家工信安全中心发布首批人脸识别系统“国检”测评报告,澎湃新闻,2022-01-19,新闻,"以人为本,福祉,普惠,共享,可持续,责任,自主,内部安全",作为人工智能领域最具商业价值的技术方向，人脸识别在安防、金融、交通、教育等关键领域实现了广泛应用，但在技术层和应用层仍面临安全挑战，漏洞攻击、数据泄漏、技术滥用等问题，屡屡成为社会焦点。,https://finance.eastmoney.com/a/202201192253603046.html
国家版权局约谈数字音乐相关企业,北京青年报,2022-01-07,新闻,"以人为本,福祉,向善,共享,友好,包容,开放",记者张维 今天，国家版权局在京约谈主要唱片公司、词曲版权公司和数字音乐平台等，要求数字音乐产业各方协力维护数字音乐版权秩序，构建数字音乐版权良好生态。,https://finance.sina.com.cn/jjxw/2022-01-07/doc-ikyakumx8805423.shtml?cref=cj
地方政府跑步入局元宇宙 谁能建立先发优势?,新浪财经,2022-01-12,新闻,"以人为本,福祉,普惠,共享,可持续","21世纪经济报道记者刘茜 武汉报道

　　2021年的资本市场，“元宇宙”当选年度关键词，恐怕没有人会反对。如果说2021年是元宇宙元年，2022年将是元宇宙概念加速落地的一年。",https://finance.sina.com.cn/blockchain/roll/2022-01-12/doc-ikyamrmz4773154.shtml?cref=cj
字节跳动研发医疗AI抗癌，可帮助医生实时筛查结直肠肿瘤,新浪网,2022-01-07,新闻,"以人为本,福祉,向善,共享,可持续",1月7日，字节跳动旗下医疗品牌“小荷健康”宣布：公司研发了一款结肠镜AI辅助诊断软件，可利用人工智能技术，辅助临床医生实时发现、鉴别结直肠癌症病变。,https://k.sina.com.cn/article_6011309186_1664d4c8202702eaej.html
小浪底管理中心与阿里云签订战略合作协议,中国日报网,2022-01-10,新闻,"以人为本,福祉,向善,共享,可持续",1月10日，据水利部网站消息，小浪底管理中心与阿里云计算有限公司近日在枢纽管理区举行战略合作签约仪式。小浪底管理中心主任孙长安、阿里云公司副总裁唐日新出席签约仪式并讲话。小浪底管理中心副主任张汉青、李松慈，所属开发公司副总经理提文献、王振凡一并出席签约仪式。,https://caijing.chinadaily.com.cn/a/202201/10/WS61dbfaf0a3107be497a018bd.html
山东推出全球首款AI人工智能打造数字皮影藏品,文旅中国,2022-01-01,案例,"以人为本,福祉,向善,共享",2022年1月1日，山东省艺术研究院联合济南皮影戏传承人、支付宝“超维空间”推出的全球首款AI人工智能打造数字皮影藏品，上线发售。这是山东省艺术研究院发挥职能优势，承担国家社科基金艺术学重大项目的阶段性成果；也是山东文化艺术研究领域的重大突破，有望探索出传统文化进行创造性转化、创新性发展的新路径，为相关文博单位的新时代发展提供理念层面的参考借鉴。,https://www.sohu.com/a/513761418_120006290?scm=1002.590044.0.10600-1829
山东重工与华为签署战略合作协议，携手推进装备制造业数字化转型,华为资讯,2022-01-11,案例,"以人为本,福祉,普惠,共享,可持续",1月4日，山东重工集团有限公司（以下简称“山东重工”）与华为技术有限公司（以下简称“华为”）战略合作协议签约仪式在潍坊举行，双方就共同推进装备制造业数字化转型、“5G+人工智能”创新应用合作、数字化技术人才培养、智能制造（联合）创新中心产业合作等建立战略合作伙伴关系。,https://newenergy.in-en.com/html/newenergy-2410753.shtml
工信部等12部门：网络安全技术应用试点示范工作启动，将从9个重点方向遴选试点示范项目,智通财经网,2022-01-10,新闻,"以人为本,福祉,向善,共享,可持续",1月10日，工信部、国家网信办、水利部、国家卫健委、应急管理部、央行、国家广电总局、银保监会、证监会、国家能源局、国家铁路局、民航局等十二部门联合印发通知，组织开展网络安全技术应用试点示范工作，将面向公共通信和信息服务、能源、交通、水利、应急管理、金融、医疗、广播电视等重要行业领域网络安全保障需求，从云安全、人工智能安全、大数据安全、车联网安全、物联网安全、智慧城市安全、网络安全共性技术、网络安全创新服务、网络安全“高精尖”技术创新平台9个重点方向，遴选一批技术先进、应用成效显著的试点示范项目。,https://finance.sina.com.cn/stock/hkstock/ggscyd/2022-01-10/doc-ikyakumx9551363.shtml
工信部：培育一批进军元宇宙、区块链等新兴领域的创新型中小企业,IT之家,2022-01-24,新闻,"以人为本,福祉,普惠,共享,可持续,自主,人权",IT之家 1 月 24 日消息，据澎湃新闻报道，今日在工业和信息化部召开的中小企业发展情况发布会上，有媒体提问：改造提升传统产业的重要支点，也是中小企业实现高质量发展的重要路径。工信部在推动数字化赋能中小企业采取了哪些措施，下一步有哪些工作考虑和措施？,https://baijiahao.baidu.com/s?id=1722815527936241177&wfr=spider&for=pc
工信部：建成全国APP检测平台，每个月能检测18万款APP,澎湃新闻,2022-01-20,案例,"以人为本,福祉,普惠,共享,可持续,责任,自主,内部安全",1月20日，在国务院新闻办举行的2021年工业和信息化发展情况新闻发布会上，有媒体提问：根据最近召开的全国工业和信息化工作会议，工业和信息化系统圆满完成了全年的主要目标任务，实现了“十四五”良好开局。能否请具体介绍一下包括5G、工业互联网等在内的信息通信业的详细发展情况？,https://www.thepaper.cn/newsDetail_forward_16369799
市场监管总局公布13起反垄断行政处罚案件 涉及腾讯、哔哩哔哩等,科技金融在线,2022-01-06,新闻,"以人为本,人权,平等",中国网1月5日讯 据国家市场监督管理总局网站消息，市场监管总局公布13起反垄断行政处罚案件，涉及腾讯、哔哩哔哩、阿里巴巴等企业。,http://www.jrkjaq.com/hangye/23552.shtml
年轻人的第一个数字藏品来临？B站首个NFT正式上线,腾讯网,2022-01-06,新闻,"以人为本,福祉,向善,共享,可持续","国内的NFT热潮迎来了重磅玩家。

1月5日，B站官方认证号“哔哩哔哩数字藏品”发布一条动态，宣布旗下首款数字艺术头像——“鸽德”正式开放报名，全网限量2333个。

这则消息意味着B站将加入国内科技巨头发行数字藏品的浪潮，属于年轻人的第一款NFT或将来临。",https://new.qq.com/omn/20220106/20220106A02GMK00.html
广州联通携手华为5G超级上行实现“跨站”规模首商用,中国产业经济信息网,2022-01-20,新闻,"以人为本,福祉,普惠,共享,可持续,责任,自主",近日，广州联通携手华为在业界首次采用5G超级上行“跨站”灵活配对技术实现全网规模商用，累计开通5G超级上行站点近3000个，5G超级上行生效用户相比传统方式增加近一倍，有效提升用户体验。这标志着双方推进5G网络联合创新，提升用户体验的战略合作进入新的阶段，同时也有力促进了5G超级上行产业的发展。,http://www.cinic.org.cn/hy/tx/1229018.html
微信安卓版8.0.18内测更新 增加个人信息收集清单,新浪科技,2022-01-09,新闻,"以人为本,福祉,向善,共享,内部安全,外部安全,隐私",日前，微信安卓版发布8.0.18 测试更新，内测版本新增了个人信息收集清单、边写边译等功能。,https://finance.sina.com.cn/tech/2022-01-09/doc-ikyakumx9206734.shtml
快递市场管理办法拟修订，不上楼私放快递柜要被罚,法制现场,2022-01-08,新闻,"以人为本,福祉,向善,共享,内部安全,外部安全,隐私",中国商报(记者 蒋永霞)1月7日，国家邮政局发布关于《快递市场管理办法(修订草案)》(征求意见稿)公开征求意见的通知。征求意见稿根据新问题新情况细化、增加了诸多内容，尤其是对当前诟病良多的快递末端投递服务进行了明确要求。业内认为，该征求意见稿与时俱进，响应公众关切问题，通过加强对快递市场的规范，助推我国快递行业高质量发展。,https://www.360kuai.com/pc/9f84b75a60400ec5c?cota=3&kuai_so=1&sign=360_57c3bbd1&refer_scene=so_1
成都试点国内首套人工智能流域管理系统,成都日报,2022-01-20,新闻,"以人为本,福祉,普惠,共享,可持续,自主,人权",日前举行的2021年全国环境互联网会议上，“基于人工智能的白河流域监管”应用荣获“2021年度智慧环保创新十大案例”。,http://sc.people.com.cn/n2/2022/0120/c379471-35103364.html
民航局发布航空5G通信应用实施方案,央视新闻,2022-01-21,新闻,"以人为本,福祉,普惠,共享,可持续,责任,自主,内部安全,外部安全",在今天（1月21日）举行的新闻发布会上，民航局发布了《航空5G机场场面宽带移动通信系统建设应用实施方案》， 这份《实施方案》的发布，标志着5G民航全面应用的序幕正式拉开。,https://www.thepaper.cn/newsDetail_forward_16389415
洞见科技参与制定的「首个」基于TEE的隐私保护机器学习国际标准正式发布,洞见科技,2022-01-12,案例,"以人为本,福祉,普惠,共享,可持续,隐私,公开,内部安全",1月11日，由蚂蚁集团牵头、洞见科技参与制定的首个基于可信执行环境的隐私保护机器学习技术框架与要求的国际标准「IEEE Std 2830™」正式发布。,https://36kr.com/p/1568149588267140
浙江数字化改革实践创新案例库上线,浙江数字化发展与治理研究中心,2022-01-12,新闻,"以人为本,福祉,普惠,共享,可持续,公开",11日上午，浙江省数字化改革智库联盟、浙江数字化发展与治理研究中心、浙江大学管理学院的专家学者齐聚一堂，在杭州共同举行浙江数字化改革实践创新案例库上线暨《浙江数字化改革实践创新报告（2021）》（下称报告）发布会。,http://jgswj.ningbo.gov.cn/art/2022/1/12/art_1229047338_59031291.html
清华大学发布《2020-2021年元宇宙发展研究报告》,清华大学新媒体研究中心,2021-11-12,案例,"以人为本,福祉,普惠,共享,可持续,自主,人权,开放","近日，清华大学新媒体研究中心发布《2020-2021年元宇宙发展研究报告》。《报告》显示，“元宇宙”热潮背后，是相关技术的发展已经到规模化应用的临界点。

《报告》显示，技术的发展与应有规模化普及，被视为“元宇宙”得以推进的关键。十余年来，AI、VR、AR、5G、大数据、数字孪生、云计算、区块链等技术长足发展，但尚未出现结合这些技术的消费级产品理念，“‘元宇宙’是对系统新型技术的统摄性产品化想象，可统合诸多新兴技术，将其导向可落地的产品形态。”",https://mp.weixin.qq.com/s/xQS90ZWVw0dG2GwJfeGmzQ
百度宣布与美团|携程等十余家企业互联互通 春节将开放百亿流量,新浪科技,2022-01-17,新闻,"以人为本,福祉,普惠,共享,可持续,责任,自主",1月17日上午消息，百度联合美团、小红书、顺丰、携程、知乎、同程、猫眼、58同城等十余家企业宣布开启互联互通深度合作，将以春节为起点，在流量、技术、服务生态三大层面展开互联互通合作。,https://news.iresearch.cn/content/202201/417135.shtml
腾讯健康“AI助医”亮相迪拜世博会：患者就医更便捷 医生诊断更高效,站长之家,2022-01-21,新闻,"以人为本,福祉,普惠,共享,可持续,责任,自主",近日，以“构建人类命运共同体——创新和机遇”为主题的迪拜世博会中国馆-腾讯活动日启动，腾讯健康“AI助医”产品正式亮相，向世界隔空展示智慧医疗产品的创新成果，聚焦临床医学服务与业内进行技术交流，积极探讨医疗行业创新发展路径。,https://www.chinaz.com/2022/0121/1357514.shtml
蚂蚁集团2021反诈骗治理报告：AI日均风险预警50万人次，诈骗案件量及资损降4成,马义,2022-01-25,新闻,"以人为本,福祉,普惠,共享,可持续,责任,自主,内部安全,外部安全,隐私",1月25日，蚂蚁集团发布《2021反诈骗治理年度报告》，过去一年，支付宝平台内诈骗案件量及欺诈资损下降约4成，其中“注销校园贷”等新兴骗局治理效果显著，资损下降85%；AI系统已能自动识别50余种诈骗手法，通过延时到账、电话劝阻等，日均发出风险预警约50万人次；通过技术支持，向公安机关移交高危预警线索79万条，协助全国一线反诈民警劝阻保护潜在被骗资金9.9亿元。,https://www.cnbeta.com/articles/tech/1229897.htm
重磅：央行印发《金融科技发展规划（2022-2025年）》,腾讯网,2022-01-13,新闻,"以人为本,福祉,普惠,共享,可持续,公平,隐私",近日，中国人民银行印发《金融科技发展规划（2022-2025年）》（以下简称《规划》），提出新时期金融科技发展指导意见，明确金融数字化转型的总体思路、发展目标、重点任务和实施保障。,https://new.qq.com/omn/20220113/20220113A0BVWF00.html
雄安城市计算（超算云）中心主体结构封顶,中国新闻网,2022-01-17,新闻,"以人为本,福祉,普惠,共享,可持续,责任",1月16日，航拍雄安城市计算（超算云）中心项目封顶仪式现场。据了解，雄安城市计算（超算云）中心是建设“智慧雄安”的重要支撑，也是雄安新区数字孪生城市“之脑”“之眼”“之芯”，是雄安新区数字孪生城市运行服务系统的重要载体，其承载的边缘计算、超级计算、云计算设施将为整个数字孪生城市的大数据、区块链、物联网、AI、VR/AR提供网络、计算、存储服务。（无人机照片） 中新社记者 韩冰 摄,http://tech.chinadaily.com.cn/a/202201/17/WS61e4c4cfa3107be497a02631.html
首批5G应用安全创新示范中心遴选认定结果发布,新浪财经,2022-01-01,新闻,"以人为本,福祉,普惠,共享,可持续",工业和信息化部近日公布首批5G应用安全创新示范中心遴选认定结果，认定来自9个省（自治区、直辖市）的12个申报主体入选首批9个“5G应用安全创新示范中心”，并将7个暂未入选但基础较好、发展空间较大的申报主体纳入“5G应用安全创新示范中心培育清单”。对于认定首批示范中心的省份，省通信管理局、工业和信息化主管部门要加强统筹协调，指导示范中心聚焦目标行业领域，加大资源投入，突出产品和服务特色，加强示范推广，按时报送成果，并在政策、资金等方面为示范中心提供必要的支持。,https://finance.sina.com.cn/wm/2022-01-01/doc-ikyamrmz2534590.shtml?cref=cj
2022年中国网络安全硬件平台行业研究报告,安全内参,2022-04-07,新闻,"以人为本,内部安全,外部安全,福祉,人权,合作,公平,公正,责任,透明,开放,共享",概念定义：网络安全硬件平台是保护网络安全的专业设备，是网络安全解决方案的硬件载体。,https://www.secrss.com/articles/41120
NLP数据增广不故障！清华大学提出FlipDA，轻松解决小样本任务｜ACL 2022,新智元,2022-04-09,案例,"以人为本,隐私,人权,尊重,公正,公平,正义,向善,透明",针对数据增广方法在困难任务（小样本自然语言理解任务）以及更强的基线模型（超过1亿参数量的大规模预训练模型）条件下的「故障模式（Failure Modes）」问题。,https://mp.weixin.qq.com/s?__biz=MzI3MTA0MTk1MA==&mid=2652183352&idx=3&sn=76da48bc43750feb92e9cd280da34e78&chksm=f1266fc9c651e6df6affb5350ae41e3580316d7f4f861f61dba44bf160c30d67df9a4a7be5c1&scene=126&&sessionid=1649607142#rd
中兴通讯与InfoVista签署战略合作协议,中兴官网,2018-02-27,新闻,"合作,可信,友好,公平,公正,责任,开放,共享,可持续,人权,权益,尊重",2月27日，在巴塞罗那世界移动大会MWC期间，中兴通讯与业界领先的软件服务供应商InfoVista签署了战略合作协议，双方联合宣布已在SD-WAN技术领域完成深度合作，可为全球运营商及企业用户提供敏捷、自定义和极简运维的软件定义企业网络解决方案。,https://www.zte.com.cn/china/about/news/20180218.html
中国海油网络安全意识培养实践,安全内参,2022-04-08,新闻,"以人为本,可信,福祉,向善,透明,责任,内部安全,外部安全,权益,人权",在大国博弈的时代背景下，大型企业均认识到维护本企业网络安全的重要性。,https://www.secrss.com/articles/41161
从Gartner首份中国态势感知市场分析简报三谈态势感知,安全内参,2022-04-07,案例,"以人为本,福祉,人权,合作,公平,公正,责任,内部安全,外部安全,开放,共享","一、Gartner对中国态势感知平台的简述

终于，在2022年3月，得益于对中国本土市场的重视，Gartner对外发布了一份描述中国态势感知解决方案常见的2个应用场景的快速问答报告。",https://www.secrss.com/articles/41074
元宇宙将有750亿新人类？新智元发布《中国AI和元宇宙产业七大趋势》及2021创新大奖,新智元,2022-03-31,新闻,"以人为本,共享,可持续,人权,权益,合作,可信,友好,公平,公正,责任,开放,尊重",137亿年前发生的一次大爆炸，我们所处的「宇宙」形成了。 时间来到2021年，虚拟的「元宇宙」再一次大爆发。 2022，元宇宙奇点爆发才第2个年头，这个Metaverse却以惊人的速度疯长！ 元宇宙大爆发是否突破了物理世界的约束，让人类来到了一个自由的新世界？ 无数的虚拟人涌现，谁将主导未来的元宇宙？ 在3月30日下午举办的新智元首届「元宇宙，新人类」论坛上，新智元创始人&CEO杨静深入总结了中国AI和元宇宙产业的七大趋势。,https://mp.weixin.qq.com/s?__biz=MzI3MTA0MTk1MA==&mid=2652181788&idx=1&sn=99775fe765bd070de8e1359556e875ff&chksm=f12661edc651e8fb867666f7c4cf89d695e4c8b2e1ce6da808972039f6aefcba5dc75b0cdf38&scene=126&&sessionid=1649609016#rd
全球首家AI大学常务副校长回到中国！中科大校友邵岭博士出任特斯联首席科学家,新智元,2022-04-03,新闻,"以人为本,可信,友好,公平,公正,共享,可持续,人权,权益,尊重",4月2日，特斯联官宣，全球首家AI大学常务副校长兼教务长的邵岭博士将出任集团首席科学家和特斯联国际总裁。,https://mp.weixin.qq.com/s?__biz=MzI3MTA0MTk1MA==&mid=2652182334&idx=2&sn=1a864b663c8f48ef440fcef5e3458553&chksm=f12663cfc651ead9fb837fec6e42ac9e191b34325608974e868cf3d99cf43818f31876b80070&scene=126&&sessionid=1649607142#rd
判刑3年！90后做“颜值检测”软件实为窥人隐私,安全内参,2022-04-06,新闻,"可信,人权,外部安全,合作,平等,公平,权益,公正,可持续,福祉,尊重",打开搜索引擎，输入“颜值打分”，互联网上形形色色的打分软件映入眼帘。这类APP或小程序中，有少数披着人工智能的外衣、打着测面改运的噱头，干着招摇撞骗的勾当，或是骗取使用者钱财，或是窃取并倒卖其个人信息。 “测试颜值”竟被盗取手机相册 近日，央视一档节目播出了上海市奉贤区人民法院，于2020年8月审理的一起侵犯公民个人信息犯罪案件庭审现场情况。,https://www.secrss.com/articles/41027
回顾｜新智元创始人杨静：从AI到元宇宙的产业链创新,新智元,2022-03-29,新闻,"以人为本,合作,可信,公平,公正,责任,开放,共享,可持续,人权,权益,尊重",3月17日，北大「科技创新与创业」2022春季课程第四次讲座顺利进行。,https://mp.weixin.qq.com/s?__biz=MzI3MTA0MTk1MA==&mid=2652181377&idx=3&sn=a5e0f6f85fea697d13aa26ba361ba182&chksm=f1266770c651ee6613aa7ecf88abad3a1562bb8178fa55bf303d593289cbc065b0ec914147c0&scene=126&&sessionid=1649609016#rd
大厂华人改做「中国芯」！摩尔线程、壁仞科技双双发布GPU，对标英伟达,新智元,2022-04-01,新闻,"以人为本,福祉,向善,开放,共享,透明,责任,内部安全,外部安全,权益,合作,人权","这两天，国产芯片界全是「大新闻」！
 
30日，英伟达前中国区一把手张建中率领的摩尔线程，推出了国产通用GPU芯片「苏堤」、桌面级显卡MTT S60和服务器用显卡MTT S2000。",https://mp.weixin.qq.com/s?__biz=MzI3MTA0MTk1MA==&mid=2652182024&idx=3&sn=2f566dea4ad64c510448853967052127&chksm=f12662f9c651ebeffd7dc14faf2acdb56d2a82592f36cdb25662d46f2444439ed0c3eb3d83a5&scene=126&&sessionid=1649607142#rd
大模型「进厂」有多难？这个源自中国的AI框架整整用了2年,新智元,2022-04-01,新闻,"以人为本,福祉,向善,透明,责任,内部安全,外部安全,权益,合作,人权",2020年末，DeepMind开发的第二代深度学习神经网络震惊了结构生物学界。,https://mp.weixin.qq.com/s?__biz=MzI3MTA0MTk1MA==&mid=2652182024&idx=2&sn=d98a6495dbd19184811e36b380c331b0&chksm=f12662f9c651ebefab6183b4e64ee83dc16534c22190543e0ff0e397c207cfdbea2983603558&scene=126&&sessionid=1649607142#rd
工信安全中心发布《2021-2022年我国网络安全产融合作发展报告》,安全内参,2022-04-08,新闻,"以人为本,内部安全,外部安全,权益,合作,人权,福祉,向善,透明,责任,隐私",4月8日，第二十二场“工信安全智库”系列报告在线发布活动成功举办。,https://www.secrss.com/articles/41175
成立7年，这家AI独角兽造出机器人元宇宙「海元世界」,新智元,2022-04-08,案例,"合作,可信,友好,公平,责任,开放,共享,以人为本,可持续,人权,权益,尊重",纵观人类科技发展历程，每一次重大变革的拐点，往往都始于一个新生态的确立。,https://mp.weixin.qq.com/s?__biz=MzI3MTA0MTk1MA==&mid=2652183159&idx=3&sn=3add483f5551617d74369afd775f0342&chksm=f1266e86c651e79089cb81f7f69324bc2b475c701ba678b9343f87c7e0ebe4f4306aead18209&scene=126&&sessionid=1649607142#rd
数字账本技术非同质化代币的特征与安全挑战,安全内参,2022-04-07,新闻,"可信,友好,合作,隐私,平等,公平,公正,可持续,福祉,尊重,以人为本",随着元宇宙概念持续走热，一些与其相关的概念或技术，如区块链、人工智能、虚拟现实等，也得到极大普及与关注。,https://www.secrss.com/articles/41113
新兴科技发展中的人工智能治理,安全内参,2022-04-06,新闻,"可信,友好,合作,平等,公平,权益,公正,可持续,福祉,尊重",习近平总书记在浦东开发开放30周年庆祝大会上的讲话中指出，“科学技术从来没有像今天这样深刻影响着国家前途命运，从来没有像今天这样深刻影响着人民幸福安康。,https://www.secrss.com/articles/41042
"深度分析：从""网络安全""监管看""数据安全""监管",安全内参,2022-04-08,新闻,"内部安全,外部安全,以人为本,责任,权益,人权",网络安全，在《国家网络空间安全战略》中是网络空间安全的简称，也被称为广义的网络安全，包含了物理安全、系统安全、网络安全（狭义）、数据安全等多个层面的安全，形成网络空间安全。,https://www.secrss.com/articles/41127
清华博士提出「Chiplet精算师」登顶会！越接近摩尔极限，多芯片集成越划算,新智元,2022-04-01,新闻,"可信,友好,开放,共享,合作,平等,公平,权益,公正,可持续,福祉,尊重",Chiplet需要通过大规模量产催动行业更新，同时还要考虑产品良率、封装良率、各种成本等等。,https://mp.weixin.qq.com/s?__biz=MzI3MTA0MTk1MA==&mid=2652182024&idx=4&sn=43313f4897630aac06241c4069312484&chksm=f12662f9c651ebefab3a44ab5dcd1a67f3d8a6e38125b48fccf917f0b73193eddc34b1566050&scene=126&&sessionid=1649607142#rd
清华大学—中国工程院“知识智能联合研究中心”成立仪式成功举行,工程院,2017-05-31,新闻,"合作,可持续,人权,权益,可信,友好,责任,开放,共享,以人为本",2017年5月22日，清华大学(计算机系)—中国工程院中国工程科技知识中心“知识智能联合研究中心”(K&I)(下称“联合中心”)成立暨揭牌仪式在清华大学FIT楼举行。,http://www.ckcest.cn/default/news/newsdetail?id=8a99eca05c53ce64015c5c7f2c810017&cate=1
清华大学与中国工程院重磅发布！2019人工智能发展报告,腾讯云,2019-12-09,新闻,"以人为本,福祉,向善,透明,责任,内部安全,权益,合作,人权",11月30日，由清华大学-中国工程院知识智能联合研究中心、中国人工智能学会吴文俊人工智能科学技术奖评选基地联合发布了《2019人工智能发展报告》。,https://cloud.tencent.com/developer/news/490941
王云鹏院士：探索构建包容审慎的汽车安全监管沙盒,安全内参,2022-04-07,新闻,"内部安全,外部安全,以人为本,责任,权益,人权,可持续,可信,公平,公正",4月1日，市场监管总局、工业和信息化部等五部门联合发布《关于试行汽车安全沙盒监管制度的通告》，共同启动汽车安全沙盒监管试点工作，以此完善汽车新技术、新业态、新模式安全监管方式。,https://www.secrss.com/articles/41077
鸿蒙3.0Beta版跳票！记者探访华为HarmonyOS实验室，边洗脸边追剧的镜子也智能,新智元,2022-03-31,新闻,"以人为本,可持续,人权,权益,尊重合作,可信,友好,责任,开放,共享","还记得鸿蒙的「1+8+N」战略吗？

 

一部手机，带动8个华为自研产品，扩展到N个泛物联网硬件。",https://mp.weixin.qq.com/s?__biz=MzI3MTA0MTk1MA==&mid=2652181788&idx=3&sn=b74833a964221577b1705d3564f7894e&chksm=f12661edc651e8fb0ab69087ef65a71f22e2e6201953fe13d03411027c9a613c40a6c8f10f81&scene=126&&sessionid=1649609016#rd
2019世界机器人大会都有哪些看点,网易科技,2019-08-21,新闻,"国际合作与机遇,基础技术与创新,新兴应用与实践,前沿趋势与探索,人工智能与融合,市场前景与投资",网易科技讯，由北京市人民政府、工业和信息化部、中国科学技术协会主办，中国电子学会、北京市经济和信息化局、北京经济技术开发区管委会承办的2019世界机器人大会，将于2019年8月20日至8月25日在北京亦创国际会展中心举行。今年的大会主题为“智能新生态，开放新时代”。同期，世界机器人博览会、世界机器人大赛亦将拉开帷幕。,http://www.ncmgcc.com/sysjs/94557.html
CISS举办“人工智能与国际安全”专题论坛,清华大学战略与安全研究中心,2021-12-07,案例,"人工智能,全球战略",2021年12月4日，清华大学战略与安全研究中心（CISS）与人道主义对话中心（HD）合作，在2021人工智能合作与治理国际论坛期间举办“人工智能与国际安全”专题论坛。论坛以线上与线下相结合的方式举行，邀请了来自中国、日本、印度、美国、俄罗斯及瑞士的11位专家学者探讨人工智能应用对国际安全领域的影响。CISS副主任、清华大学人工智能国际治理研究院副院长肖茜、人道主义对话中心东北亚项目主任吕晶华出席论坛并致辞。,https://ciss.tsinghua.edu.cn/info/A_S_project/4297
人工智能伦理与治理：我们尚未取得的进展,人民论坛网,2021-01-29,新闻,"人工智能发展,伦理与治理原则",从艾萨克·阿西莫夫的机器人三定律、斯蒂芬·霍金对人工智能与人类生存风险的预见，到诺伯特·维纳对自动控制系统安全的担忧，近五年来各个国家、科研机构和企业相继提出的人工智能发展、伦理与治理原则，相关的思考与行动见证着人类为推进人工智能向对人类有益的方向发展所做出的努力。当人工智能的进展如此深入地与人类社会深度融合时，一方面，我们看到的是人工智能作为赋能技术推进社会的进步；另一方面，人工智能发展中的隐患与不确定性使得我们无法完全脱离彷徨与担忧。也正是因为这种不确定性与风险、挑战的存在，才凸显出人工智能伦理与治理研究、实践的现实和长远意义，更需在人类负责任的创新与呵护下推进人工智能以更稳健的方式向未来探索前行。,http://www.rmlt.com.cn/2021/0129/606792.shtml
人民日报：人工智能，以法律和伦理为界,人民日报,2017-08-23,新闻,"自动驾驶,智慧医疗,智慧金融,机器人","通过对人工智能相关法律、伦理和社会问题的深入探讨，为智能社会划出法律和伦理道德的边界，让人工智能服务人类社会

　　得益于中国在互联网、大数据、云计算等领域的卓著进步，人工智能在国内发展迅猛。8月23日，以“创新创业创造，迎接智能社会”为主题的2017世界机器人大会，在北京亦创国际会展中心正式开幕。在可以预见的未来，中国的人工智能产业将在自动驾驶、智慧医疗、智慧金融、机器人等领域获得蓬勃发展。",http://www.xinhuanet.com/zgjx/2017-08/23/c_136547804.htm
全球AI专家齐聚清华 畅谈后疫情时代的AI国际合作与治理,搜狐,2020-12-21,新闻,"机遇和挑战,国际智慧,可持续发展之道",12月18日，由清华大学人工智能国际治理研究院（I-AIIG）和联合国开发计划署（NUDP）共同举办的首届人工智能国际合作与治理高峰论坛拉开帷幕。,https://www.sohu.com/a/439608821_153054
市场监管总局公布13起反垄断行政处罚案件 涉及腾讯、阿里等,科技金融在线,2022-01-06,新闻,"以人为本,人权,平等",市场监管总局公布13起未依法申报违法实施经营者集中案行政处罚决定书，涉及腾讯9起、阿里2起、哔哩哔哩1起。,http://www.jrkjaq.com/hangye/23552.shtml
旷视成立AI治理研究院 回溯全球十大AI治理事件,快资讯,2021-12-14,新闻,"智能语音,AI威胁论,脑机接口",近年来，随着AI开始加速产业化的同时，也在数据使用、隐私保护等方面带来新的问题。旷视作为推进AI产业化的先锋，为了保证这项新技术的可持续发展，需要对这些问题“理性的关注，深度的研究，建设性的讨论，坚持不懈的行动”。基于此，旷视正式成立人工智能治理研究院，旨在就全球人工智能治理的共性问题与社会各界广泛沟通、与专家学者们展开研究，共同推动人工智能的健康发展。,https://www.360kuai.com/pc/9ee5374f2588088be?cota=3&kuai_so=1&tj_url=so_rec&sign=360_57c3bbd1&refer_scene=so_1
朱荣生：中国在人工智能治理领域彰显负责任角色,,2021-12-22,新闻,"自主武器,人工智能军事应用,伦理约束",人工智能作为新一代产业革命的核心技术，受到主要大国高度重视。美国、俄罗斯、英国、法国等纷纷发布战略规划，力图抓住智能化浪潮带来的军事变革机遇，将人工智能融入军事现代化进程，随之而来的安全风险也引发国际社会广泛关注。,https://ciss.tsinghua.edu.cn/info/A_S_project/4353
自动化所与英国剑桥大学共建中英人工智能伦理与治理研究中心,中国科学院,2019-11-12,新闻,"伦理与治理,技术模型,人工智能技术风险,伦理评估",11月4日，由中国科学院自动化研究所和英国剑桥大学共建的中英人工智能伦理与治理研究中心成立。,https://www.cas.cn/yx/201911/t20191111_4723359.shtml
CISS举办第五轮“中美人工智能与国际安全对话”,清华大学战略与安全研究中心,2021-11-09,新闻,"人工智能技术,地缘政治竞争,人工智能军事应用",2021年10月30日，清华大学战略与安全研究中心与美国布鲁金斯学会共同举办“人工智能与国际安全项目”第五轮线上对话。清华大学战略与安全研究中心主任傅莹、美国布鲁金斯学会会长约翰·艾伦（John Allen）出席论坛并致辞，中美双方项目组成员20余人就相关议题进行热烈讨论。,https://ciss.tsinghua.edu.cn/info/A_S_project/4185
中国期望更大的人工智能支持,ai.hot.net,2017-04-29,新闻,"机器人产业,劳动力短缺",人工智能（AI）计划AlphaGo击败了世界人类中国棋盘游戏冠军，星期三首次在北京人民大会堂代表们讨论了智慧机器如何塑造中国的未来。,https://www.aihot.net/robot/432.html
兼容并蓄，博学笃行——人工智能时代人类译者的使命,快资讯,2021-10-24,新闻,"机器翻译,语言服务",今年，我在北外开设了“中文文学作品英译”课程。第一周，同学们当堂闭卷翻译了《围城》开篇一小段“红海早过了”。第二周我展示了两份译文供评析，同学们积极进行“自我批评”，指出“例文”在用词方面大大胜过自己。比如它们将“半透明”译成“translucent”，将“酡红”译为“flushed red”，将“海风”译为“sea breeze”，而不少同学只能大致译成“semi-transparent”“red”和“sea wind”。也有人提出两则译文句式颇有特色，不符合语法常规，形成了陌生化的文学效果。,https://www.360kuai.com/pc/9a178bb6459931545?cota=3&kuai_so=1&sign=360_57c3bbd1&refer_scene=so_1
清华大学战略与安全研究中心科研团队在《科技日报》英文周刊发表人工智能治理评论文章,清华大学战略与安全研究中心,2021-08-23,新闻,"人工智能法律法规,伦理规范,政策体系",2021年8月19日，清华大学战略与安全研究中心秘书长、人工智能国际治理研究院首席专家陈琪和清华大学战略与安全研究中心助理研究员朱荣生在《科技日报》（英文周刊）发表题为《敏捷治理模式下的中国人工智能“向善”》的评论文章。《科技日报》聚焦于中国和世界科技创新、发展与国际合作的综合性周报，是面向国内外公开发行的中央主流新闻媒体。,https://ciss.tsinghua.edu.cn/info/A_S_project/3899
市场监管总局：加强对信息保护、人工智能等新兴产业的标准与合格评定研究,新浪科技,2022-06-02,新闻,"人工智能,信息保护",财联社6月2日电，市场监管总局正式印发《关于加强技术性贸易措施工作的指导意见》。《指导意见》提出四方面的工作重点。,https://finance.sina.com.cn/tech/2022-06-02/doc-imizirau6267369.shtml
2021新起点、新阶段 —— RPA产业推进方阵新一年工作规划,http://aiiaorg.cn/index.php?m=content&c=index&a=lists&catid=9,2021-01-26,案例,"以人为本,福祉,普惠,开放,共享,可持续",机器人流程自动化（RPA）在发达国家已成为一类重要的数字劳动力，IDC在2020全球工作趋势预测报告中指出，2021年“数字员工”贡献率将增加30%，Gartner在2020、2021科技趋势分析中均重点提到超级自动化技术，一场史无前例的数字化工作变革已然开始。2020年9月，在中国人工智能产业发展联盟（AIIA）的指导下，由中国信息通信研究院牵头成立了RPA产业推进方阵（以下简称“方阵”），经过半年多的发展，方阵各项工作基本步入正轨。新的一年，方阵将继续围绕标准建设、评估评测、发展研究、产业活动等方面开展工作，计划重点部署以下几个方向：,http://aiiaorg.cn/index.php?m=content&c=index&a=show&catid=9&id=133
2022北京智源大会开幕，精度最高「智能线虫」诞生，图灵奖得主领衔3天AI论道｜中关村论坛系列活动,https://mp.weixin.qq.com/s/2UKC4ztA-YzKhQ2VYLpg2A,2022-05-31,案例,"以人为本,福祉,普惠,开放,共享,合作,可持续","5月31日，为期三天的“北京智源大会”线上开幕。


作为综合、前沿、专业的内行人工智能大会，智源大会已连续举办 4 届，成为国际人工智能交流亮眼名片。今年，Adi Shamir 等图灵奖得主领衔 200 余位人工智能顶尖专家，除开幕式与特邀报告外连开3天26场硬核论坛，覆盖学术前沿、技术创新与产业应用。



在大会上，智源研究院发布了最新进展：目前精度最高的智能线虫“天宝”诞生，迈出智能生命关键一步；发布AI芯片生态实验室和九鼎智算平台；大模型产业落地加速。",https://mp.weixin.qq.com/s/2UKC4ztA-YzKhQ2VYLpg2A
中国信通院启动数据中心智能运维机器人标准编制工作,中国信通院,2022-05-31,新闻,"以人为本,福祉,普惠,开放,共享,内部安全,外部安全",为落实《“十四五”信息通信行业发展规划》关于“建设新型数字基础设施”的重点要求，快速响应众多数据中心企业提升“智能敏捷”运维能力的需求，中国信息通信研究院（以下简称“中国信通院”）云计算与大数据研究所联合阿里巴巴、腾讯等单位发起数据中心智能运维机器人系列标准编制工作。,https://mp.weixin.qq.com/s/ISXGkRjdEX4CK1aT8RiGCQ
中国信通院获批成为重庆市第一批海外知识产权纠纷应对指导工作站,中国信通院,2022-05-30,新闻,"以人为本,福祉,普惠,开放,共享",近日，中国信息通信研究院（以下简称“中国信通院”）西部分院（重庆信息通信研究院）被重庆市知识产权局授牌成为“重庆市海外知识产权纠纷应对指导工作站”，成为重庆市第一批获得授牌的八家单位之一。本次授牌充分体现了中国信通院西部分院在服务地方知识产权市场方面获得了地方政府部门的充分认可。,https://mp.weixin.qq.com/s/p8pgsbO4r158h8v7Ls60fw
中国电子工业标准化技术协会元宇宙工作委员会将于6月初正式成立,网易,2022-05-13,新闻,"以人为本,合作,和谐,包容,普惠",从知情人士处获悉，中国电子工业标准化技术协会元宇宙工作委员会将于6月初正式成立。元宇宙工委会成立事宜于今年2月中旬获批。目前，元宇宙工委会已经完成筹备会议，近期将组织召开成立大会。(新华财经),https://www.163.com/dy/article/H79CB63L0519DG4H.html
中央经济工作会议精神解读·述说丨科技政策要扎实落地,百度,2021-12-22,新闻,"以人为本,福祉,普惠,开放,共享",随着我国进入到高质量发展新阶段，高水平科技自立自强的重要性日益凸显。日前召开的中央经济工作会议首次将科技政策列入到新一年度的七大政策中，再次强调科技政策落地的紧迫性和艰巨性。2022年将是中国科技创新政策承上启下之年，是否能推进相关工作的落地显效，或将影响到中国实现科技强国目标的进程。,https://baijiahao.baidu.com/s?id=1719821072952126587&wfr=spider&for=pc
中央网信办等五部门印发《2022年数字乡村发展工作要点》,中央网信办,2022-04-20,新闻,"以人为本,福祉,普惠,开放,共享,内部安全,外部安全,可持续",近日，中央网信办、农业农村部、国家发展改革委、工业和信息化部、国家乡村振兴局联合印发《2022年数字乡村发展工作要点》（以下简称《工作要点》）。通知要求，坚持以习近平新时代中国特色社会主义思想为指导，全面贯彻党的十九大和十九届历次全会精神，深入贯彻中央经济工作会议、中央农村工作会议精神，认真落实《中共中央 国务院关于做好2022年全面推进乡村振兴重点工作的意见》《数字乡村发展战略纲要》《“十四五”国家信息化规划》，充分发挥信息化对乡村振兴的驱动赋能作用，加快构建引领乡村产业振兴的数字经济体系，构建适应城乡融合发展的数字治理体系，不断推动乡村振兴取得新进展，推动数字中国建设迈出新步伐。,http://www.cac.gov.cn/2022-04/20/c_1652064650196835.htm
中电标协元宇宙工委会即将成立 将开展元宇宙相关重点标准研制,百度,2022-05-13,新闻,"以人为本,合作,和谐,包容,普惠",5月13日，记者从知情人士处获悉，中国电子工业标准化技术协会元宇宙工作委员会（以下简称“元宇宙工委会”）将于6月初正式成立。元宇宙工委会成立事宜于今年2月中旬获批。目前，元宇宙工委会已经完成筹备会议，近期将组织召开成立大会。,https://baijiahao.baidu.com/s?id=1732714569409035263&wfr=spider&for=pc
九辰智能公司领导来校洽谈深入合作,https://ai.bipt.edu.cn/xwdt/hdxx/index.html,2022-03-08,新闻,"以人为本,福祉,普惠,开放,共享,合作",3月4日上午，北京九辰智能医疗设备有限公司总经理孙涛先生和研发部经理王佳女士等一行七人，来北京石油化工学院人工智能研究院参观交流，并与刘强院长、郭前进教授、杨强博士、李肖工程师、杨延坤工程师等洽谈眼科成像领域的深化合作。,https://ai.bipt.edu.cn/xwdt/hdxx/233082.html
人工智能应用技术基地项目启动,https://ai.bipt.edu.cn/xwdt/hdxx/index.html,2022-03-25,新闻,"以人为本,福祉,普惠,开放,共享,合作","经过春节后六个星期的紧张准备，克服了近期疫情带来的不利影响，第一组项目建设内容协商完成，进入实施环节。在学校各个职能部门的密切配合、实施团队的辛勤努力下，北石化人工智能研究院组织申报的人工智能应用技术基地项目缓缓启动。

来自人工智能研究院、机械工程学院、新材料与化工学院，以及恩泽生物质精细化工北京市重点实验室、学校分析测试研究中心的7支团队、共计49名教学科研人员，参与了项目的申报和实施。",https://ai.bipt.edu.cn/xwdt/hdxx/234276.html
亿欧智库：2021年中国微创介入医疗器械产业发展报告,新闻科技,2022-05-30,新闻,"以人为本,福祉,普惠,开放,共享","医疗器械行业，正面临“集采”和“创新”两大时代背景，挑战与机遇同时呈现在产业从业者和投资人面前。低值耗材剩者为王，诊疗设备格局已定，IVD百家争鸣，眼科牙科器械国产之光微弱，我们希冀找到一座灯塔，在医疗器械大航海时代看到前行的路——微创介入器械脱颖而出。微创介入进入中国已近而立之年，市场教育与国产崛起在一分一秒间进行着。

如今，微创介入医疗器械接过医疗器械行业发展的接力棒，势要成为这时代最亮的星。我们相信，微创介入医疗器械行业已经迎来最好的时代，将在政策、产业、资本等各方努力下得到快速发展。我们选取了心脏瓣膜、心律失常、神经介入、主动脉及外周血管介入、内窥镜、肿瘤介入等六个赛道，进行了相关研究。",https://finance.sina.com.cn/tech/2022-05-30/doc-imizmscu4075821.shtml?finpagefr=p_114
亿欧智库：产业&金融数字化转型当立潮头,和讯新闻,2021-01-13,新闻,"以人为本,福祉,普惠,开放,共享,可持续","2020年1月8日，由亿欧EqualOcean主办的“亿欧智库2020年度分析师发布会-产业&金融场”顺利举办。本次发布会以 “行远自迩，奋楫争先：数字化转型当立潮头”为主题，亿欧EqualOcean分析师就农业数字化、银行数字化、保险中介数字化以及营销数字化四个领域的数字化转型，进行了2020年度总结回顾以及2021趋势展望。同时，亿欧EqualOcean特邀影谱科技市场副总裁陈庶、眼神科技市场体系总经理王姝琦、福佑卡车小微客户经理颜潮以及千方科技(002373,股吧)战略管理部总监文磊四位嘉宾，共同复盘产业&金融数字化转型的发展现状和2021年数字化发展趋势。",http://news.hexun.com/2021-01-13/202813482.html
关于团体标准《信息技术 智能媒体编码 第6部分：智能媒体格式》(征集意见稿)意见征求的通知,http://www.aitisa.org.cn/detail?id=576,2022-02-18,新闻,"以人为本,福祉,向善,普惠,包容","AI标准工作组已完成团体标准《深度学习推理引擎应用编程接口（API）规范》（标准计划号：2020071401）的起草，输出了征求意见稿。标准征求意见稿已经上载到AI 服务器，路径 /Public/announcement,文件名称“深度学习推理引擎应用编程接口（API）规范（征求意见稿）”，请自行下载。",http://www.aitisa.org.cn/detail?id=561
关于团体标准《深度学习推理引擎应用编程接口（API）规范》(征集意见稿)意见征求的通知,http://www.aitisa.org.cn/newsList?type=5#5,2022-06-02,新闻,"以人为本,福祉,向善,普惠,包容","AI标准工作组已完成团体标准《深度学习推理引擎应用编程接口（API）规范》（标准计划号：2020071401）的起草，输出了征求意见稿。标准征求意见稿已经上载到AI 服务器，路径 /Public/announcement,文件名称“深度学习推理引擎应用编程接口（API）规范（征求意见稿）”，请自行下载。",http://www.aitisa.org.cn/detail?id=576
关注|“信创区块链推进行动”第二批测评工作正式启动！,国家工业信息安全发展研究中心,2022-05-23,新闻,"以人为本,福祉,普惠,开放,共享,内部安全,外部安全",作为一项引领信息互联网向价值互联网转变的新兴技术，区块链已成为全球产业变革的全新赛道，在后疫情时代的数字经济发展中起到越来越重要的作用，也因此受到了国家政策的高度重视。区块链作为信息基础设施的一部分，需要具备公共性与开放性，对安全性也有较高的要求。为推动安全可控、跨链兼容的区块链基础设施构建，国家工业信息安全发展研究中心拟在“信创区块链推进行动”基础上，发起“区块链基础设施百川计划”，从技术延伸到标准、生态等多个方面，以推动我国区块链基础设施的安全互通发展。,http://www.cics-cert.org.cn/web_root/webpage/articlecontent_101001_1528656312861200385.html
动作识别与检索带你体验视频时代“人工智能”新玩法,旷视研究院,2022-02-09,新闻,"以人为本,福祉,普惠,开放,共享,内部安全,外部安全,可持续",北京冬奥会正在展开激烈的赛事角逐，与体育相关的话题持续刷屏，全民健身正在蓬勃发展。那么大家是否想象过，当人工智能与体育相遇，会碰撞出怎样的火花呢？,https://research.megvii.com/news/detail/37
北航与航天科工集团四院十七所举行智能协同与感知联合实验室揭授牌仪式,北京航空航天大学,2022-01-13,新闻,"以人为本,合作,和谐,包容,普惠",2022年1月11日上午，北京航空航天大学与中国航天科工集团第四研究院十七所智能协同与感知联合实验室揭授牌仪式暨智能协同制导控制与感知认知前沿论坛在北航召开。中国航天科工集团第四研究院十七所（以下简称“四院17所”）所长郑莉、副所长邵会兵，北航副校长陶智、人工智能研究院院长郑志明院士等领导专家出席揭授牌仪式。仪式由人工智能研究院常务副院长李波主持。,https://iai.buaa.edu.cn/info/1011/1613.htm
商汤科技AI“数字方舱”火速上线，为上海临港方舱医院护航,商汤科技,2022-05-12,新闻,"以人为本,内部安全,外部安全",近日，为提高上海临港方舱医院整体运营效率、保障后勤人员的健康无疫，商汤科技携手临港集团，在短短7天时间内成功上线了基于商汤园区数字底座的“数字方舱”系统。目前，商汤“数字方舱”系统已成功高效地解决了方舱医院规模化管理难题，保障了1800名后勤人员的健康与安全，数字化防疫管控成效显著。,https://www.sensetime.com/cn/news-detail/51164357?categoryId=72
商汤科技助力沙特打造数字文旅新体验,商汤科技,2022-05-09,案例,"以人为本,福祉,普惠,开放,共享",近日，行业领先的人工智能软件公司商汤科技联手沙特知名文旅赛事管理公司，成功助力全球性文旅盛会利雅得季（Riyadh Season）顺利举办。活动将商汤原创智慧文旅、智慧园区管理产品和解决方案与当地特色景点相结合，为当地居民及全球两千万名游客带来一场盛大的沉浸式文娱体验。,https://www.sensetime.com/cn/news-detail/51164341?categoryId=72
国家互联网信息办公室关于发布第八批境内区块链信息服务备案编号的公告,国家互联网信息办公室,2022-05-24,新闻,"以人为本,普惠,包容,隐私,内部安全,外部安全",根据《区块链信息服务管理规定》（以下简称《管理规定》），国家互联网信息办公室依法依规组织开展备案审核工作，现发布第八批共106个境内区块链信息服务名称及备案编号，任何单位或个人如有疑议，请于即日起10个工作日内将相关意见通过电子邮件发送至bc_beian@cert.org.cn，或邮寄至北京市朝阳区裕民路甲3号国家互联网应急中心，邮编：100029（信封上注明“备案公告反馈”）。提出疑议应以事实为依据，并提供相关证据材料。,http://www.cac.gov.cn/2022-05/24/c_1655008221494542.htm
国家市场监管总局（国家标准委）标准技术管理司国焕新巡视员一行来我院调研,中国电子技术标准研究院,2022-04-29,案例,"以人为本,福祉,普惠,开放,共享,合作,内部安全,外部安全","4月28日，国家市场监管总局（国家标准委）标准技术管理司国焕新巡视员一行来电子标准院开展标准化技术委员会工作专题调研，赵新华院长、孙文龙副院长参加本次调研活动。
国焕新巡视员一行听取了全国信息技术标准化技术委员会（TC28）、全国信息安全标准化技术委员会（TC260）、全国音频、视频及多媒体系统与设备标准化技术委员会（TC242）、全国电子设备用高频电缆及连接器标准化技术委员会微波无源元件分技术委员会（TC190/SC1）的工作汇报，并与参会人员就标准化工作情况、国际标准化工作、委员会管理和发展等方面开展了交流研讨。",http://www.cesi.cn/202204/8459.html
图普科技顺利通过工信局高质量发展资金，加快推动广东省数字化发展建设,tuputech,2021-11-12,新闻,"以人为本,福祉,普惠,开放,共享,合作,可持续",近日，广州市工业和信息化局发布公告，图普科技申报的「面向新零售和直播场景的AI视觉处理平台适配研发与产业化」，顺利通过2021年广州市促进工业和信息化产业高质量发展资金软件适配研发扶持项目审核。,https://www.tuputech.com/newsinfo/1487586.html
对话智源研究院院长黄铁军：通用人工智能是一个不断逼近的过程,新浪新闻,2022-06-03,新闻,"以人为本,福祉,普惠,开放,共享","6月3日下午消息，作为自然界中被研究得最为透彻的模式动物，拥有302个神经元的秀丽线虫，是当前科学界广受关注同时取得多项研究成果突破的生物。在2002年、2006年和2008年的三项诺贝尔奖中，获奖者们取得的成果均基于秀丽线虫实验完成。

近日，在2022智源大会上，北京智源人工智能研究院天演团队发布了高精度生物仿真秀丽线虫“天宝1.0”（MetaWorm）。实现了全部302个神经元及连接关系的精细建模，神经元结构模拟采用多舱室模型，单神经元舱室最多2313个，全身具有96块肌肉+3341个力学计算单元，目前已具备嗅探并蠕动至兴趣目标等能力……",https://finance.sina.cn/tech/2022-06-03/detail-imizmscu4917679.d.html?fromtech=1&from=wap&cref=cj
工业和信息化部商用密码应用产业促进联盟商用密码应用宣贯活动在京举行,中国电子技术标准化研究院,2022-04-26,新闻,"以人为本,福祉,普惠,开放,共享,隐私,权益,人权,内部安全,外部安全",2022年4月20日，由工业和信息化部商用密码应用产业促进联盟（CCPA，以下简称“联盟”）主办，北京数字认证股份有限公司承办的“CCPA工业和信息化领域商用密码应用推进宣贯活动”以线上线下相结合方式成功举行。中国电子技术标准化研究院党委书记、联盟理事长杨建军出席宣贯活动，工业和信息化部办公厅相关同志和产业联盟有关代表参加活动。,http://www.cesi.cn/202204/8429.html
我校承办2021年度人工智能领域优秀青年科学基金项目负责人论坛,北京航空航天大学,2022-01-27,新闻,"以人为本,福祉,普惠,开放,共享,内部安全,外部安全",2022年1月24日，由国家自然科学基金委员会（简称自然科学基金委）信息科学部主办，我校人工智能研究院承办的2021年度人工智能领域优秀青年科学基金项目负责人论坛在北京举行。自然科学基金委信息科学部刘克副主任（主持工作）、信息科学部二处全体工作人员参加了本次论坛，我校科学技术研究院陶飞副院长、人工智能研究院相关负责人以及特邀报告专家和人工智能领域优秀青年科学基金项目负责人等40余人通过线下或线上的方式出席论坛。论坛开幕式由自然科学基金委信息科学部二处吴国政处长主持。,https://iai.buaa.edu.cn/info/1011/1621.htm
权威认证!图普科技通过ISO27001信息安全管理体系认证,图普科技,2021-11-12,案例,"以人为本,福祉,普惠,开放,共享,合作,内部安全,外部安全,可持续",近日，图普科技顺利通过认证评定，取得「GB/T22080-2016/ISO/IEC 27001:2013」国际信息安全管理体系认证证书。认证范围包括计算机软件开发、计算机信息系统集成的信息安全管理，覆盖人工智能应用产品研发、使用及运维过程的信息安全管理，体现图普长期在保障企业信息资产安全性、业务持续性等方面的坚持。,https://www.tuputech.com/newsinfo/2103177.html
清华大学公共管理学院2022年校级自主设立科研机构年审会成功举办,百度,2022-04-15,新闻,"以人为本,福祉,普惠,开放,共享,可持续","4月12日，清华大学公共管理学院2022年校级自主设立科研机构年审会成功举办。
清华大学科研院副院长、机构办主任甄树宁，清华大学科研院副院长曾鸣，清华大学科研院机构办科研机构高级主管刘国卿，清华大学公共管理学院党委书记彭宗超，执行院长朱旭峰，副院长王亚华、邓国胜，党委副书记兼副院长谢矜，党委副书记周绍杰，政府管理与创新研究所所长于安等出席会议。公共管理学院参加年审的17个校级自主设立科研机构和其他校级院系级科研机构主要负责人及代表等50余人参加会议。会议由朱旭峰主持。",https://baijiahao.baidu.com/s?id=1730125869640775590&wfr=spider&for=pc
科大讯飞拿下SemEval 2022三项冠军，多语种语言理解再上新台阶！,科大讯飞,2022-04-29,新闻,"以人为本,福祉,普惠,包容,可持续","近日，第十六届国际语义评测（The 16th International Workshop on Semantic Evaluation, SemEval 2022）大赛落下帷幕，科大讯飞在三项主要赛道中拿下冠军，标志着科大讯飞在多语种语言理解领域持续进阶。",https://www.iflytek.com/news/2611
第二届全球元宇宙大会暨元宇宙三十人论坛成立大会赵国栋发布元宇宙与数字化转型课题,中关村大数据产业联盟,2022-05-15,新闻,"以人为本,福祉,向善,普惠,包容",2022年5月15日，第二届全球元宇宙大会暨元宇宙三十人论坛成立大会线上举行，元宇宙产业智库委员会执行主席、元宇宙产业委员会执行主任委员、开普云首席战略官、元宇宙三十人论坛学术委员会副主席、元宇宙产业基地首席执行官、中关村大数据产业联盟秘书长、首本《元宇宙》著者，被媒体誉为“元宇宙第一人”的赵国栋先生发表了《元宇宙与数字化转型课题发布》的主题演讲。,http://www.zgc-bigdata.org/nd.jsp?id=1666#_np=4_400
聊聊旷厂黑科技 | 为了让手机拍出好照片，我们开发了100多种算法,旷视科技,2020-11-26,新闻,"以人为本,福祉,普惠,开放,共享",为了让超画质技术能够帮助大家拍出好照片，旷视的研发人员做了相当多的尝试，开发了100多种算法，实现了不少高级功能，我们就找几个好理解的聊一聊,https://research.megvii.com/news/detail/2
联盟会员数已达733家，新进会员单位情况介绍,中国人工智能产业发展联盟,2021-03-22,新闻,"以人为本,福祉,普惠,开放,共享,内部安全,外部安全,可持续","北京万维物联科技发展有限公司

北京万维物联科技发展有限公司成立于2019年，公司专注于物联网领域技术研究，从智能网关、物联网套件到云平台，以领先的技术和可靠的产品，竭诚为客户提供安全、快捷的一站式物联网硬件和软件解决方案。同时提供开放的API、应用程序和云服务，以帮助开发人员轻松实现不同行业物联网解决方案的应用开发和对接。面向未来，公司通过应用AI+大数据技术，致力于节能环保、碳达峰和碳中和的长远目标，提供智慧环保、智慧城市和工业互联网解决方案和相关服务。

杭州百世伽信息科技有限公司

杭州百世伽信息科技有限公司坐落于杭州滨江国家级高新技术开发区。公司拥有一支由医疗管理专家和信息化专家组成跨学科专家团队，致力于将5G通信、物联网、大数据与区块链、人工智能等技术与医院管理和临床诊疗应用场景紧密结合，自主研发智慧医院一体化管理平台、5G医疗网关、AI视觉分析平台、医院数字大脑等多个赋能平台产品，以及智慧医院、智慧病区、智慧专科、智慧院感、智慧院区等多个解决方案。目前已为百家以上大型综合医院提供产品和服务。

杭州灵人科技有限公司

杭州灵人科技有限公司成立于2019年，是国内一站式的内容整合营销服务商。公司一直秉承着以创新理念为核心，以前沿技术为驱动的服务理念，于2020年开始布局智能产业，将虚拟技术（AR）和现实直播相结合，推出“超级直播”的革新产品，全面进化现有直播的表达方式，为用户带来未来直播的超级体验。2020年，灵人科技将这项技术应用于直播、发布会、线下展会等多个应用场景当中，为TCL、西门子家电、长虹美菱集团、欧派橱柜、天猫家装等数十家一线品牌打造出多场“增强现实+”的直播案例，取得了不错的反响。

荣耀终端有限公司

荣耀诞生于2013年，是全球领先的智能终端提供商，致力于成为构建全场景、面向全渠道、服务全人群的全球标志性科技品牌。荣耀以创新、品质和服务作为三大战略控制点，坚持研发及前瞻性技术的持续投入，为全球消费者带来不断创新的智能设备，创造属于每个人的智慧新世界。荣耀具备全系列手机及智能生态产品的研发能力，率先在行业中推出多项创新技术。每款荣耀手机需经历400项以上严格测试标准。荣耀拥有3000＋服务中心、43个呼叫中心，覆盖全球82个以上国家或地区，为全球消费者提供快捷、高效的服务。

无锡广才机器人科技有限公司

无锡广才机器人科技有限公司成立于2020年，是一家技术创新型机器人研发生产企业。公司研发团队来自于清华大学、IBM公司等知名院校和公司。公司生产的“高聪机器人”具有高度的智能，聪明的大脑，已经获得国家卫健委备案和国家室内车内质量检验中心的检测，可以提供7*24小时的消毒、送物、宣导服务，可以自主避障、自动充电、自动上下电梯、语音问答、图形识别，已经为北大医院、北京胸科医院、北京首钢医院、北京小学、北京市西城区教育研修学院、蒙台梭利国际学校、太古地产、桔子酒店、凯迪克格兰云天酒店等客户提供服务。

深圳市视美泰技术股份有限公司

深圳市视美泰技术股份有限公司创立于2008年8月，是一家具备“算法+IoT+软件+云”全栈能力的科技公司。作为物联网智慧显示产品解决方案供应商，视美泰顺应“显示+AI”的行业要求，打造硬件、软件、应用、服务的全栈式商显和物联网生态平台，目前核心业务包括自助终端的研发、生产、销售，并为行业用户提供包括智慧商显、智慧零售、智慧校园、智慧社区、智慧楼宇、智慧物流等市场的AIoT场景化整体解决方案。致力于集成软硬件产品及AI算法，构建基于硬件、边侧和云侧协同的智能化解决方案，创新应用于通行、园区、楼宇、校园、商超、门店、物流等普惠AI场景，将人工智能技术应用在各个实际场景，成为物理世界与数字世界的连接器。

广东德生科技股份有限公司

广东德生科技股份有限公司是国内 A 股上市企业(证券代码 002908）。公司成立于 1999 年 8 月，注册资本 2.01 亿元，员工 1000 余人。公司所处行业为软件与信息技术服务业，是国内人力资源社会保障行业信息化的领先企业。公司近三年进入人工智能领域，运用先进的NLP自然语言算法，开发了自主知识产权的人社领域知识图谱，涵盖社保卡、社保综合、养老保险、工伤保险、失业保险、医疗保险、就业创业、人事人才、劳动关系等各业务模块，已成功为广东、江西、四川、安徽等17个省份55个地市的人社部门提供智能客服知识运营服务，同时向退役军人、民政等其他政务领域拓展。我们的愿景是打造专业的政务智能服务，让老百姓没有难懂的政策。",http://aiiaorg.cn/index.php?m=content&c=index&a=show&catid=9&id=134
聚焦|大数据产业发展系列研究成果发布会在2022数博会期间成功举办,国家工业信息安全发展研究中心,2022-05-27,案例,"以人为本,福祉,普惠,开放,共享,隐私,权益,人权,内部安全,外部安全",5月26日，由中国国际大数据产业博览会组委会主办、国家工业信息安全发展研究中心（以下简称“中心”）承办、中国电子商会数据要素发展工作委员会协办的“大数据产业发展系列研究成果发布会暨数博会‘十佳大数据案例’揭晓活动”以线上形式成功举办。工业和信息化部信息技术发展司副司长王建伟、中心副主任何小龙、中国电子信息行业联合会秘书长高素梅等领导及专家出席。,http://www.cics-cert.org.cn/web_root/webpage/articlecontent_101001_1530015860708610050.html
腾讯发布国内首份可解释 AI 报告：详解打开算法黑箱的理念与实践,https://www.tisi.org/23395,2022-01-21,案例,"以人为本,福祉,普惠,开放,共享,合作,公平,歧视,隐私,权益,人权,内部安全,外部安全","​随着各界对 AI 伦理的日益重视，AI 系统的可解释性也逐渐成为热点，甚至上升到立法和监管的要求。 许多人工智能领域的专家都把 2021 年视为“AI 可解释元年”，在这一年，不仅政府出台相应的监管要求，国内外许多科技公司，譬如谷歌、微软、IBM、美团、微博、腾讯等，也都推出了相应的举措。  
在这一背景下，腾讯研究院、腾讯天衍实验室、腾讯优图实验室、腾讯 AI Lab 等组成的跨学科研究团队，历时近一年，完成业内首份 《可解释AI发展报告 2022——打开算法黑箱的理念与实践》 ，全面梳理可解释AI的概念、监管政策、发展趋势、行业实践，并提出未来发展建议。
在 1 月 11 日线上举办的腾讯科技向善创新周“透明可解释 AI 论坛”上，由腾讯研究院秘书长张钦坤、腾讯优图实验室人脸技术负责人丁守鸿进行了发布。  
学界和业界专家普遍认为，《可解释AI发展报告 2022》非常必要，也非常及时。 这份报告开了个好头，推动人工智能向着可解释这个极为重要的方向发展。",https://www.tisi.org/23395
腾讯研究院：数字中国指数报告,新浪科技,2020-09-18,新闻,"以人为本,福祉,普惠,开放,共享,可持续",报告指出，“数字优先”，已成为未来生存和发展的必选之道。在“数字优先”的指引下，未来的经济和社会将加速数字化变革，实现数字世界和物理世界的全面融合。结合疫情和“数字优先”，今年报告还增加了两点创新：一是增加区域研究，二是增加数字抗疫分析。,https://tech.sina.com.cn/roll/2020-09-18/doc-iivhuipp5092850.shtml
落地通州 北京第一支元宇宙母基金能否支撑产业生态建设？,中关村大数据产业联盟,2022-03-17,新闻,"以人为本,福祉,普惠,开放,共享,合作","近日，通州区发布了《关于加快北京城市副中心元宇宙创新引领发展若干措施的通知》（以下简称《措施》），从示范应用、产业布局、鼓励投资、房租补贴等8个方面，鼓励元宇宙相关企业落地发展。

“通州区发展元宇宙的优势首先体现在旅游资源的丰富上，北京环球度假区、张家湾古镇、大运河文化带、台湖演艺小镇等都在该区”。中关村大数据产业联盟秘书长赵国栋在接受《区块链日报》记者采访时表示。",http://www.zgc-bigdata.org/nd.jsp?id=1660#_np=4_400
诚邀君来｜赛博研究院与瀛泰建立数据合规人才联合培养工作站,百度,2022-03-18,新闻,"以人为本,福祉,普惠,开放,共享,合作,隐私,权益,人权,内部安全,外部安全,可持续",上海赛博网络安全产业创新研究院（“赛博研究院”）是在上海市经信委和上海市社团局共同指导下的民办非企业，是国内专业从事网络空间政策和产业研究的重要智库。研究院与英斯盾团队拥有国内领先的数据合规、个人信息/隐私保护咨询、评估服务专业能力，长期为国内几大头部互联网公司提供网络安全、数据合规、个人信息/隐私保护相关咨询服务，也是国内最早进行数据合规、个人信息/隐私保护SaaS平台工具开发的团队，致力于打造国内一流的数据合规、个人信息/隐私保护产品。,https://baijiahao.baidu.com/s?id=1727625465003671209&wfr=spider&for=pc
赛博观点｜炒作还是颠覆？走进元宇宙，探讨其如何影响城市数字化转型,https://baijiahao.baidu.com/s?id=1728735472684020071&wfr=spider&for=pc,2022-03-30,新闻,"以人为本,福祉,普惠,开放,共享,合作,隐私,权益,人权,内部安全,外部安全,可持续",2021年以来，“元宇宙”引发全球科技界、产业界和资本界的高度关注。之后，“元宇宙”被纳入一些地方的“十四五”规划和相关政策措施之中，也成为今年两会被代表委员们多次提及的热词。那么，“元宇宙”究竟是什么？它将为城市数字化转型带来哪些影响？我们如何更好地进入“元宇宙”时代？赛博研究院将带来精彩观点，以飨读者。,https://baijiahao.baidu.com/s?id=1728735472684020071&wfr=spider&for=pc
通知丨中国互联网协会数字化转型与发展工作委员会关于召开2022中国互联网大会“互联网助力经济社会数字化转型”案例征集推介会专场活动的通知,中国互联网协会,2022-05-25,新闻,"以人为本,福祉,普惠,开放,共享","各会员单位：

为进一步发挥互联网在城市数字化发展进程中的引领作用，推动城市新旧动能转换，促进数字经济发展，2022（第二十一届）中国互联网大会将面向全社会开展“互联网助力经济社会数字化转型”案例征集活动。为推动各会员单位积极关注、参与到案例征集当中，共同推动中国数字化进程，促进数字经济发展，中国互联网协会数字化转型与发展工作委员会将举办案例征集推介会会员单位专场活动，诚邀各会员单位积极参与，感谢支持！",https://www.isc.org.cn/article/12577827663638528.html
通知丨关于开展互联网企业投诉处理优质服务贯标评估工作的通知,中国互联网协会,2022-05-18,新闻,"以人为本,福祉,普惠,开放,共享","各相关单位：

为加快推动《互联网企业投诉处理优质服务规范》（T/ISC 0014-2021）团体标准的落地实施，进一步规范互联网行业发展，促进互联网行业服务质量的整体提升，按照中国互联网协会标准贯标工作部署，现组织开展互联网企业投诉处理优质服务贯标评估工作，有关事项通知如下：",https://www.isc.org.cn/article/12500812084932608.html
院士、专家共话前沿科技，科大讯飞董事长刘庆峰做客2022中国科大科技活动周,科大讯飞,2022-05-24,案例,"以人为本,隐私,权益,人权,可持续","5月21日，中国科学技术大学2022年科技活动周暨第十八届公众科学日活动举办，活动根据科技部、中宣部、中国科协、中科院总体部署，主题为：走进科技，你我同行。

本次科技活动周的“重头戏”为9场分期举办的系列科普报告，将邀请包括包信和、陈仙辉、田志刚、郭光灿、吴伟仁、封东来、李建刚、周忠和在内8位院士，科大讯飞董事长、中国科学技术大学兼职教授、博导刘庆峰等共同对话科大学子，聚焦国家重大战略和前沿科技领域，重点普及近年来我国科技创新取得的系列重大成果。",https://www.iflytek.com/news/2614
CVPR 2022 AI 安全挑战赛：面向复杂场景的鲁棒机器学习大赛,商汤科技,2022-03-11,新闻,"以人为本,福祉,向善,开放,友好,和谐,人权",近日，为了更好地推动安全可靠AI模型相关领域的技术研究与人才培养，鼓励研究者打造更安全、更可靠的AI，商汤科技联合北京航空航天大学共同发布，面向技术开发者和在校学生的科技类竞赛活动“面向复杂场景的鲁棒机器学习大赛Robust Models towards Open-world Classification”（大赛官网： aisafety.sensetime.com）。,https://www.sensetime.com/cn/news-detail/51164201?categoryId=72
从30厘米冰壶到30万平米冬奥村，揭秘冰雪盛会中的商汤“黑科技”,商汤科技,2022-02-25,新闻,"以人为本,福祉,向善,开放,友好,和谐,人权",尽管2022年北京冬奥会已经结束，但是很多惊艳世界的创新技术，依然持续传递着“科技冬奥”的精神。“冰壶运动轨迹捕捉和再现”技术就是其中之一。,https://www.sensetime.com/cn/news-detail/41164736?categoryId=72
关爱渐冻症 商汤AI智能看护系统用AI暖“冻”,商汤科技,2022-03-16,新闻,"以人为本,福祉,向善,开放,友好,和谐,人权","（2022年3月16日，西安）严冬不会阻挡全民冰雪运动的冬奥热情；身处黑暗的运动员在洪亮的“加油”声中，为我们带来光明；而在春意渐浓，户外有越来越多运动休闲的身影的时候，却还有一群特殊的病人身处渐冻寒意之中。他们就是罕见病“渐冻症”患者。

 

“冰桶行动曾‘浇’暖人心，也引发了更多人对于渐冻症患者的关注。商汤作为行业领先的AI科技企业，我们也注意到这类罕见病人的需求。”商汤科技应用研究实验室负责人孙其功博士表示“就在这个春天，我们团队自主开发的商汤AI渐冻症智能看护系统正式交付首位患者使用，并且反馈良好。我们很高兴，同时也将继续努力以原创AI技术，为更多渐冻症病群体带去暖意。”",https://www.sensetime.com/cn/news-detail/51164186?categoryId=72
商汤AI大装置落地汽车质检，演绎“质、敏、柔”工业三步曲,商汤科技,2022-01-25,案例,"以人为本,福祉,向善,开放,友好,和谐,人权,普惠,共享",随着人工智能等新一代技术的逐步成熟，第四次工业革命的浪潮席卷全球，智能制造也已成为我国的重要方略。而汽车工业作为工业的关键领域之一，其智能化转型也得到产业链上下游的重点关注。,https://www.sensetime.com/cn/news-detail/41164705?categoryId=72
商汤“工业引擎”加码京沪高铁巡检，春运有AI守护回家路,商汤科技,2022-01-12,案例,"以人为本,福祉,向善,开放,友好,和谐,人权,普惠,共享,外部安全,内部安全",2022年春运临近，如今的京沪高铁有了一位“AI哨位”，这就是由商汤科技与中铁电气化局集团京沪高铁维管公司、中铁电化院共同合作，基于商汤“工业引擎”打造的“星空”4C（接触网悬挂状态监测装置）智能分析系统，它以领先的AI技术助力高铁接触网智能巡检，共同守护列车运行安全。近日，凭借在这一领域的成功实践，商汤科技入选APEC“中国数字经济产业示范样本50”，为AI加速传统行业数字化转型打造中国样本。,https://www.sensetime.com/cn/news-detail/41164703?categoryId=72
商汤科技人工智能计算中心AIDC启动运营，引领人工智能算力生态创新发展,商汤科技,2022-01-24,案例,"以人为本,福祉,向善,开放,友好,和谐,人权,普惠,共享,隐私,内部安全",2022年1月24日，上海——人工智能软件公司商汤科技SenseTime在今天宣布，商汤科技人工智能计算中心（简称“商汤智算中心或商汤AIDC”）即日起启动运营。商汤AIDC是一座开放、大规模、低碳的先进计算基础设施，是SenseCore商汤AI大装置的重要算力基座，其设计的峰值算力高达3740 Petaflops（1 Petaflop等于每秒1千万亿次浮点运算），会成为亚洲最大的人工智能计算中心之一。AIDC不仅将加快商汤的创新步伐，同时将孕育出一个开放且快速发展的生态系统，降低各行业大规模人工智能应用的准入壁垒，不断拓展人工智能产业化的边界。,https://www.sensetime.com/cn/news-detail/41164673?categoryId=72
商汤科技携手敦煌文创跨界合作，“AI+数字藏品”开拓文化与科技创新融合,商汤科技,2022-01-11,案例,"以人为本,福祉,向善,开放,友好,和谐,人权,普惠,共享",2022年1月11日，上海——今日，人工智能软件公司商汤科技SenseTime（以下简称“商汤科技”）与敦煌文旅集团工美文化创意有限责任公司（以下简称“敦煌文创”）、上海新诤信企业管理有限公司（以下简称“新诤信”）签署战略合作协议，将围绕“敦煌文创”IP，共同在数字藏品领域展开全面、深入的合作。通过将商汤科技领先的原创AI和AR等技术与敦煌文化中的慈悲、智慧、美等内涵相结合，三方将携手发行一系列创新的敦煌文化“数字藏品”，开拓文化艺术与现代科技相互碰撞交融的数字藏品新形态。,https://www.sensetime.com/cn/news-detail/41164659?categoryId=72
商汤科技赋能“科技冬奥”，AI技术打造冰壶比赛创新观赛体验,商汤科技,2022-01-29,案例,"以人为本,福祉,向善,开放,友好,和谐,人权,普惠,共享",春节期间， 第24届冬季奥林匹克运动会即将在北京正式拉开帷幕。作为领先的人工智能软件公司，商汤科技SenseTime在科技部第三批科技冬奥专项支持下，参与并负责了由国家游泳中心为牵头单位的“冰壶赛况的智能感知与虚实融合技术和平台研究”课题项目，可以实现在超大空间下通过远视距精准捕捉相对较小的运动壶体，同时具备抗遮挡误识别干扰、变形矫正等能力。该项目基于商汤科技原创的SenseMARS火星混合现实平台进行创新，以AI技术赋能“科技冬奥”，为冰壶比赛创新打造“冰壶运动轨迹捕捉”技术，增强线上线下观赛体验，展现硬科技魅力。,https://www.sensetime.com/cn/news-detail/41164739?categoryId=72
商汤科技赋能“科技冬奥”，AI破解大面积冰雪场景AR导航难题,商汤科技,2022-01-26,案例,"以人为本,福祉,向善,开放,友好,和谐,人权,普惠,共享",随着第24届冬季奥林匹克运动会的临近，冬奥村也即将正式开村，迎接来自世界各地冬奥运动员的到来。为了帮助运动员们更快地熟悉冬奥村环境，享受更好的入驻体验，人工智能软件公司商汤科技SenseTime在科技部科技冬奥的专项支持下，负责了“基于3D的实时精准定位技术、虚拟与现实结合的3D高精度识别的智慧AR导航系统研究”课题，基于SenseMARS火星混合现实平台，经过几个月的研发攻关，短时间内实现了大尺度场景下厘米级的三维地图构建和部署，并解决了动态复杂场景下实现精准定位跟踪等难题，为张家口冬奥村创新打造智慧AR导航应用。AI+AR技术的融合创新，充分绽放“科技冬奥”的无穷魅力，展现冬奥村的人文情怀。,https://www.sensetime.com/cn/news-detail/41164737?categoryId=72
商汤科技首次发布企业社会责任报告 做有温度的人工智能,商汤科技,2022-02-24,案例,"以人为本,福祉,向善,开放,友好,和谐,人权,普惠,共享",（2022年2月24日，上海）今日，全球领先的人工智能软件公司商汤科技首次公开发布《2021企业社会责任报告》（以下简称“报告”，点击此处下载报告全文），报告以“迎难而上，大AI无疆”为主题，发布了商汤在创新科技发展、科技惠民、科技兴业、公司治理等方面的探索与举措，切实以科技解决社会问题，推动AI普惠发展。商汤科技董事长兼CEO徐立在报告中表示，希望通过商汤的努力，可以让更多的人可以通过人工智能技术按照自己的方式改变世界，让每一个人都能看到人工智能给生活带来的价值。,https://www.sensetime.com/cn/news-detail/41164728?categoryId=72
150名国际AI领袖、50万名专业观众共襄盛会！北京智源大会圆满闭幕,163,2020-07-04,案例,"以人为本,内部安全,外部安全,合作,可持续,和谐,可持续,福祉,包容,隐私,尊重,人权,权益,歧视,可信,公平,公正,平等,责任,自主",6 月 24 日，为期四天的 2020 北京智源大会在线上圆满落幕。,https://www.163.com/dy/article/FGMLKJS305119734.html
2021中关村论坛首日，世界最大智能模型“悟道”助力冬奥,baijiahao,2021-09-27,新闻,"可持续,合作,开放,共享,责任",9月24日，由科技部战略规划司、高新技术司，北京市科委、中关村管委会，海淀区人民政府主办，北京智源人工智能研究院（以下简称“智源研究院”）承办的2021中关村论坛“人工智能与多学科协同创新论坛”在京成功举办。,https://baijiahao.baidu.com/s?id=1712044862542827021&wfr=spider&for=pc
2021人工智能合作与治理国际论坛北京举行 全球业界云集共商,baijiahao,2021-12-05,案例,"内部安全,外部安全, 尊重,歧视,公平,正义,道德,责任,和平",中新网北京12月5日电 (记者 孙自法)由清华大学主办、联合国开发计划署(UNDP)作为国际支持机构的2021人工智能合作与治理国际论坛，12月4日至5日在北京举行。,https://baijiahao.baidu.com/s?id=1718280422504670365&wfr=spider&for=pc
2021人工智能合作与治理国际论坛成功举办,QQ新闻,2021-12-08,新闻,"以人为本,内部安全,外部安全, 尊重,公平,平等,透明,道德,责任,和平",2021年12月5日，由清华大学主办，联合国开发计划署（UNDP）作为国际支持机构的2021人工智能合作与治理国际论坛在清华大学主楼后厅圆满落下帷幕。,https://view.inews.qq.com/a/20211208A02VNN00
2021人工智能合作与治理国际论坛聚焦元宇宙未来,baijiahao,2021-12-07,案例,"以人为本,内部安全,外部安全,合作,开放,共享,公正,责任,自主",2021年12月4日，由清华大学主办，清华大学人工智能国际治理研究院（以下简称I- AIIG）承办，联合国开发计划署（UNDP）作为国际支持机构的2021人工智能合作与治理国际论坛在清华大学主楼后厅成功举行。,https://baijiahao.baidu.com/s?id=1718456655826078111&wfr=spider&for=pc
20余位院士共谋人工智能高质量发展，依托同济建设的教育部自主智能无人系统前沿科学中心揭牌,同济大学官网,2021-12-23,案例,"以人为本,向善,可持续,福祉,自主",12月23日，依托同济大学建设的上海自主智能无人系统科学中心（以下简称“科学中心”)学术委员会第二次全体会议在上海举行。,https://news.tongji.edu.cn/info/1003/79691.htm
5G时代，机器人如何更快、更智、更强？,QQ新闻,2022-06-28,新闻,"可持续,福祉 C2开放,共享自主",（ChinaIT.com讯）机器人被誉为“制造业皇冠顶端的明珠”，其研发、制造、应用是衡量一个国家科技创新和高端制造业水平的重要标志。,https://view.inews.qq.com/a/20220628A09EFV00?refer=wx_hot
AI+生命科学必将大有所为,人民政协网,2022-04-24,新闻,"以人为本,可持续,福祉,开放,共享,自主",人民政协网北京4月24日电（记者 王菡娟）4月21日，2022《理解未来》首期科学讲座——“AI+蛋白质结构和功能预测”在全网线上开讲。,http://www.rmzxb.com.cn/c/2022-04-24/3101284.shtml
AI为何无法取代人？你愿意生活在监控中吗？……哲学小王子谈“供给侧改革”,baijiahao,2022-02-26,案例,"以人为本,和谐,开放,共享,正义,道德,责任,自主","“小确幸”有什么问题吗？人工智能为何无法取代人？你愿意生活在监控中吗？……

被誉为“哲学小王子”的郁喆隽，近期出版新著《50堂经典哲学思维课》。",https://export.shobserver.com/baijiahao/html/455754.html
IEEE Fellow李世鹏：AI与机器人前沿研究应该聚焦的四大方向|洞见,QQ新闻,2022-01-10,新闻,"内部安全,外部安全, 可持续,公平",阿尔法公社说：思尔实验室主任、国际欧亚科学院院士、IEEE Fellow李世鹏近日在GAIR大会上做了《人工智能与机器人前沿研究之思考》的演讲。,https://new.qq.com/omn/20220110/20220110A089S800.html
"Intelligent Edge Leader Wind River Appoints AI, 5G, and Digital Transformation Industry Experts to Executive Leadership Team",businesswire,2020-10-21,新闻,"以人为本,福祉,向善,包容,普惠,人权,权益,道德","ALAMEDA, Calif.",https://www.businesswire.com/news/home/20201021005256/en/Intelligent-Edge-Leader-Wind-River-Appoints-AI-5G-and-Digital-Transformation-Industry-Experts-to-Executive-Leadership-Team
"Voices on China — Jessica Brandt, Policy Director, AI and Emerging Technology Initiative, Brookings Institution",youngchinawatchers,2021-11-02,新闻,"以人为本,可持续,向善,福祉,开放,共享","Jessica Brandt is policy director for the Artificial Intelligence and Emerging Technology Initiative and a fellow of the Center for Security, Strategy, and Technology at the Brookings Institution.",https://www.youngchinawatchers.com/voices-on-china-jessica-brandt-policy-director-ai-and-emerging-technology-initiative-brookings-institution%ef%bf%bc/
“人工智能助力气候变化应对”国际学术研讨会在清华大学成功举办,baijiahao,2022-04-28,案例,"内部安全,外部安全,合作,开放,共享公平,公正,自主",2022年4月26日，由清华大学人工智能国际治理研究院（I-AIIG）主办，联合国开发计划署作为国际支持机构的“人工智能助力气候变化应对”国际学术研讨会在清华大学成功举办。,https://baijiahao.baidu.com/s?id=1731339616738312522&wfr=spider&for=pc
“数”读信心——从世界智能大会透视经济增长新机遇,baijiahao,2022-06-28,新闻,"以人为本,福祉,向善,内部安全,外部安全,公平",在2022年即将过半、全球经济高度不确定的当下，上周末闭幕的第六届世界智能大会释放了增长的信心。,https://baijiahao.baidu.com/s?id=1736874576554949142&wfr=spider&for=pc
【聚焦】傅莹：人工智能治理与国际合作,163,2021-07-04,案例,"内部安全,外部安全,福祉,合作,开放,共享,隐私,尊重,人权,权益,歧视,道德,责任,和平",作为一种有潜力改造人类社会面貌的泛在性技术，人工智能在科技、产业、军事、社会、伦理等领域被广泛讨论。,https://www.163.com/dy/article/GE3763HJ0519D88G.html
专家共话数字经济下医疗健康产业的沉淀与焕新,同花顺财经,2022-03-17,新闻,"以人为本,向善,可持续,福祉",日前，在由人民网·人民健康主办的“中国医疗健康产业的沉淀与焕新”专场座谈研讨会中，和玉资本创始人、管理合伙人曾玉分享原创科研技术转化及产业应用方面的经验，她介绍，和玉资本涉足医疗赛道早期投资多年，一直在学界寻找的“原创性”科研的拓荒者。,http://field.10jqka.com.cn/20220317/c637557911.shtml
专家解读虚拟人的未来：提升服务行业人效，有望向超人化阶段发展,163,2022-06-01,案例,"以人为本,福祉,向善,可信,可持续",元宇宙概念的大火带动了很多人对未来的无限遐想，与元宇宙紧密相关的虚拟数字人热度也在提升。,https://www.163.com/dy/article/H8Q1V9J30514D3UH.html
专访马维英：AI将引领生命科学领域下个十年的创新,baijiahao,2022-03-07,案例,"内部安全,外部安全, 公平","专访马维英：AI将引领生命科学领域下个十年的创新
我们可以用算法设计出抗体，实现个性化免疫治疗，整个生物制药会更加精准、更安全、更经济、更普惠。",https://baijiahao.baidu.com/s?id=1726595136180193382&wfr=spider&for=pc
中国信通院杨婕谈“数字守门人”制度：对大型平台的事前监管机制,baijiahao,2021-05-25,新闻,"以人为本,合作,开放,共享,隐私,尊重,人权,权益,歧视,公平,责任","一、什么是数字守门人？

数字守门人是指由于其规模和作为商业用户接触客户的门户的重要性，在欧盟内部市场中扮演着特别重要角色的平台。",https://baijiahao.baidu.com/s?id=1700732287358676703&wfr=spider&for=pc
中国元宇宙峰会落幕，专家：不用急着定义元宇宙是什么,baijiahao,2021-12-10,新闻,"内部安全,外部安全, 可持续,公平",2021年12月5日，中国元宇宙峰会2021（下称“元宇宙峰会”）落幕。,https://baijiahao.baidu.com/s?id=1718749267456196479&wfr=spider&for=pc
中国科学院刘怡君研究员、马宁助理研究员：基于网络大数据的重大突发事件社会风险计算,中国科学院科技战略咨询研究院,2020-08-29,新闻,"内部安全,外部安全,以人为本,权益,人权,可持续",互联网时代，重大突发事件发生后所产生的各种社会风险冲突加剧，给公共生活秩序和网络安全带来新的挑战。,https://datasci.jmu.edu.cn/info/1079/1112.htm
中国科学院院士姚期智：人工智能离不开数学，但人工智能面临的问题不全是数学问题,QQ新闻,2022-02-15,案例,"以人为本,福祉,向善,合作,开放,共享,可信,可持续",“人工智能的发展离不开数学等基础学科的发展，但人工智能发展面临的问题不全是数学问题。,https://xw.qq.com/cmsid/20220204A08M5X00
中科院院士张钹：人工智能算法存仿声换脸风险，要防止被滥用,搜狐新闻,2022-07-04,案例,"以人为本,内部安全,外部安全,合作,开放,共享,歧视,可信,和平",人工智能是否会失控？如何防止人工智能对人类造成伤害？7月3日，在第十届世界和平论坛大会上，中国科学院院士、清华大学人工智能研究院名誉院长张钹就“安全的人工智能”这一主题发表了演讲。,https://it.sohu.com/a/563746303_121342041
京东周伯文：产业数智化成为人工智能下一个十年最好机会,baijiahao,2021-07-15,案例,"以人为本,可持续,福祉,开放,共享,包容",周伯文，IEEE Follow，京东集团技术委员会主席、京东人工智能研究院院长，负责推动京东技术服务的战略，创新，研究，产品/解决方案和商业化。,https://baijiahao.baidu.com/s?id=1705341102326352945&wfr=spider&for=pc
人工智能伦理与治理标准加速落地,baijiahao,2022-06-07,新闻,"以人为本,内部安全,外部安全, 道德,歧视",人工智能产业的高速发展使其伦理与治理问题备受各界关注。,https://baijiahao.baidu.com/s?id=1734955222105529152&wfr=spider&for=pc
人工智能伦理高峰论坛在天津成功举办,搜狐新闻,2022-06-26,新闻,"以人为本,内部安全,外部安全,福祉,合作,开放,共享,包容,公平,责任",6月24日，中国科协会同天津市人民政府，首次在世界智能大会期间举办人工智能伦理高峰论坛，中国科协党组书记、分管日常工作副主席、书记处第一书记，中国工程院院士张玉卓和天津市委副书记、代市长张工出席论坛并致辞，天津市委常委、常务副市长刘桂平，天津市委常委、市委教育工委书记王旭出席，中国科协党组成员兼国际合作部（港澳台办公室）部长（主任）、中国国际科技交流中心主任罗晖出席并主持论坛开幕式。,http://news.sohu.com/a/561172427_121123767
人工智能可为碳中和目标起到关键作用,baijiahao,2022-06-24,案例,"以人为本,可持续,福祉,开放,共享,包容,自主",中新网天津6月24日电 (庞喻文)“人工智能与碳中和目标关系密切。,https://baijiahao.baidu.com/s?id=1736484068955179236&wfr=spider&for=pc
人工智能呼唤更好“治理”,baijiahao,2021-12-09,新闻,"内部安全,外部安全,福祉,合作,开放,共享,包容,尊重,歧视,公平,道德,责任",1931年，爱因斯坦在与加州理工大学的学生们交流时，充满深情地说：关心人的本身，应当始终成为一切技术奋斗的主要目标，以保证我们的科学思想的成果能够造福于人类，而不至于成为祸害。,https://baijiahao.baidu.com/s?id=1718651929292819950&wfr=spider&for=pc
人工智能开始改变生活方式，区块链在人工智能时代的作用,QQ新闻,2021-01-01,新闻,"内部安全,外部安全,合作,开放,共享,歧视,公平,平等自主",近年来，伴随着无人机、语音识别、虚拟现实（VR）、自动驾驶、人脸识别进入我们的生活，人工智能已经开始改变我们的生活方式，影响着社会的发展方式，同时它的发展也给人类社会带来了一系列的挑战，诸如隐私、安全以及公平等问题。,https://xw.qq.com/cmsid/20210103A0AKWL00
人工智能未来的理解与创造,数艺网,2022-06-21,案例,"可持续,福祉,合作,开放,共享",人类社会的发展就是不断发现、理解与创造的过程。,https://www.d-arts.cn/article/article_info/key/MTIwMjM5NjI3MTWDz4FosHa8cw.html
人工智能标准制定进入“井喷期”,baijiahao,2022-06-15,新闻,"内部安全,外部安全, 公平,公正,道德,歧视",近年来，人工智能的创新与社会应用方兴未艾，从电商到物流，从智慧医学到智慧城市，人工智能无处不在。,https://baijiahao.baidu.com/s?id=1735667087055236891&wfr=spider&for=pc
人工智能繁荣背后的隐患 深度学习有两个阶段是出人意料的,163,2022-06-14,新闻,"内部安全,外部安全, ,合作,开放,共享,可信",今年4月以来，支付宝、微信、银联相继推出了自己的刷脸支付产品，刷脸支付俨然已成为备受青睐的下一个战场。,https://www.163.com/dy/article/H9R6QV5R0532N2UB.html
从原则到实践，科技伦理治理须加强,baijiahao,2022-04-26,新闻,"可持续,福祉,尊重,开放,共享,公平,公正,透明,道德",为进一步完善我国科技伦理体系，提升科技伦理治理能力，有效防控科技伦理风险，不断推动科技向善、造福人类，实现高水平科技自立自强，近日，中共中央办公厅、国务院办公厅印发了《关于加强科技伦理治理的意见》(以下简称《意见》)，从总体要求、明确科技伦理原则、健全科技伦理治理体制、加强科技伦理治理制度保障、强化科技伦理审查和监管、深入开展科技伦理教育和传播等方面对科技伦理治理工作做出了全面部署和指导。,https://baijiahao.baidu.com/s?id=1731138622766299348&wfr=spider&for=pc
元宇宙产业委鲁俊群执行主任委员：谨防“元宇宙热”的风险隐患,baijiahao,2022-03-25,案例,"内部安全,外部安全, ,合作,开放,共享,包容,隐私,尊重,人权,权益","元宇宙产业委鲁俊群执行主任委员：谨防“元宇宙热”的风险隐患 促进元宇宙产业健康可持续发展

【编者按：元宇宙产业委执行主任委员、清华大学人工智能国际治理研究院秘书长鲁俊群3月25日撰文中国社会科学网《谨防“元宇宙热”的风险隐患 促进元宇宙产业健康可持续发展》，提出元宇宙产业发展六大风险隐患和需要重点解决的四大问题，作者认为元宇宙产业健康可持续发展需要政府监管部门、大学与科研机构、行业协会组织、企业，以及个体开发者、消费者等利益相关方的共同推动，各方利益要找到最大公约数，同时还需要加强国际交流合作。",https://baijiahao.baidu.com/s?id=1728241095463533879&wfr=spider&for=pc
先见未来大会专区 | 郭锐：人工智能可能带来哪些伦理问题？,163,2021-05-11,新闻,"以人为本,责任,可持续,福祉,开放,共享,自主",今天talk君要跟大家分享来自一刻talks先见未来大会2020的讲者、哈佛大学法学博士、未来法治研究专家郭锐的演讲。,https://www.163.com/dy/article/G9OHPGV4051484AP.html
全球首创！智算网络正式上线,搜狐新闻,2022-06-17,案例,"以人为本,合作,开放,共享,自主",今年4月，《中共中央 国务院关于加快建设全国统一大市场的意见》正式发布，其中指出，要通过建设全国统一大市场，让资源、要素流动更畅通，全面推动中国市场由大到强。,https://it.sohu.com/a/558340584_115479
分论坛五｜人工智能与数据安全,清华大学,2020-12-19,新闻,"内部安全,外部安全,可持续,合作,开放,共享,隐私,尊重,人权,权益,歧视,公平,透明,道德,责任",2020年12月19日上午，首届清华大学人工智能合作与治理国际论坛举行了“人工智能与数据安全”分论坛，由北京智源人工智能研究院承办。,http://aiig.tsinghua.edu.cn/gjlt/n2020/ltsl/fltw.htm
前沿访谈｜守住科技伦理底线,baijiahao,2022-06-14,新闻,"内部安全,外部安全福祉,合作,开放,共享,尊重,公平,公正,透明,道德,责任","对话专家

戴国庆 科学技术部科技监督与诚信建设司司长

何忠国 中央党校（国家行政学院）学习时报社副总编辑

段伟文 中国社会科学院哲学所科技哲学研究室主任

近年来，人工智能、基因编辑等新技术的迅猛发展引发了越来越多伦理争议。",https://baijiahao.baidu.com/s?id=1735602969352779397&wfr=spider&for=pc
加强制度化建设和能力建设，推进国家科技伦理治理,光明网,2022-03-31,新闻,"福祉,合作,开放,共享,尊重,公平,公正,透明,道德,责任","作者：黄小茹（中国科学院大学马克思主义学院教授）

　　《关于加强科技伦理治理的意见》（以下简称《意见》）于2021年12月17日在习近平总书记主持召开的中央全面深化改革委员会第23次会议上审议通过，近日正式印发实施。",https://www.gmw.cn/xueshu/2022-03/31/content_35624910.htm
加快建设国家新一代人工智能创新试验区,enorth,2022-06-27,新闻,"以人为本,合作,开放,共享,公平",天津北方网讯：第六届世界智能大会期间，“人工智能伦理高峰论坛”在津举行。,http://news.enorth.com.cn/system/2022/06/27/052828602.shtml
北京市科协会同北京市外办调研国际科技组织合作平台建设工作,cast,2020-08-07,新闻,"以人为本,可持续,合作,开放,共享",围绕北京推进国际交往中心功能建设国际组织专项工作，北京市科协积极履行职责，开展国际科技组织合作平台建设，加强科技和工程类国际组织资源梳理，建立与该领域国际组织的交往渠道，服务于首都科技社团深化对外交往，服务于北京建设国际交往中心和科技创新中心。,https://cast.org.cn/art/2020/8/7/art_179_130014.html
史元春：元宇宙需要人机交互的突破,QQ新闻,2022-05-24,案例,"以人为本,可持续,福祉,开放,共享,包容",元宇宙目标实现万物的信息化和智能化，创造一个信息充分包围人的虚实融合空间，演化生成时空无界的新型社会形态。,https://view.inews.qq.com/a/20220524A001NI00
周鸿祎呼吁：网络安全行业应提升数字安全认知,QQ新闻,2021-12-28,案例,"内部安全,外部安全,合作,开放,共享",12月28日，以“护航数字化，创新大安全——开启数字安全元年”为主题的360集团（以下简称“360”）战略升级发布会在北京举行。,https://new.qq.com/omn/20211230/20211230A06U1W00.html
商汤田丰：“AI数字人”正在重构金融服务业,10jqka,2022-06-06,新闻,"可持续,福祉,包容,合作,和平",在人工智能时代，通过数字世界影响现实世界，实现生产力的提高、生产资料的转变，已经成为未来发展趋势与时代潮流。,http://news.10jqka.com.cn/20220606/c639586708.shtml
商汤科技联合创始人杨帆：人工智能基础设施推动创新新范式,finance.ifeng,2022-05-19,案例,"内部安全,外部安全, 开放,共享",“AI再往下一步发展，需要一个具备支撑能力的基础设施，为AI所需要的算力、算法、数据核心三要素提供更加规模化、高效率、低成本的基础支撑。,https://finance.ifeng.com/c/8G8aP2RnaRK
商汤联合创始人杨帆：人工智能产业正在面临一个“幸福的烦恼”,baijiahao,2021-12-24,案例,"内部安全,外部安全,合作,开放,共享,和平",现在，人工智能已经以各种方式融入了我们的生活中。,https://baijiahao.baidu.com/s?id=1720009769251823811&wfr=spider&for=pc
国际顶尖专家共商大模型时代多学科交叉与可持续发展,baijiahao,2021-09-27,案例,"以人为本,合作,开放,共享,责任",如今，人工智能已成为人类探索宇宙重要技术。,https://baijiahao.baidu.com/s?id=1712016415523257433&wfr=spider&for=pc
圆桌丨学者谈人工智能伦理治理：要将伦理融入AI全生命周期,baijiahao,2022-06-04,新闻,"内部安全,外部安全, 隐私,尊重,人权,权益,歧视,公平,透明,道德,责任",近年来，人工智能（AI）产业高速发展，其伦理与治理问题也备受各界关注。,https://baijiahao.baidu.com/s?id=1734702606105021894&wfr=spider&for=pc
在虚拟世界里探索，李飞飞的“具身AI”离大脑更接近了,QQ新闻,2022-6-29,案例,"内部安全,外部安全,可持续,福祉",2009年，当时还在普林斯顿大学任教的计算机科学家李飞飞发明了一个数据集，后来改变了人工智能的发展史。,https://view.inews.qq.com/a/20220629A04LLS00?startextras=0_2c72ca9ad6e55&from=amptj
大数据、AI、云计算、物联网等技术打造医疗“聪明大脑”,baijiahao,2021-12-04,新闻,"以人为本,内部安全,外部安全,道德,可持续",随着信息技术的不断进步和融合发展，近年来智慧医疗成为研究的热点。,https://baijiahao.baidu.com/s?id=1718220734304961798&wfr=spider&for=pc
大数据伦理和人工智能伦理应提上议事日程,搜狐新闻,2021-11-18,新闻,"内部安全,外部安全,合作,开放,共享,隐私,道德",中国青年报客户端讯（中国青年报·中国青年网记者李新玲）对大数据伦理和人工智能伦理问题的探讨应该提上议事日程，这是7月24日在“2019中国计算机大会(CNCC2019)”新闻发布会上北京理工大学常务副校长、中科院院士梅宏的观点，他强调了自己多次表达过的核心观点：科技向善，以人为本。,http://news.sohu.com/a/501979572_120099902
姚期智：人工智能存在三大技术瓶颈,上海市科学技术委员会,2020-10-23,案例,"内部安全,外部安全, 可持续,包容,自主",人工智能目前存在哪些技术瓶颈？未来是否可能对人类带来威胁？今天下午举行的2020浦江创新论坛全体大会上，图灵奖获得者、中国科学院院士姚期智做了题为《人工智能面对的一些挑战》的演讲。,http://stcsm.sh.gov.cn/xwzx/zt/2020pjcxlt/zjgd/20201023/79e8afd8b8754f1e854924625dc97738.html
孟庆国：当前数字政府建设中的几个核心问题,清华大学,2021-07-18,案例,"内部安全,外部安全,可信,开放,共享责任,和平",7 月 18 日，由中国电子技术标准化研究院指导，数字政府建设服务联盟主办，CIO 时代承办，新基建创新研究院作为智库支持的“第 14 届电子政务（数字政府）高峰论坛”在北京隆重举行。,http://www.iii.tsinghua.edu.cn/info/1058/2739.htm
张亚勤：让人工智能像空气一样，无处不在,baijiahao,2021-12-23,案例,"以人为本,向善,合作,开放,共享","张亚勤，中国工程院外籍院士，清华大学智能科学讲席教授、智能产业研究院（Institute for AI Industry Research, Tsinghua University，英文简称AIR）院长。",https://baijiahao.baidu.com/s?id=1719865132065033026&wfr=spider&for=pc
强强联合！智源x清华AIR，共启 AI 健康研究新篇章,donews,2021-08-21,新闻,"以人为本,福祉,向善,合作,开放,共享",北京智源人工智能研究院清华大学智能产业研究院（AIR）两所极具代表性的创新型AI研究院，强强联手成立「清华（AIR）-智源健康计算联合研究中心」，马维英任联合中心主任。,https://www.donews.com/news/detail/4/3168529.html
当大数据成为生产力，可以像搭积木一样治理城市吗,baijiahao,2021-10-24,案例,"内部安全,外部安全, 可持续,可信",如何以人工智能为引擎，以数字化转型为契机，推动城市的“智慧”发展？10月23日，在中国科学院上海高等研究院主办的第四届上海人工智能大会上，多位院士专家和企业家进行了探讨。,https://export.shobserver.com/baijiahao/html/417326.html
微众银行关注可信人工智能，参与撰写《可解释人工智能导论》正式出版,baijiahao,2022-06-20,案例,"内部安全,外部安全,可信,公平责任",近日，来自机器学习、计算机视觉、自然语言处理，以及在生物医疗、金融、推荐系统等应用领域的12位著名专家联合创作的《可解释人工智能导论》一书正式出版，该著作全面介绍了可解释AI在理论上和应用上的发展现状、存在的问题以及今后发展的方向。,https://baijiahao.baidu.com/s?id=1736137939489118127&wfr=spider&for=pc
微软亚太研发负责人罗立凡点赞杭州互联网法院,浙江在线,2018-11-07,新闻,"内部安全,外部安全,合作,开放,共享,道德",浙江在线11月7日讯（浙江在线记者 黄珍珍 高驰弘）6日下午4时，记者在嘉宾报到现场见到了微软亚太研发集团总经理罗立凡。,https://zjnews.zjol.com.cn/zjnews/zjxw/201811/t20181107_8679868_ext.shtml
戴琼海：搞出一条行之有效的科技成果转化经验,counsellor,2021-10-15,案例,"以人为本,福祉,向善,可持续,责任,和平",近日，国务院参事、中国工程院院士、中国人工智能学会理事长戴琼海一行访问苏州工业园区，就加快推进人工智能产业创新融合发展与苏州工业园区管委会和苏州国际科技园相关负责人进行了深入交流。,http://www.counsellor.gov.cn/2021-10/15/c_1211408835.htm
打开人工智能“黑盒”，发展可解释、可扩展、可信赖、安全可靠的人工智能 | 文末赠书,新浪新闻,2022-06-08,新闻,"内部安全,外部安全,可持续,福祉,歧视,可信,公平透明",进入21世纪以来，人工智能（Artificial Intelligence，AI）取得了长足发展，已经逐步在自然语言处理、计算机视觉、语音识别、自动驾驶等领域落地。,http://k.sina.com.cn/article_5901272611_15fbe462301901z61f.html
推动人工智能治理与国际合作 促进建立人工智能全球治理框架首届“清华大学人工智能合作与治理国际论坛”圆满落幕,新浪新闻,2020-12-21,新闻,"内部安全,外部安全,合作,开放,共享,包容,可信,平等,责任","原标题：推动人工智能治理与国际合作 促进建立人工智能全球治理框架首届“清华大学人工智能合作与治理国际论坛”圆满落幕 来源：中国论坛

12月19日，首届“清华大学人工智能合作与治理国际论坛”在清华大学圆满落下帷幕，本次论坛旨在打造人工智能治理与国际合作的全球对话平台，汇集世界各国相关领域的思想领袖与实践者，包括来自各国政府和国际组织的高级官员、学界专家以及科技行业的领军人物共同探讨人工智能技术带来的全球机遇与挑战，分享人工智能国际合作与治理方面的经验与见解，凝聚智慧，创造共识，并提出未来的人工智能治理与合作研究议题。",http://finance.sina.com.cn/tech/2020-12-21/doc-iiznezxs8034614.shtml
提升人工智能教育效能,baijiahao,2022-05-09,新闻,"内部安全,外部安全,公平,透明",在影响未来教育的因素中，人工智能被认为是一种不容忽视的重要力量。,https://baijiahao.baidu.com/s?id=1732312860623248208&wfr=spider&for=pc
数字经济腾飞丨田天：AI或将带动数字经济形态变革 推动新一代信息与制造技术融合,新华社,2022-03-14,新闻,"内部安全,外部安全福祉,合作,开放,共享,可信,公平,自主",数字经济发展速度之快、辐射范围之广、影响程度之深前所未有。,http://www.xinhuanet.com/tech/20220314/860f6b86d70d4d55a50b8f9a1aa48bfa/c.html
数字赋能 智赢未来“新时代大讲堂”云上开讲“智能新时代”,163,2022-06-29,案例,"内部安全,外部安全,可持续,福祉,合作,开放,共享,包容,责任",2022年6月24日，第六届世界智能大会“云端”开幕，作为大会重要内容之一，中国日报社与中共天津市委宣传部联合举办了以“智能新时代：数字赋能 智赢未来”为主题的“新时代大讲堂”，邀请中外知名学者和业内人士分享其在智能科技领域的工作经历和研究成果，讲述新时代智能科技发展精彩故事，以全球化视角探讨智能科技前沿和产业发展趋势，推动国际交流合作，共商智能科技赋能人类美好未来之策。,https://www.163.com/dy/article/HB2BP2GE0514R9L4.html
新青年新思考丨科技政治学：10位青年学者2022年热切关注的10大问题,163,2022-01-22,新闻,"内部安全,外部安全,可持续,福祉 C2公平,平等",呼之欲出的第四次工业革命既有源于世界政治变迁的驱动，也需要国际与国内制度作支撑，还受到政治发展、政治规范、政治行为等政治因素的影响，且会引发深远的政治经济后果。,https://www.163.com/dy/article/GUB6AEPC0511D98B.html
旷视科技CEO印奇：AIoT可能是未来数字经济的主航道,baijiahao,2022-06-25,案例,"以人为本,可持续,福祉,开放,共享,包容,普惠",旷视科技联合创始人兼CEO印奇在第六届世界智能大会云开幕式暨创新发展高峰会上发表演讲。,https://baijiahao.baidu.com/s?id=1736585323402730764&wfr=spider&for=pc
旷视科技印奇：AIoT产业落地需三个要素结合,QQ新闻,2022-06-24,新闻,"以人为本,向善,可持续,福祉,开放,共享,包容,普惠",中新经纬6月24日电 (魏薇)“我们会认为在未来的十年时间里面，一个最大的机遇是来自于互联网基建的2.0，也就是所谓的AIoT时代、智能物联网时代。,https://xw.qq.com/cmsid/20220624A08D8900
智库报告｜江小涓等：数字技术为经济增长提供新动能,thepaper,2022-06-05,案例,"内部安全,外部安全,开放,共享,公平","中国发展高层论坛.
""中国发展高层论坛""官方帐号本文要点
《“十四五”数字经济发展规划》中明确，我国数字经济将转向深化应用、规范发展、普惠共享的新阶段。",https://www.thepaper.cn/newsDetail_forward_18438808
智源大会探讨“人工智能伦理、治理与可持续发展”，专家敦促全球多边协作,搜狐新闻,2020-06-28,新闻,"内部安全,外部安全,可持续,合作,开放,共享,包容,尊重,歧视公平,公正,平等,透明,责任",在日前召开的2020北京 智源大会“人工智能伦理、治理与可持续发展论坛”上，约5300人线上参会。,https://www.sohu.com/a/404592783_120209831
曹建峰：人工智能伦理治理亟需迈向实践阶段,湖北社会科学网,2021-04-13,新闻,"内部安全,外部安全,隐私,尊重,人权,权益,歧视,可信,公平透明责任",从“原则”到“实践”，是AI伦理领域的发展方向。,http://www.hbskw.com/p/50347.html
曾毅：发展负责任的人工智能，助力可持续发展和创新,中国日报,2022-06-25,案例,"内部安全,外部安全,合作,开放,共享,公平,正义,道德,责任",6月24日，第六届世界智能大会“云端”开幕，中国科学院自动化研究所研究员、人工智能伦理与治理中心主任曾毅在中国日报“新时代大讲堂”上指出，应发展负责任的人工智能，助力可持续发展和创新。,https://cn.chinadaily.com.cn/a/202206/25/WS62b6a4e0a3101c3ee7adca44.html
朱旭峰：生物特征识别技术与城市治理如何有效结合？,新华网,2022-06-14,新闻,"内部安全,外部安全,合作,开放,共享,平等,自主",近年来，数字化赋能城市管理成为国际和国内的主要发展趋势，人脸识别、指纹识别、虹膜识别等主要的生物识别技术被广泛应用。,http://www.xinhuanet.com/sikepro/20220614/7334621972ce408ca4c8d13348be2991/c.html
李开复：关于人工智能的“电车难题”的崭新思考,baijiahao,2022-05-26,新闻,"内部安全,外部安全,可持续,福祉,道德,责任,自主",5月26日消息，创新工场董事长兼首席执行官李开复在本周于瑞士召开的2022年达沃斯世界经济论坛上发表题为《关于人工智能的“电车难题”的崭新思考》的专栏文章。,https://baijiahao.baidu.com/s?id=1733865967532349764&wfr=spider&for=pc
李飞飞新作：用AI检测抑郁症，准确率已超80%,dahebao,2021-11-29,案例,"以人为本,福祉,向善,合作,开放,共享",没有经历过抑郁症的人，并不能体会到它的可怕。,https://www.dahebao.cn/news/1292420?cid=1292420
深兰科技闪耀2020世界“工博会”高峰论坛，共话“AI赋能行业+”,baijiahao,2021-09-22,案例,"内部安全,外部安全,可持续,福祉,合作,开放,共享,可信,自主",2020年9月16日，2020常州智能制造合作创新对接洽谈会暨AI闪耀工业智联时代论坛在常州科教城举行，本次论坛由常州市人民政府主办，常州市科教城管理委员会、常州市科学技术局和武进区人民政府承办。,https://baijiahao.baidu.com/s?id=1678194235498416556&wfr=spider&for=pc
深度合成技术几近零门槛，现有隐私安全手段能否保护个人信息？,baijiahao,2022-03-07,新闻,"内部安全,外部安全,人权,权益,责任","如果可以随意换脸，世界会发生什么？

近日，界面新闻从人工智能公司瑞莱智慧处了解到，当下人工智能所支持的深度合成技术门槛以及成本已经“十分低”。",https://baijiahao.baidu.com/s?id=1726598219573255530&wfr=spider&for=pc
清华大学教授史元春：“元宇宙”还只是科幻,baijiahao,2021-12-15,案例,"以人为本,包容,普惠,向善,道德,责任",近日，清华大学计算机教授史元春作客阿里研究院，参加“科技与人——元宇宙跨界对话”，与技术专家和科幻作家一起讨论当下最热门的“元宇宙”。,https://baijiahao.baidu.com/s?id=1719204212519743943&wfr=spider&for=pc
清华大学教授苏竣：人工智能社会试验用科学方法推动智能技术、智能社会发展,QQ新闻,2021-12-18,案例,"道德,以人为本,合作,开放,共享,自主",长江日报大武汉客户端12月18日讯（见习记者郝天娇　通讯员胡信）“新兴科学技术给人类社会的法律隐私、道德伦理、公共治理等方面带来了严峻的问题和挑战。,https://new.qq.com/omn/20211218/20211218A053SW00.html
清华智能产业研究院院长张亚勤：中国数字经济发展离不开人工智能对产业赋能,钛媒体,2022-05-18,新闻,"以人为本,合作,开放,共享,可信,平等,可持续",钛媒体App 5月18日消息，5月17日“2022搜狐科技峰会”举行，清华大学智能产业研究院院长、中国工程院院士张亚勤发表了题为《人工智能与数字化社会》的演讲。,https://www.tmtpost.com/nictation/6115008.html
清华薛澜：新兴科技发展中的人工智能治理,baijiahao,2022-04-06,新闻,"内部安全,外部安全,可持续,福祉,隐私,尊重,人权,权益,公平,公正,平等责任,和平,自主",习近平总书记在浦东开发开放30周年庆祝大会上的讲话中指出，“科学技术从来没有像今天这样深刻影响着国家前途命运，从来没有像今天这样深刻影响着人民幸福安康。,https://baijiahao.baidu.com/s?id=1729346808694294616&wfr=spider&for=pc
燃AI之火，与昇腾共进，东北大学高校行活动圆满成功！,baijiahao,2022-06-03,案例,"以人为本,福祉,向善,可持续,自主","摘要：三天讲座，东北大学12个学院及院士团队千人参与！与华为专家在线互动，零距离感受昇腾AI全栈技术的魅力！

以前沿技术培养人才，以创新人才引领产业。",https://baijiahao.baidu.com/s?id=1734586679242925907&wfr=spider&for=pc
申卫星：数据所有权和用益权分立，促进数据要素流通与利用,baijiahao,2022-03-11,新闻,"内部安全,外部安全,可持续,福祉,隐私,尊重,人权,权益,公平,公正,平等,责任,和平,自主",中新经纬3月11日电 (王玉玲)近日，清华大学社会科学学院经济学研究所主办的“人工智能时代数据生态治理研究课题成果发布研讨会”在北京举行。,https://baijiahao.baidu.com/s?id=1726991734025229050&wfr=spider&for=pc
科学实践中人工智能到底是什么,sciencenet,2021-12-27,新闻,"以人为本,可持续,福祉,开放,共享,自主","陈小平

人工智能（AI）到底是什么？对当前产业升级有什么作用？与人类的关系将如何发展？这些问题众说纷纭，莫衷一是。",https://news.sciencenet.cn/htmlnews/2021/12/471544.shtm
科学道德与伦理教育要“内化于心，外化于行”,光明网,2020-11-20,新闻,"以人为本,福祉,人权,权益,道德,责任",“从全国来看，我国的科学道德与伦理教育依然存在重视程度较低、教育方式单一、教育成效参差不齐、效果评价体系不健全等问题。,https://m.gmw.cn/baijia/2020-11/20/34384793.html
科技伦理引导科技良性发展,baijiahao,2019-08-05,新闻,"以人为本,可持续,福祉,透明,道德,责任",科技伦理是科技活动必须遵守的价值准则。,https://m.thepaper.cn/baijiahao_4086410
第三届全球数字经济高峰论坛｜把握数字文明新机遇，开启高质量发展新征程,QQ新闻,2022-4-26日,案例,"内部安全,外部安全,合作,开放,共享,道德",十四五规划提出“加快数字化发展，建设数字化中国。,https://view.inews.qq.com/a/20220426A0AES700
精彩看点｜如何推动应对气候变化的跨学科解决方案？如何实现算法公平？,163,2021-12-09,案例,"以人为本,合作,开放,共享,包容,歧视,公平,公正,平等,透明,责任","如何更好地支持人工智能技术和创新，以进一步改善从提高能源效率到减灾救灾等应对气候变化的技术解决方案？如何推动应对气候变化的跨学科解决方案？

专题论坛3“人工智能与气候行动”由联合国开发计划署助理驻华代表张薇主持，分论坛主题聚焦在人工智能推动应对气候变化的技术解决方案及治理策略。",https://www.163.com/dy/article/GQP1AUO505373KLU.html
联合发布｜2021年度全球十大人工智能治理事件,163,2022-01-18,新闻,"以人为本,内部安全,外部安全,福祉,合作,开放,共享,可持续,福祉,隐私,尊重,人权,权益,可信,公平,公正,平等,透明,道德,责任,自主",全球人工智能发展进入新阶段催生了越来越多的应用场景，数据安全、隐私保护、技术监管等成为人们常议的热度话题，世界范围内引导AI向善的法律或规范也逐渐完善，为研究全球十大人工智能治理事件提供了更多权威参考标准。,https://www.163.com/dy/article/GTVKQIE70514AE01.html
聚焦人工智能，汇集智治共识——首届中韩人工智能风险与治理学术会议成功举办,清华大学,2021-08-19,新闻,"内部安全,外部安全,可持续,福祉福祉,合作,开放,共享,可信,透明,道德,责任,自主",8月17日，首届中韩人工智能风险与治理学术会议——“人工智能时代：技术、风险与重构”在北京举办。,https://www.sss.tsinghua.edu.cn/info/1073/5079.htm
获千万元融资，和玉资本领投，加速大数据应用于4.0时代农业育种,baijiahao,2022-03-24,案例,"以人为本,合作,开放,共享,可信,平等",2020年，长沙百奥云数据科技有限公司（以下简称：百奥云）完成了绿叶投资参投的天使轮融资；2021年，企业完成了Pre-A轮融资，融资额达数千万元人民币，该轮融资由和玉资本领投，凯泰资本跟投。,https://baijiahao.baidu.com/s?id=1728151709971261891&wfr=spider&for=pc
著名经济学家江小涓：十四五期间这三大领域将会有新的数字化增长空间,QQ新闻,2022-06-01,案例,"内部安全,外部安全,合作,开放,共享",清华大学公共管理学院官网显示，学院院长已经由清华大学副校长、教务长杨斌担任，江小涓已经卸任。,https://new.qq.com/omn/20220413/20220413A0A09O00.html
观点｜梁正：推动高质量数据建设，助力人工智能健康发展,baijiahao,2022-07-01,新闻,"内部安全,外部安全, 隐私,尊重,人权,权益开放,共享公平责任",日前，国务院印发《关于加强数字政府建设的指导意见》，就主动顺应经济社会数字化转型趋势，充分释放数字化发展红利，全面开创数字政府建设新局面作出部署。,https://baijiahao.baidu.com/s?id=1737103060385890101&wfr=spider&for=pc
论坛报名 | 负责任的人工智能：可持续发展与治理的协同,csdn,2021-05-25,新闻,"内部安全,外部安全,可持续,和谐,合作,开放,共享,道德,责任,自主",2021年6月1日-3日，第三届北京智源大会将隆重举办。,https://blog.csdn.net/BAAIBeijing/article/details/117268562
走好“平衡木”：让算法更好服务社会、产业与科技进步,163,2022-03-15,案例,"以人为本,内部安全,外部安全,尊重,可信,责任",“算法”，一个听上去与生活相距甚远的数学、计算机学术语，如今已经伴随着全社会数字转型对日常生活产生越来越重要的影响。,https://www.163.com/dy/article/H2HP1OMH0511DDOK.html
软件定义时代来“袭” 业内：技术创新护航网络安全,baijiahao,2022-01-12,新闻,"内部安全,外部安全,合作,开放,共享,隐私,道德",“在软件定义时代，安全威胁超出了以往时期，依靠单一手段都无法解决快速发展的网络安全威胁，网络安全不能只限于补漏洞，必须寻求新的思路和新的技术。,https://baijiahao.baidu.com/s?id=1721714051213556715&wfr=spider&for=pc
陈杰院士：多无人系统协同中的人工智能安全探索,163,2021-10-09,新闻,"内部安全,外部安全,可持续,福祉,合作,开放,共享,可信,道德,责任,和平,自主",作者：施文、王楷文、俞成浦、孙健、陈杰，控制理论与控制工程专家、中国工程院院士。,https://www.163.com/dy/article/GLS6LAPD0511DV4H.html
集刊 | 陈琪 肖源睿：国际人工智能战略之比较,thepaper,2021-01-20,新闻,"内部安全,外部安全,可持续,福祉 C2歧视,可信,公平透明道德,责任,自主",《国别和区域研究》是一本由教育部主管，北京语言大学主办的研究国别和区域问题的综合性学术集刊，每年的1、4、7、10月出刊，特殊情况除外。,https://www.thepaper.cn/newsDetail_forward_10880069
6项签约！ 成渝两地科技合作按下“加速键”,163,2021-12-24,新闻,"合作,共享,责任","唱好“双城记”

建强都市圈

落实成渝地区双城经济圈重大决策部署

日前

重庆市与成都市签署了“1+5”合作协议

共同助推西部科学城建设

加强双核创新联动推进

共建具有全国影响力的科技创新中心

是其中重要内容



迅速行动，落地落实！成渝两地6个协同创新合作项目签约，产学研代表开启“头脑风暴”……12月24日，成渝“双城协同•赋能智造”专场活动在重庆举行，聚焦智能智造领域的“密集动作”，传递出共同唱好“双城记”的坚定信号，两地的联动发展正走深走实，让成渝科技协同再度按下“加速键”。",https://www.163.com/dy/article/GS0LISTB0511ABJ0.html
AI+新时代职业教育改革发展论坛在济举行，济南职业学院钟义信院士工作室揭牌,百度新闻,2021-03-27,新闻,"合作,共享,可持续",3月27日上午，中国人工智能界的钟义信、韩力群两位院士来到济南职业学院实训车间参观调研。,https://baijiahao.baidu.com/s?id=1695384682718098784&wfr=spider&for=pc
AI不会断句？中文分词新模型帮它进步,百度新闻,2020-07-23,新闻,"福祉,向善,可持续,可信",人工智能经常“看不懂”中文句子，让人哭笑不得。,https://baijiahao.baidu.com/s?id=1672965183413535352&wfr=spider&for=pc
CAAI云论坛明日举办！专家学者邀您畅谈人工智能逻辑及应用,163,2022-05-27,新闻,"责任,可信,可持续",在第六个全国科技工作者日来临之际，由中国人工智能学会主办，CAAI人工智能逻辑专委会（筹）和浙江大学数字法治研究院承办的CAAI云论坛（杭州站）将于2022年5月28日上午上午8:30-12:00举行。,https://www.163.com/dy/article/H8D0DOKO0511PEBT.html
CIIS 2022专题论坛丨认知智能：从场景中来，到行业中去,163,2022-03-04,新闻,"开放,共享 ,合作,内部安全,外部安全",4月29-30日，2022第十一届中国智能产业高峰论坛（CIIS 2022）将在厦门举办。,https://www.163.com/dy/article/H1L0ESLK0511PEBT.html
“口述历史”系列访谈——我国互联网先驱：胡启恒院士,中国自动化学会,2021-06-09,案例,"合作,共享,自主,包容,尊重",导语：秉承尊重历史、以史为鉴、弘扬传承的理念，中国自动化学会于2015年特别打造“口述历史”系列访谈栏目，走访学会和自动化学科发展息息相关的老一辈科学家，探寻心灵深处的记忆，记录心路历程的点滴，为当代自动化领域科技工作者了解历史、传承老一辈科学家的宝贵科学思想和精神财富提供有益借鉴。,http://caa.org.cn/article/199/1958.html
“合作治理 共创未来”——2019世界人工智能大会治理论坛即将开启！,澎湃新闻,2019-08-22,新闻,"合作,共享,责任,道德,内部安全,外部安全","WAIC2019-人工智能治理论坛
时间：2019年8月29日下午
地点：上海世博中心
打造具有全球影响力的人工智能治理国际交流平台，推进各国、各地区在人工智能治理领域的互鉴与合作；阐释探讨相关治理规则，为世界人工智能发展贡献中国方案；发布国家新一代人工智能创新发展试验区建设最新成果。",https://www.thepaper.cn/newsDetail_forward_4228626
“科普中原讲坛”郑南宁院士作《人工智能未来形态与无人驾驶》报告,中国科协,2022-05-16,新闻,"合作,共享,自主,和谐,内部安全,外部安全",5月14日，由河南省科协主办，郑州财经学院、西安交通大学国家技术转移郑州中心、河南影视集团承办的第四十三期科普中原讲坛以线上形式举办。,https://www.cast.org.cn/art/2022/5/16/art_196_185921.html
中国工程院院士潘云鹤评《智能交通》：推动国内外智能交通新发展,界面新闻,2021-12-03,新闻,"合作,共享,开放,可持续,内部安全,外部安全",12月2日，《智能交通：影响人类未来10—40年的重大变革》一书（以下简称“《智能交通》”）由人民出版社出版发行。,https://www.jiemian.com/article/6877927.html
中国工程院院士赵沁平：虚拟现实“新基建”为教育开辟新境界,163,2021-09-03,新闻,"合作,可信,福祉,向善,可持续",8月18日，2021全球智慧教育大会在北京师范大学昌平校园开幕。,https://www.163.com/dy/article/GJ0HP04L0532N2UB.html
中国工程院院士陈纯：区块链技术赋能实体经济发展,搜狐新闻,2022-07-12,新闻,"合作,共享,福祉,向善",区块链是数字经济发展的关键技术，在2022中国数字经济创新发展大会上区块链技术备受关注。,http://news.sohu.com/a/566520035_323167
中科院陆建华：以需求为导向部署6G，行业赋能需要“智简”,百度新闻,2021-08-31,新闻,"尊重,道德,人权,权益,内部安全,外部安全",【环球网科技综合报道】“在信息服务当中，体验是根本需求，发展6G要坚持需求导向、战略谋划不可或缺。,https://baijiahao.baidu.com/s?id=1709578872442894207&wfr=spider&for=pc
中科院院士戴汝为团队为大连市瓦房店轴承产业提供战略咨询,百度新闻,2022-03-16,新闻,"合作,共享,可持续,和平",大连市瓦房店经信局局长曲连军、刘明东率该市多家轴承产业负责人来中国科学院自动化研究所参观考察，就轴承产业发展向中科院院士戴汝为及团队进行战略咨询。,https://baijiahao.baidu.com/s?id=1727445372310374780&wfr=spider&for=pc
中科院院士陆建华：需求导向，守正创新，一步一个脚印迈向6G,腾讯新闻,2021-08-31,新闻,"合作,共享,尊重,内部安全,外部安全",8月30日，2021世界5G大会——未来信息通信技术国际研讨会在京举办。,https://view.inews.qq.com/a/20210831A0BQ9C00
京东智能城市：城市消费促进平台已用1亿消费券撬动5亿消费,百度新闻,2021-07-09,新闻,"合作,共享,可信,权益",“城市计算将无处不在的感知技术、高效的数据管理和分析算法，以及新颖的可视化技术相结合，致力于提高人们的生活品质、保护环境和促进城市运转效率。,https://baijiahao.baidu.com/s?id=1704800283557569183&wfr=spider&for=pc
从侧信道安全先行者到机密计算领路人｜专访南科大张殷乾教授,腾讯新闻,2022-05-05,新闻,"合作,共享,自主,隐私,可信,内部安全,外部安全",今年 1 月，AMiner 团队推出 AI 2000 榜单，旨在通过 AMiner 学术数据在全球范围内遴选过去十年间，人工智能学科最有影响力、最具活力的顶级学者，标榜他们对于人工智能研究领域的卓越贡献。,https://new.qq.com/omn/20220505/20220505A07DYK00.html
从理论到实践的AI商业化路径经验,界面新闻,2022-07-05,案例,"合作,共享,可信",建设“可信AI生态系统”的关键是拥有可信的AI技术，而交叉融合了“因果科学”的因果AI作为下一代可信的AI技术已深入国内学术前沿与商业实践。,https://www.jiemian.com/article/7695378.html
会士观点丨香港浸会大学副校长郭毅可：识破天机，揭秘元宇宙,163,2022-05-23,新闻,"透明,责任,隐私,可信,权益,和平,内部安全,外部安全",导读：根据Gartner 新兴技术炒作周期曲线，「元宇宙」概念目前正处于炒作的顶峰。,https://www.163.com/dy/article/H827IDPF0511PEBT.html
会议观点｜深圳发展数字经济新思路,腾讯新闻,2022-07-18,新闻,"合作,共享,开放,内部安全,外部安全",2022年6月30日，腾讯研究院举办了大湾区数字经济沙龙，研讨深圳信息产业和数字经济发展思路。,https://new.qq.com/omn/20220718/20220718A08B6X00.html
北京市大数据专家、国家抗疫先进个人贾晓丰校友应邀来校做报告,中国传媒大学,2020-10-23,案例,"以人为本,福祉,向善,人权,权益,和平",（通讯员 吴雪纯）10月21日下午，经济与管理学院举办了《数字战“疫”及其背后的数据逻辑——城市级大数据布局与实践》主题讲座。,https://www.cuc.edu.cn/2020/1023/c1382a174471/page.htm
华为开启2022全球校园AI算法精英大赛 百万奖金等你来挑战算法极限,搜狐新闻,2022-06-24,新闻,"合作,开放,共享,可持续,可信",【6月24日，深圳】 2022鸿蒙开发者大赛之华为全球校园AI算法精英赛道举办线上启动仪式，正式面向全球全日制高等院校及以上在校学生开启报名通道，专项奖励基金超百万人民币。,http://news.sohu.com/a/560641545_120638642
四川省委省政府决策咨询委员、西南交通大学教授陈光：“智慧蓉城”成为成都发展又一新名片,百度新闻,2022-06-16,新闻,"开放,共享,内部安全,外部安全",“‘智慧蓉城’将成为成都发展的又一新名片。,https://baijiahao.baidu.com/s?id=1735774105395436558&wfr=spider&for=pc
因果AI如何赋能智能服务？,百度新闻,2022-07-12,新闻,"合作,共享,自主","导语

“即便在某一时刻有相似人群特征的人，选择了类似的消费方案，也不代表他们下次依然会做出相似的决策。",https://m.thepaper.cn/baijiahao_18974646
图灵奖获得者罗杰·瑞迪：AI不可能取代人类,腾讯新闻,2022-06-27,新闻,"自主,开放,共享,可持续,福祉,向善",6月24日，图灵奖获得者、美国国家工程院院士、美国艺术与科学学院院士、中国工程院外籍院士罗杰·瑞迪在第六届世界智能大会上表示，对待AI无需炒作与恐惧，要共建人本AI。,https://view.inews.qq.com/a/20220627A039CE00?refer=wx_hot
大咖论道！院士专家齐聚苏州 “把脉”人工智能产业发展,腾讯新闻,2022-07-17,新闻,"合作,共享,责任",今天（7月17日），在主题为“创新赋能·科技自强”——第十一届吴文俊人工智能科学技术奖颁奖盛典暨2021中国人工智能产业年会上，院士专家齐聚苏州，共话智能未来，为苏州人工智能产业发展出谋划策。,https://view.inews.qq.com/a/20220717A04V3300?refer=wx_hot&ft=0
对话九合创投王啸：10年押注“黑科技”，价值型AI公司5年内会盈利｜风云投资人,百度新闻,2021-11-05,新闻,"透明,包容,隐私,内部安全,外部安全",成立10年后，九合创投迎来了收获之年。,https://baijiahao.baidu.com/s?id=1715562356541739169&wfr=spider&for=pc
对话欧洲科学院外籍院士周志华：人工智能伦理非常重要,百度新闻,2019-09-26,新闻,"合作,共享,自主,内部安全,外部安全",从早前的无人问津，到ZAO换脸火爆朋友圈，一波波科技巨潮将人工智能技术推上风口浪尖。,https://baijiahao.baidu.com/s?id=1645733418318748747&wfr=spider&for=pc
徐扬生：人工智能时代，白领比蓝领更容易被替代,搜狐新闻,2018-07-12,新闻,"开放,共享,可持续,福祉,向善",“硅谷做的是“0到1”的事，而深圳做的是“1到N”的事。,https://www.sohu.com/a/240853563_460436
我们需要有意识、有情感的 “强人工智能”吗？,163,2022-07-06,新闻,"合作,共享,自主,向善,公平,公正,正义,责任,歧视,隐私,内部安全,外部安全","什么是 “人的智能” （ human intelligence）？“人工智能” 与 “人脑智能” 有何区别与联系？

近期《国家科学评论》（National Science Review, NSR）举办的论坛中，“人工智能” 与 “人脑智能” 两个领域有关的7位专家，围绕上述问题的答案展开了讨论。",https://www.163.com/dy/article/HBKBM75205522VM8.html
我国人工智能治理面临的机遇和挑战：基于科技公共治理视角,中央党校,2019-09-23,新闻,"合作,共享,自主,公平,公正,正义,平等,透明,责任,歧视,隐私,可信,权益,内部安全,外部安全",[摘  要]   建立健全人工智能治理体系，是保障人工智能健康发展的必然要求。,https://www.ccps.gov.cn/bkjd/xzglgg/xzglgg2019_08/201909/t20190923_134455.shtml
数据变现不再难，“海纳百川”的私有云帮你实现,百度新闻,2020-07-03,新闻,"开放,共享,合作,可持续,内部安全,外部安全",据IDC调查显示，2021年，亚太区90％以上的企业将依赖本地部署的专用私有云、公有云以及传统平台的组合，以满足其对基础架构的需求。,https://baijiahao.baidu.com/s?id=1671162146777256053&wfr=spider&for=pc
数据要素如何使用如何流通？北大光华管理学院副教授王翀解析,新浪财经,2020-12-19,新闻,"福祉,向善,可持续,可信",第二十二届北大光华新年论坛12月19日举行。,http://finance.sina.com.cn/hy/hyjz/2020-12-19/doc-iiznctke7384708.shtml
新青年新思考丨数字创新与发展：11位青年学者2022年热切关注的11个问题,163,2022-01-21,新闻,"合作,共享,自主,公平,公正,正义,歧视,可持续,内部安全,外部安全",2021年10月18日，习近平总书记在主持十九届中央政治局第三十四次集体学习时强调，“数字经济发展速度之快、辐射范围之广、影响程度之深前所未有，正在成为重组全球要素资源、重塑全球经济结构、改变全球竞争格局的关键力量”。,https://www.163.com/dy/article/GU93ALQI0511D98B.html
浙江大学周亚金：“又破又立”的顶尖安全学者，好奇心驱动的行动派,百度新闻,2022-07-07,新闻,"合作,共享,隐私,可信,内部安全,外部安全",周亚金，现为浙江大学计算机科学与技术学院和网络空间安全学院“百人计划”研究员。,https://m.thepaper.cn/baijiahao_18895748
深港“联合政策包”上新，事关双城合作,澎湃新闻,2022-07-08,新闻,"合作,共享,可信,可持续",7月7日，庆祝香港回归祖国25周年暨深港河套“招才引智”推介大会在河套深港科技创新合作区举行。,https://www.thepaper.cn/newsDetail_forward_18934475
清华刘知远：大模型「十问」，寻找新范式下的研究方向,百度新闻,2022-04-06,新闻,"开放,共享,合作,可持续,内部安全,外部安全",大模型的出现迎来了AI研究的新时代，其所带来的结果提升十分显著，超越了很多领域中针对研究问题设计特定算法实现的提升。,https://baijiahao.baidu.com/s?id=1729340355182588375&wfr=spider&for=pc
火光摇曳获 1600 万天使轮融资，AI+数学成为下一轮风口？,zaker,2019-04-23,新闻,"开放,共享,可持续,可信",多知网 4 月 22 日消息，近日，多知网获悉在线数学教育品牌火光摇曳获 1600 万元天使轮融资，投资方为线性资本和德迅投资。,http://app.myzaker.com/news/article.php?pk=5cbebab58e9f09433e3e53d3
热烈祝贺重庆大学人工智能研究院启动会顺利召开,重庆大学,2020-10-12,新闻,"合作,共享,可持续",2020年9月29日上午，重庆大学在主教学楼504会议室召开人工智能研究院、智慧城市研究院启动会。,http://accu.cqu.edu.cn/info/1027/3890.htm
爱数智慧5周年 | 专访宋彦 ：鼓励数据开放，推动高质量数据建设,163,2021-10-24,新闻,"合作,共享,开放,可持续,福祉,向善",由于自然语言本身的复杂性（例如歧义等），文本表征一直以来都是自然语言理解领域的最基础，也是极具挑战的问题。,https://www.163.com/dy/article/GN32AK2N05520NSJ.html
王天然院士撰文：智能制造空间如何形成及发展,亿欧,2018-01-23,新闻,"合作,共享,可持续,内部安全,外部安全",日前，中国工程院王天然院士等撰文，详细阐述了在制造系统结构、设计与制造技术、人机关系方面正在发生的巨大变革，指出以“分散与集中相统一的制造系统、虚实结合的设计与制造手段、人机共融的生产方式”为特征的智能制造空间将快速形成，重塑需求牵引和技术驱动下的智能制造发展模式和技术体系。,https://www.iyiou.com/news/2018012365056
王天然：推动边缘计算发展尚需解决统一化和安全问题,百度新闻,2019-11-28,新闻,"开放,共享,合作,可持续,内部安全,外部安全",11月28日，以“智联5G绽放边缘”为主题的2019边缘计算产业峰会在北京盛大召开。,https://baijiahao.baidu.com/s?id=1651426388561225344&wfr=spider&for=pc
王翀就人工智能算法谈——其不同于智力活动的规则与方法,法治网,2021-02-03,新闻,"自主,开放,共享,尊重,权益,可持续","湖南文理学院文法学院王翀在《政治与法律》2020年第11期上发表题为《人工智能算法可专利性研究》的文章中指出:

人工智能算法既不同于“智力活动的规则与方法”,也不应受专利审查制度对“涉及计算机程序的发明”的限制,而是能与专利权的价值内涵相契合的权利客体。",http://www.legaldaily.com.cn/index/content/2021-02/03/content_8425406.htm
白婷：用量化不公平的方式来界定可接受算法公平的阈值,腾讯新闻,2022-03-24,新闻,"公平,公正,正义,歧视",中新经纬3月24日电 (王玉玲)近日，由中国人民大学高瓴人工智能学院、智能社会治理跨学科交叉平台和基于大数据文科综合训练国家级虚拟仿真实验教学中心联合主办的算法公平性与内容生态建设研讨会在线上举行。,https://view.inews.qq.com/a/20220324A05F8M00
研究院在人工智能辅助胰腺肿瘤诊断方面取得研究进展,南京大学,2022-05-23,新闻,"自主,开放,合作,共享",研究院李武军教授团队联合南京大学医学院附属鼓楼医院消化内科和医学大数据中心研发了基于深度学习的快速现场细胞病理学评估（ROSE）系统，可以辅助胰腺肿瘤病理术前诊断。,https://hcdata.nju.edu.cn/xwzx/xwdt/20220523/i222786.html
穆荣平：初创、中小企业不能为了数字化而数字化 找到契合点很重要,百度新闻,2021-10-27,案例,"福祉,向善,可持续,开放,共享",中国青年报客户端讯（中青报·中青网记者 王海涵）“不能一味为了数字化而数字化，要平衡数字化浪潮下的变与不变。,https://baijiahao.baidu.com/s?id=1714760478128662632&wfr=spider&for=pc
算法周刊·专访｜王啸：泛AI时代，什么样的创业企业值得投资,百度新闻,2021-07-30,新闻,"尊重,道德,人权,权益,内部安全,外部安全",人工智能正像电力一般赋能各个产业，深刻地改变人类社会。,https://baijiahao.baidu.com/s?id=1706663026392037403&wfr=spider&for=pc
细思恐极！AI换脸术让朱茵变杨幂，还有更可怕的……,大河报,2022-02-28,新闻,"尊重,道德,人权,权益,内部安全,外部安全",在“AI换脸杨幂”视频引发风波后，2月27日，上传该视频的网友公开称已经下架了相关视频，并表示应该尊重版权与肖像权。,https://www.dahebao.cn/news/1373674?cid=1373674
罗杰·瑞迪：人工智能其实就是利用新的技术去解决问题,百度新闻,2018-11-14,新闻,"自主,开放,共享,可持续,福祉,向善",21岁的罗杰·瑞迪（Raj Reddy）开始接触计算机，不久，他成为约翰·麦卡锡的博士生。,https://baijiahao.baidu.com/s?id=1737660640221515574&wfr=spider&for=pc
"贾佳亚:人工智能 2.0革命,技术究竟该如何变革?",猎云网,2020-03-08,新闻,"可持续,可信,内部安全,外部安全,福祉,向善",一场科技革命的发生，是科学理论、知识系统、方法应用、实践迭代等各方面的巨大进步。,https://www.lieyunwang.com/archives/463933
赵沁平院士：VR/AR产业将迎来下一个快速发展的爆发期,搜狐新闻,2021-12-07,新闻,"合作,共享,可持续",中国工程院院士、中国虚拟现实技术与产业创新平台名誉理事长、虚拟现实产业联盟名誉理事长赵沁平在第七届中国虚拟现实产学研大会上表示，“据不完全统计，2021年，国内已发生10余起亿元级别的虚拟现实行业投资和并购，其中，国美12亿元收购了打扮家80%股份，字节跳动90亿元收购Pico。,http://news.sohu.com/a/506150591_100126557
郑南宁院士：让人工智能领域的中国声音愈发响亮,科学网,2021-12-16,新闻,"自主,福祉,向善",郑南宁，中共党员，中国工程院院士，西安交大教授、博士生导师，IEEE Fellow，现任中国自动化学会理事长，国际模式识别协会（IAPR）理事会成员，中国人工智能产业发展联盟常务副理事长，中国人工智能教育联席会理事长，国家科技重大专项“核高基”咨询专家委员会主任等。,https://news.sciencenet.cn/htmlnews/2021/12/470908.shtm
钟义信院士：人工智能代表了未来科学技术发展的趋势,腾讯新闻,2020-09-23,新闻,"可持续,可信,开放,共享",近几年，人工智能火热，不少人都在讨论人工智能相关的话题。,https://new.qq.com/omn/20200923/20200923A04VE600.html
银河水滴落户海曙 是谭铁牛院士和黄永祯博士等联合创办的人工智能企业,搜狐新闻,2022-03-16,新闻,"自主,开放,共享,可持续,福祉,向善","银河水滴源自于中科院自动化所,是由谭铁牛院士和黄永祯博士等联合创办的人工智能企业,作为步态识别技术和产业的引领者,率先提出视频新基建理念,并成功实现商业落地。",http://news.sohu.com/a/530305721_330740
银行人脸识别系统被攻破，思必驰冲刺IPO，潘云鹤获吴文俊人工智能最高成就奖，今日更多大新闻在此,搜狐新闻,2022-07-18,案例,"合作,共享,自主,责任","大家好，今天是7月18日星期一，新的一周又开始了～



快来和日报君看看，今天科技圈有哪些大新闻？

今日大新闻 潘云鹤院士获颁吴文俊人工智能最高成就奖

7月16日，我国智能科学技术最高奖“吴文俊人工智能科学技术奖”颁奖典礼在北京举行，66个获奖项目及个人受到表彰奖励。",https://it.sohu.com/a/568811000_610300
陈亮：算法“过滤泡”要不要戳破？| 学者评论,澎湃新闻,2022-07-08,新闻,"向善,责任,包容,和平",跟随信息科技的创新发展和互联网技术的不断精进，新闻资讯的传播与消费模式也经历了前所未有的根本性变革，以算法驱动的个性化推荐系统正取代传统的精英编辑模式，为每个用户推送合乎口味与兴趣的定制化资讯。,https://www.thepaper.cn/newsDetail_forward_18927644
陈纯院士：时序动态图实时计算及智能决策——数智时代核心技术,新浪新闻,2022-07-06,新闻,"福祉,向善,内部安全,外部安全","数字时代,数据已成为一种基础性资源、战略性资源和重要生产力,数字经济正成为继农业经济、工业经济之后的新型经济形态。",https://news.sina.com.cn/sx/2022-07-06/detail-imizmscv0305690.shtml
陕西日报：聂飞平：让老百姓的生活更智能,陕西科学技术厅,2021-07-27,新闻,"合作,共享,内部安全,外部安全",“近年来，电信诈骗等网络犯罪屡有发生，危害巨大。,https://kjt.shaanxi.gov.cn/kjzx/mtjj/234107.html
顺应科技创新发展战略 推进人工智能哲学研究,同花顺财经,2022-04-22,新闻,"合作,共享,平等,透明,和谐,道德,内部安全,外部安全",为了顺应新一代人工智能的迅猛发展及国家人工智能创新发展的战略需要，进一步促进全国人工智能哲学研究，4月16至17日，“2022年人工智能哲学前沿论坛”在中国社会科学院哲学研究所召开。,http://field.10jqka.com.cn/20220422/c638594584.shtml
马书根教授——机器人发展与展望主题论坛为进博会画上圆满句号,搜狐新闻,2018-11-12,新闻,"开放,共享,可持续,福祉,向善,合作",2018年11月10日上午，“机器人发展与展望及机电储能系统中的新技术应用”论坛在国家会展中心（上海）6H M6-02会议室举行，取得了圆满成功，反响热烈。,https://www.sohu.com/a/274829369_100243802
龙卫球：人工智能立法的“技术—社会+经济”范式 | 武大学报（哲社版）202001,163,2020-02-15,新闻,"合作,共享,自主,福祉,公平,公正,正义,平等,透明,责任,包容,尊重,歧视,隐私,权益,内部安全,外部安全","【副标题】基于引领法律与科技新型关系的视角

【作者】龙卫球（北京航空航天大学法学院教授、博士生导师，法学博士，教育部长江学者特聘教授）

【来源】北大法宝法学期刊库《武汉大学学报（哲学社会科学版）》2020年第1期（文末附本期期刊法学要目）。",https://www.163.com/dy/article/F5D6RU140530W1MT.html
2021中关村论坛平行论坛将描绘未来“智慧”生活愿景,百度新闻,2021-09-23,新闻,"公平,公正,责任,负责,包容,隐私,合作,开放,共享",中新网北京9月23日电 (记者 陈杭)2021中关村论坛将于9月24日至28日在京举办。,https://baijiahao.baidu.com/s?id=1711671160439942856&wfr=spider&for=pc
Future AI “为AI赋能” 2022青少年人工智能辅导员大会圆满举行,搜狐新闻,2022-07-21,新闻,"公平,公正,透明,隐私,责任,负责,包容,合作,开放,共享",7月20日上午，由未来基因（北京）人工智能研究院主办的【Future AI“为AI赋能” 2022青少年人工智能辅导员大会】在线上举行，多位人工智能领域的专家在会上从多个角度畅谈了青少年人工智能教育和人才培养的重要性，多位项目负责人详细介绍了青少年人工智能教育的三个重点项目，包括中国科协2022“云上工作室”系列活动，中国自动化学会主办的青少年人工智能核心素养测评，以及中国人工智能学会、中国自动化学会和中国科学院大学人工智能学院联合主办的全国中小学人工智能探究性学习训练营（2022秋季），1100多位来自全国各地的中小学信息科技和人工智能方向的老师、教研员、校外机构教师和辅导员，以及部分关注人工智能教育的家长参加了大会的直播，并踊跃提问交流。,https://it.sohu.com/a/570004716_121050818
Toward Verified Artificial Intelligence,Asia-Pacific Network for Moral Education,2022-07-01,新闻,"自主,可信","Artificial intelligence (AI) is a term used for computational systems that attempt to mimic aspects of human intelligence, including functions we intuitively associate with intelligence, such as learning, problem solving, and thinking and acting rationally—for example, see Russell and Norvig.",https://cacm.acm.org/magazines/2022/7/262079-toward-verified-artificial-intelligence/fulltext
“合作治理 共创未来”——2019世界人工智能大会治理论坛召开,163,2019-08-30,新闻,"福祉,透明,隐私,可信,合作,开放,共享,道德",2019年8月29日下午，2019世界人工智能大会治理主题论坛在世博中心召开。,https://www.163.com/dy/article/ENPNBF7K0511D98B.html
【太和新闻】人工智能的颠覆性变革——铁壳对话第二期,21财经,2020-12-11,新闻,"公平,公正,合作,开放,共享",导语：未来，你的工作会被人工智能所取代吗？哪些行业会被人工智能技术颠覆？人工智能企业是否是投资的香饽饽？人工智能技术的发展，在引起越来越多人关注和热捧的同时，也引发了广泛的疑问。,https://m.21jingji.com/article/20201211/herald/92c8368c648ddb7fabb9c9fddab7ea1c.html
上海成立人工智能产业安全专家咨询委员会,163,2019-07-02,新闻,"公平,公正,隐私,合作,开放,共享",36氪获悉，据上海经信委消息，今日下午，上海市人工智能产业安全专家咨询委员会成立仪式暨第一次会议召开，上海市人工智能产业安全专家咨询委员会在会上宣布成立。,https://baijiahao.baidu.com/s?id=1637945630291873808&wfr=spider&for=pc
中科院与英国皇家学会共同举办中英人工智能政策对话研讨会,百度新闻,2020-10-13,新闻,"向善,合作,开放,共享",9月28日至29日，由中国科学院和英国皇家学会共同组织的“中英人工智能政策对话研讨会”在线上举行。,https://baijiahao.baidu.com/s?id=1680405758279127496&wfr=spider&for=pc
人工智能与气候行动研讨会在清华大学开幕,百度新闻,2022-04-30,新闻,"自主,可信,合作,开放,共享,可持续",在2022年4月26日举行的人工智能与气候行动研讨会上，全球专家表示，人工智能的健康发展可以更好地服务于人类和自然的生命共同体。,https://baijiahao.baidu.com/s?id=1731506913484483001&wfr=spider&for=pc
人工智能大会-可信AI论坛倡议：坚持技术向善 发展可信AI逐渐成为全球共识,百度新闻,2021-07-09,新闻,"公平,公正,合作,开放,共享",“随着人工智能应用的广度和深度不断拓展，也慢慢显露出一些风险与隐患，算法的安全、数据歧视、数据滥用等诸多问题引发人们对人工智能信任的思考。,https://baijiahao.baidu.com/s?id=1704803691746532176&wfr=spider&for=pc
全球思想盛筵—人工智能与人类文明峰会在京召开,百度新闻,2017-12-02,新闻,"福祉,责任,负责,合作,开放,共享",中新网12月2日电 12月1日，“全球思想盛筵—人工智能与人类文明”AI峰会在京召开。,https://baijiahao.baidu.com/s?id=1585641413014423825&wfr=spider&for=pc
初饮：持续打压中国企业：美国行将推出“互联网将来联盟”,百度新闻,2022-03-30,新闻,"公平,公正,透明,隐私",初饮据外媒报道，美国白宫准备在将来几周内推出一个新的“互联网将来联盟”（Alliance for the Future of the Internet），初饮看似乎越来越有可能的是，这一举措的一个主要准绳将触及阻止包括华为等被美国政府列为所谓“不受信任的”供给商进入全球网络。,https://baijiahao.baidu.com/s?id=1728715496595564461&wfr=spider&for=pc
加快人工智能立法，专家建议治理需具有前瞻性,同花顺财经,2022-07-22,新闻,"公平,公正,透明,隐私,责任,负责,可信,合作,开放,共享",7月21日，国家网信办依据相关法律法规，对滴滴全球股份有限公司处人民币80.26亿元罚款。,http://news.10jqka.com.cn/20220722/c640635909.shtml
华为胡厚崑：今年是重要技术年，预计5G手机6月上市,百度新闻,2019-01-23,新闻,"公平,公正,包容,隐私,权益,合作,开放,共享,可持续",胡厚崑表示，科技企业高度依赖全球供应链和全球创新生态，而当前的全球化是各国根据比较优势竞合的结果。,https://baijiahao.baidu.com/s?id=1623401749102349736&wfr=spider&for=pc
太和智库“建立中国人工智能伦理与治理网络”研讨会在京举行,AI中国网,2019-05-21,新闻,"福祉,透明,隐私,可信,道德",【环球网报道记者王心怡】当今社会，人工智能迅速发展。,https://www.cnaiplus.com/a/news/894145.html
度小满成为IEEE SA高级会员 参与全球区块链标准制定,百度新闻,2022-07-08,新闻,"自主,可信",近日，度小满正式成为IEEE SA（IEEE Standard Association）高级机构会员单位，IEEE SA会员单位还包含苹果、Cisco、ABB、谷歌等全球巨头科技企业。,https://baijiahao.baidu.com/s?id=1737773780632657521&wfr=spider&for=pc
智能互联升级一级部门，阿里AIoT在下一盘什么棋？,163,2022-07-22,新闻,"福祉,公平,公正,自主,公平,平等,尊重,友好,权益,人权,可信,和谐,合作,开放,共享",对于阿里巴巴来说，天猫精灵早就不是一款音箱了。,https://www.163.com/dy/article/HCSBPB6405118O92.html
机器学习泰斗Michael I. Jordan与智源研究院张宏江共话成长之路,百度新闻,2022-07-22,新闻,"以人为本,福祉,向善,合作,开放,共享,可持续","放慢脚步，不盲目参与竞争

Q1 （苏炜杰）：能否预测机器学习领域会出现的下一个热门话题会是什么？根据我的经验，机器学习在决策问题中的重要性日益凸显，青年研究者也需要学习一些经济学知识。",https://baijiahao.baidu.com/s?id=1739042918969253943&wfr=spider&for=pc
水利部：加快建设数字孪生流域和数字孪生工程 推动新阶段水利高质量发展,东方财富网,2022-07-25,新闻,"公平,公正,合作,开放,共享",据水利部7月25日消息，7月22日，水利部党组举办理论学习中心组学习会，邀请清华大学苏世民书院院长、人工智能国际治理研究院院长薛澜作“数字经济”专题辅导讲座。,https://finance.eastmoney.com/a/202207252460032460.html
算法公平治理与实现研讨会：建议依平台场景衡定公平性目标,jwview,2022-07-18,新闻,"自主,合作,开放,共享",中新经纬7月18日电 (马静)人工智能时代，算法已被广泛应用于互联网产品推荐和工作生活服务等多元场景之中，可以说，算法正在重构人类“想象的生活”，与此同时，保证算法公平正成为人类社会进步的重要主题和价值取向。,http://www.jwview.com/jingwei/07-18/493857.shtml
阿里人工智能治理与可持续发展的技术方向探索,163,2022-05-06,新闻,"自主,公平,公正,透明,隐私,责任,负责,可信,权益,合作,开放,共享,可持续",建设真正可持续发展的人工智能，是跨多学科、综合性强和智力密集的复杂工作。,https://www.163.com/dy/article/H6N8GBI20518E0HL.html
阿里巴巴设立新的一级业务智能互联，探索更多消费者人工智能形态,stdaily,2022-07-21,新闻,"公平,公正,合作,开放,共享",7月20日，记者从天猫精灵伙伴大会上获悉，经过三年开放服务，智能交互系统AliGenie已接入4000万家庭用户、1000家物联平台和4.6亿终端。,http://www.stdaily.com/index/kejixinwen/202207/fa5c80d0eb0b4ce38b34135f94d0e647.shtml
2020北京智源大会AI治理分论坛｜旷视对话世界大咖：全球协作共建可持续发展的AI,中国金融,2020-06-24,新闻,"公正,透明,隐私,责任,包容,内部安全,外部安全,可信,友好,合作,开放,共享,道德",2020年6月22日，2020北京智源大会正在云端热烈展开，其中一场关于《人工智能伦理、治理与可持续发展》的专题讨论备受关注。,http://finance.china.com.cn/roll/20200624/5303493.shtml
2021数字生态产业峰会暨中国云体系联盟年会隆重举办,百度新闻,2021-12-17,新闻,"自主,内部安全,外部安全,可信,合作,开放,共享",2021年12月16日，由中国云体系产业创新战略联盟联合中国信息化周报、中国信息主管网和中国大数据企业联盟等机构共同主办的“2021数字生态产业峰会暨第十四届信息主管年会”在北京隆重召开。,https://baijiahao.baidu.com/s?id=1719395607634268893&wfr=spider&for=pc
2021淮海医学创新国际研讨会举行,百度新闻,2021-02-08,新闻,"合作,福祉,向善,自主,开放,共享",2月2日上午，由徐州经开区、徐州医科大学、上海瑞世财富投资管理有限公司共同主办的2021淮海医学创新国际研讨会举行。,https://baijiahao.baidu.com/s?id=1691092950095698780&wfr=spider&for=pc
2022世界5G大会：全球顶尖专家学者齐聚 为生态共建献计献策,中国网,2022-07-22,新闻,"自主,责任,合作,开放,共享",由黑龙江省人民政府、国家发展和改革委员会、科学技术部、工业和信息化部共同主办的2022世界5G大会将于8月10－12日在黑龙江哈尔滨召开。,http://news.china.com.cn/2022-07/22/content_78336140.htm
2022年中国人工智能行业发展现状与市场规模分析 市场规模超3000亿元「组图」,百度新闻,2021-12-14,新闻,"以人为本,内部安全,外部安全","人工智能行业主要上市公司：海康威视(002415)、科大讯飞(002230)、赛为智能(300044)、东杰智能(300486)、闻泰科技(600745)、中兴通讯(000063)、恒生电子(600570)等

本文核心数据：人工智能市场规模 各层次企业分布 企业技术分布 人工智能细分领域占比等

1、市场规模：中国人工智能行业呈现高速增长态势

人工智能产业是智能产业发展的核心，是其他智能科技产品发展的基础，近年来，中国人工智能产业在政策与技术双重驱动下呈现高速增长态势。",https://baijiahao.baidu.com/s?id=1719112514916601146&wfr=spider&for=pc
“AI的命也是命”？人类与AI之间还有明确界线吗,中国人工智能学会,2022-07-30,新闻,"公平,公正,正义,透明,隐私,内部安全,外部安全,道德",中新网北京7月30日电 (中新财经记者宋宇晟)自今年6月以来，谷歌一名工程师称某AI聊天机器人可能具有自己的“意识”，并称该AI“令人印象深刻的语言技巧背后，可能还隐藏着一颗具备感知能力的心”。,https://m.gmw.cn/baijia/2022-07/30/35920498.html
“云逛”展：“仿生鱼”真假难辨，用于教育科研多个领域,百度新闻,2021-10-23,新闻,"以人为本,内部安全,外部安全",10月22日，2021年世界工业设计大会在烟台国际博览中心盛大启幕，近200家全球知名企业的千余件设计创新成果亮相展会现场。,https://baijiahao.baidu.com/s?id=1714420928257240126&wfr=spider&for=pc
“复旦肿瘤”三阴性乳腺癌诊断有了“智能方案”,澎湃新闻,2022-07-22,新闻,"以人为本,包容,普惠,自主,道德",近日，复旦大学附属肿瘤医院精准肿瘤中心联合医院放射诊断科、病理科、复旦大学类脑智能科学与技术研究院、南京信息工程大学“医工携手”，通过“院内多学科团队联合+跨区域医工交叉协作”的方式，为三阴性乳腺癌的临床诊断研制出了“复旦肿瘤”智能方案。,https://www.thepaper.cn/newsDetail_forward_19115703
《中国新一代人工智能科技产业发展报告(2022)》报告发布,百度新闻,2022-06-25,新闻,"自主,公平,公正,正义,合作,开放,共享",在6月25日下午举办的第六届世界智能大会闭幕式上，中国新一代人工智能发展战略研究院首席经济学家、南开大学经济研究所所长刘刚教授发布2022年《中国新一代人工智能科技产业发展报告》。,https://baijiahao.baidu.com/s?id=1736599694378779193&wfr=spider&for=pc
【智谱AI】人工智能发展月报（2021年10月）,qq新闻,2021-11-02,新闻,"透明,隐私,内部安全,外部安全,可信,合作,开放,共享",本报告依托科技情报大数据挖掘与服务系统平台 AMiner、新闻事件分析挖掘和搜索系统 NewsMiner，以及人工智能主流新闻网站及公众号，从 AI 学术会议、重大科研进展、人物动态、最新报告发布等角度，分析挖掘了每月人工智能领域所发生的、对领域技术发展产生重大推动作用的事件，旨在帮助 AI 领域研究人员和业内人士及时追踪最新科研动态、洞察前沿热点。,https://new.qq.com/omn/20211102/20211102A06UVB00.html
上海交大机器人研究所团队发明操作感知一体化的软体神经假肢手,百度新闻,2021-09-03,新闻,"福祉,普惠,向善,内部安全,外部安全,合作,开放,共享",对于世界上超过 500 万前臂截肢患者来说，为了最大程度上恢复手的功能，穿戴假肢就成了患者的一个选择，患者通过假肢来恢复前臂以及部分手功能。,https://baijiahao.baidu.com/s?id=1709875592101201206&wfr=spider&for=pc
上海交通大学重庆人工智能研究院院长 金石：让应用把数学带“出圈”,重庆大学人工智能研究院,2022-07-22,新闻,"自主,合作,开放,共享,可持续","是中国应用数学领域的顶尖专家
带领国内交叉学科研究的重要力量

上海交通大学重庆人工智能研究院

落地西部（重庆）科学城

他如何用“数学+”的方式交叉跨界

攻克产业中的“卡脖子”难题

《重庆专访》对话

欧洲人文和自然科学院外籍院士  欧洲科学院院士

上海交通大学重庆人工智能研究院院长   金石



金石，上海交通大学讲席教授，上海国家应用数学中心联席主任。",https://news.sjtu.edu.cn/mtjj/20220723/173178.html
上海人工智能实验室与上海交通大学签署战略合作协议,新浪新闻,2020-11-26,新闻,"内部安全,外部安全,合作,开放,共享",2020年11月25日，上海人工智能实验室与上海交通大学在上海交通大学闵行校区举行了战略合作协议签约仪式。,https://news.sina.com.cn/o/2020-11-26/doc-iiznezxs3756314.shtml
上海人工智能研究院与华为签署全面合作协议,百度新闻,2022-07-12,新闻,"开放,共享,可持续,合作,以人为本",“上海人工智能研究院”微信公众号消息，7月12日，上海人工智能研究院与华为技术有限公司签署全面合作协议，共同构建昇腾AI产业生态。,https://baijiahao.baidu.com/s?id=1738149632992221497&wfr=spider&for=pc
上海张江何以剑指国际影响力机器人产业高地？大咖集聚献计献策,百度新闻,2021-09-26,新闻,"自主,合作,开放,共享",张江高科技园区，被誉为中国硅谷，位于上海浦东新区中南部。,https://baijiahao.baidu.com/s?id=1711929011785846648&wfr=spider&for=pc
专家称若认为AI有人格会带来很多困扰,百度新闻,2022-07-30,新闻,"以人为本,自主,开放,共享",6月以来，谷歌一名工程师称某AI聊天机器人可能具有自己的“意识”，并称该AI“令人印象深刻的语言技巧背后，可能还隐藏着一颗具备感知能力的心”。,https://baijiahao.baidu.com/s?id=1739757238074963381&wfr=spider&for=pc
中国工业移动机器人龙头：西安交通大学校友创立华为顺丰是其客户,百度新闻,2021-12-08,新闻,"自主,以人为本,友好,和谐",中国已连续八年成为全球最大的工业机器人市场，预计2021年行业规模将达到445.7亿元。,https://baijiahao.baidu.com/s?id=1718567815876444545&wfr=spider&for=pc
中国自动化学会“青少年人工智能核心素养测评”开启报名,百度新闻,2021-11-25,新闻,"以人为本,责任","人工智能科技经过数十年的萌芽发展,如今已驶入快车道,成为国家竞争力的重心之一。",https://baijiahao.baidu.com/s?id=1717369095272114911&wfr=spider&for=pc
中科人工智能研究院落户徐州鼓楼区 助力徐州人工智能发展迈入新阶段,百度新闻,2019-08-08,新闻,"合作,开放,共享,可持续",中国江苏网8月8日徐州讯（记者 彭颂珂）8日上午，中科（徐州）人工智能研究院、中科水滴（徐州）智能科技公司正式落户徐州鼓楼区，并举行成立仪式。,https://baijiahao.baidu.com/s?id=1641290837099777842&wfr=spider&for=pc
人大高瓴人工智能学院将广泛影响神经科学、医疗健康等AI+领域,搜狐新闻,2022-07-06,案例,"可持续,可信,包容",目前，深度学习已在计算机视觉和自然语言处理等 AI 领域获得巨大的成功。,http://news.sohu.com/a/564676222_354973
人工智能3大发展趋势，未来科技，你看好哪一种？,百度新闻,2021-11-23,新闻,"开放,共享,可持续,合作,以人为本","人工智能3大发展趋势，未来科技，你看好哪一种？

人工智能的研发一直是众多科学家一直追求的目标，世界上对人工智能的研究也是一刻都没有停止过，在一些大型商场人工智能也经常可见到，人工智能也越来越普及我们的生活，比如汽车，现在大部分汽车都已经实现了L2级的自动驾驶，这也是人工智能的一些初级运用，以后也有更多的人工智能产品出现。",https://baijiahao.baidu.com/s?id=1717211483938114291&wfr=spider&for=pc
人工智能与机器人研究所与中国飞行试验研究院技术交流会,人工智能与机器人研究所,2022-06-01,新闻,"内部安全,外部安全,合作,开放,共享",5月31日上午，在西安交通大学逸夫科学馆会议室，人工智能与机器人研究所（以下简称人机所）兰旭光教授团队与来访的中国飞行试验研究院（以下简称试飞院）方威高级工程师等一行五人进行了学术上的分享和交流。,http://www.iair.xjtu.edu.cn/info/1004/2392.htm
人工智能普及教育如何做？中国新一代人工智能发展战略研究院执行院、世界工程组织联合会主席龚克这样说,百度新闻,2021-10-22,新闻,"自主,公正,平等,责任,包容,尊重,合作,开放,共享,可持续,道德",7月26日，中国科协青少年科技中心、中国青少年科技辅导员协会和山东省科学技术协会共同主办的2021年中国人工智能普及教育发展论坛在山东烟台举行。,https://m.thepaper.cn/baijiahao_15032779
北京人工智能产业大脑启动,百度新闻,2022-07-29,新闻,"合作,开放,共享,可持续",在人工智能驱动未来产业专场论坛上，北京人工智能产业大脑正式启动这是国内首个聚焦人工智能产业创新服务的数字平台。,https://baijiahao.baidu.com/s?id=1739666628208753745&wfr=spider&for=pc
北京大学：面向国家重大需求加快突破关键核心技术,百度新闻,2022-07-19,案例,"自主,内部安全,外部安全",7月19日，教育部举行新闻发布会，介绍党的十八大以来高校科技创新改革发展成效。,https://baijiahao.baidu.com/s?id=1738751882363654831&wfr=spider&for=pc
北京智源大会发布AI公益研究计划,百度新闻,2020-06-24,新闻,"以人为本,责任,可持续",中国青年报客户端讯（中青报·中青网记者 张茜）近日，北京智源人工智能研究院在其主办的智源大会上宣布，成立面向可持续发展的人工智能智库（AI4SDGs Think Tank)，并发布面向可持续发展的人工智能公益研究计划。,https://baijiahao.baidu.com/s?id=1670372316124918467&wfr=spider&for=pc
北京理工大学无人系统创新工场正式启用,百度新闻,2022-01-15,新闻,"合作,自主,开放,共享,可持续",1月14日，无人系统创新工场正式投入使用。,https://baijiahao.baidu.com/s?id=1722008270289541527&wfr=spider&for=pc
北京理工大学智能车辆研究所龚建伟课题组介绍,163,2019-03-06 22,新闻,"自主,合作,开放,共享","北京理工大学智能车辆研究所（Intelligent Vehicle Research Center, Beijing Institute of Technology）成立于2005年12月【1】，融合了原北京理工大学机器人研究中心无人驾驶车辆研究团队和车辆工程系汽车研究所智能传动操控团队，专注于地面无人车辆理论与技术研究。",https://www.163.com/dy/article/E9KA76PS0511CJ6T.html
北航陈殿生：老龄化社会趋势下，护理机器人前景广阔,百度新闻,2021-09-13,新闻,"自主,内部安全,外部安全","原标题：北航陈殿生：老龄化社会趋势下，护理机器人前景广阔

　　21世纪经济报道记者杨清清 实习记者史贝琪 北京报道

　　9月12日下午，在2021年机器人大会服务机器人热点与突破、应用和落地专题论坛上，北京航空航天大学机器人研究所所长、科技部“智能机器人”重点专项总体专家组副组长陈殿生教授表示，护理机器人作为一个新兴产业将成为重点发展方向。",https://baijiahao.baidu.com/s?id=1710753964799121126&wfr=spider&for=pc
医工交叉破解诊断难点和痛点 “复旦肿瘤”三阴性乳腺癌诊断有了“智能方案”,163,2022-07-19,新闻,"以人为本,包容,普惠,自主,共享",央广网上海7月19日消息（记者林馥榆）近日，复旦大学附属肿瘤医院精准肿瘤中心主任、乳腺外科主任邵志敏教授团队，联合医院放射诊断科主任顾雅佳教授团队、病理科副主任杨文涛教授团队，并与复旦大学类脑智能科学与技术研究院王鹤研究员团队、南京信息工程大学徐军教授团队“医工携手”，通过“院内多学科团队联合+跨区域医工交叉协作”的方式，为三阴性乳腺癌的临床诊断研制出了“复旦肿瘤”智能方案。,https://www.163.com/dy/article/HCLVCBBR0514R9NP.html
华中科技大学获第18届全国大学生机器人大赛亚军,百度新闻,2019-06-04,新闻,"开放,自主,合作,共享",6月2日，第十八届全国大学生机器人大赛（Robocon）总决赛在山东邹城落下帷幕。,https://baijiahao.baidu.com/s?id=1635390830746512374&wfr=spider&for=pc
华科自动化学院在2019世界机器人大赛中斩获双冠 待,百度新闻,2019-08-28,新闻,"自主,友好,和谐,合作,开放,共享",近日，2019世界机器人大赛在北京亦创国际会展中心举行。,https://baijiahao.baidu.com/s?id=1643103915115290564&wfr=spider&for=pc
南京大学人工智能学院特任副研究员叶翰嘉 在AI中感受“算法之美”,163,2022-04-18,新闻,"内部安全,外部安全,人权,权益,合作,开放,共享",每一个科研工作者，都会有一个成为科学家的梦想，例如研发了深海勇士号，带领人们探索前所未知的世界；或是如同牛顿被一颗苹果砸到后发现万有引力，为更多科学研究提供了重要依据。,https://www.163.com/dy/article/H58FU5IH0532N2UB.html
南京大学设人工智能学院，机器学习专家周志华主持,澎湃新闻,2018-03-06,新闻,"自主,合作,开放,共享,可持续",3月6日，澎湃新闻（www.thepaper.cn）从南京大学证实，该校正在筹划成立人工智能学院。,https://www.thepaper.cn/newsDetail_forward_2019706/
哈工大与建龙集团签署战略合作协议,搜狐新闻,2022-07-06,新闻,"内部安全,外部安全,合作,开放,共享",7月2日，哈工大与北京建龙重工集团有限公司（简称“建龙集团”）在行政楼626会议室举行战略合作协议签约仪式。,http://news.sohu.com/a/564490817_121232323
哈工大谢晖团队研制出可用于癌症诊断治疗的磁性微游动机器人,搜狐新闻,2022-04-07,新闻,"福祉,向善,开放,自主,合作,共享","近日，哈尔滨工业大学机电学院机器人技术与系统国家重点实验室谢晖教授团队在《科学》杂志子刊《科学·机器人学》（Science Robotics）发表了题为《可重构磁性微机器人群：多模态转换、定向移动与集群作业》（Reconfigurable magnetic microrobot swarm: Multimode transformation, locomotion, and manipulation）的科研论文。",http://news.sohu.com/a/536078302_320333
回眸2021世界工业设计大会：工业设计为窗 从烟台瞭望世界,百度新闻,2021-10-25,新闻,"以人为本,福祉,普惠,向善",金秋时节的烟台，蓝天碧海，叠翠流金。,https://baijiahao.baidu.com/s?id=1714551895949557866&wfr=spider&for=pc
国内首发 北京人工智能产业大脑启动,中国财经,2022-07-29,新闻,"内部安全,外部安全",昨天，在2022全球数字经济大会人工智能驱动未来产业专场论坛上，北京人工智能产业大脑正式启动这是国内首个聚焦人工智能产业创新服务的数字平台。,http://finance.china.com.cn/qy/qyjj/20220729/5857676.shtml
学习时报：自动驾驶离我们还有多远？,人工智能与机器人研究所,2022-04-29,新闻,"自主,内部安全,外部安全",郑南宁，中国工程院院士、中国自动化学会理事长、中国人工智能教育联席会理事长、科技部新一代人工智能战略咨询委员会专家组副组长，曾担任西安交通大学校长。,http://www.iair.xjtu.edu.cn/info/1004/2351.htm
官宣！北京大学将成立计算机、电子、智能三大新学院,百度新闻,2021-10-22,新闻,"开放,共享,可持续,合作,以人为本",10月20日，北京大学发布《北大新工科，来了！》，文章回顾了上世纪初京师大学堂启工学教育之门，培养了一批高等科学技术人才；新中国成立后北大创建了新中国第一个力学学科，中国力学本科教育由此启程；2005年北大重新组建工学院；近两年，北大相继成立多个新学院：人工智能研究院、能源研究院、材料科学与工程学院、未来技术学院、集成电路学院。,https://baijiahao.baidu.com/s?id=1714304968318714591&wfr=spider&for=pc
宜宾大学城：面向未来增设新专业 积极培育新兴产业人才,宜宾电视台,2022-03-16,新闻,"内部安全,外部安全,合作,开放,共享",前，教育部公布了2021年度普通高等学校本科专业备案和审批结果，四川轻化工大学、宜宾学院等高校的智能无人系统技术、电气工程及其自动化专业相继获批。,http://www.ybtv.cc/fccommon/Home/detail?site_id=75&detail_type=1&cid=88564
市政协常委、五邑大学中德人工智能研究院院长崔岩：让创新成为江门的厚重底色,百度新闻,2022-06-21,新闻,"以人为本,责任,合作,开放,共享",2022年，中国共产党第二十次全国代表大会将召开。,https://baijiahao.baidu.com/s?id=1736212902336619348&wfr=spider&for=pc
常州：着力打造国际化智造名城，机甲风潮激发龙城澎湃新动能,凤凰网,2022-07-26,新闻,"自主,合作,开放,共享",根据《中国机器人产业发展报告（2021年）》，去年我国工业机器人市场规模约为445.7亿元，占比为53.1%，预计今年我国工业机器人市场规模将迫近500亿元。,http://js.ifeng.com/c/8HwDadIbSwI
广东“智囊团”来啦！为贵州产业发展建言献策,百度新闻,2021-11-23,案例,"以人为本,可持续,内部安全,外部安全",贵州产业该如何发展？如何把生态资源价值转换成经济价值？11月23日，2021年粤黔东西部协作“智库专家产业行”活动在贵阳举行。,https://baijiahao.baidu.com/s?id=1717232333800127045&wfr=spider&for=pc
微动态｜省科技厅召开人工智能科技伦理治理工作调研座谈会,百度新闻,2022-03-11,新闻,"内部安全,外部安全,道德",3月9日下午 ， 省科技厅副厅长朱皖一行到湖南师范大学调研考察人工智能科技伦理治理工作，并召开座谈会 。,https://baijiahao.baidu.com/s?id=1727017938172920184&wfr=spider&for=pc
提升科普公共服务能力 相城区一教育基地入选省级名单,凤凰网,2022-07-27,新闻,"可信,自主,合作,开放,共享","近日，省科协、省社科联、

省科技厅、省教育厅联合发布了

2022年度江苏省科普教育基地认定名单

位于相城区的

同济机器人科普教育基地成功入选！

提升科普公共服务能力 相城区一教育基地入选省级名单

同济机器人科普教育基地

机器人会自己学习吗？

机器人怎么听懂人类指令？

机器人能上场踢球吗？

……

快来跟香橙君一起打卡这家

新晋省级科普教育基地

寻找问题的答案！

同济机器人科普教育基地位于苏州高铁新城天成时代商务广场29、30层，近3000平方米的场地，讲述着关于机器人的种种“故事”。",http://js.ifeng.com/c/8HzBPwswC1M
数字化时代数据管理难题 图灵科技为数据管理与安全保驾护航,163,2021-11-03,新闻,"自主,内部安全,外部安全,友好,合作,开放,共享,可持续,可持续",随着数字化经济的发展，大数据时代已到来，数据增长迅速、体量庞大，数据安全、网络信息安全已成为“达摩克利斯之剑”，几乎所有使用互联网的单位和个人都离不开数据和信息安全。,https://www.163.com/news/article/GNSV1PUK00019UD6.html
数字经济学家刘志毅：第三方支付的危机与破局,百度新闻,2019-12-10,新闻,"以人为本,责任,内部安全,外部安全,人权,权益,友好",经过多年的发展，中国第三方支付行业已经从快速增长期进入到了稳步增长阶段。,https://baijiahao.baidu.com/s?id=1652527334874196517&wfr=spider&for=pc
智云健康获10亿元D轮融资；腾讯成广州电商中大凯旋第三大股东 | 投资速递,163,2020-01-09,新闻,"自主,内部安全,外部安全,透明,隐私,合作,开放,共享",2、转载请注明来源自IT桔子每日创业速递（touzisudi），侵权必究。,https://www.163.com/dy/article/F2F7L98905118RLD.html
智能喷涂机器人关键技术研究现状及进展丨JME文章推荐,163,2022-07-17,新闻,"以人为本,向善,福祉,普惠","研究背景及目的

喷涂作为现代产品制造工艺中的一个重要环节，不仅起到美观、防护以及其他特殊作用，也日益成为产品价值的重要组成部分，在家具、航空航天、军工等领域中占据着重要地位。",https://www.163.com/dy/article/HCG41F8M0511CJ6T.html
朱松纯搭建人与机器人的价值双向对齐系统，解决人机协作重大挑战,百度新闻,2022-07-29,案例,"自主,合作,开放,共享",“我们的研究成果标志着人工智能（AI，Artificial Intelligence）系统具备了在交流中学习人类价值函数并实时对齐当前人类价值目标的能力，是为机器立心，实现‘小数据，大任务’范式的重要一步。,https://baijiahao.baidu.com/s?id=1739651998153230856&wfr=spider&for=pc
机器人发展与工业4.0优质伙伴,中国机器人产业联盟,2022-07-22,新闻,"福祉,普惠,向善,责任,合作,开放,共享",工业4.0是以智能制造为主导的第四次工业革命，伴随着智能工厂与智能制造两大主题，也代表人机协同合作的时代来临，未来工厂将融合先进机器人技术，并结合互联网，而上银科技正是您的工业4.0优质伙伴。,http://www.mei.net.cn/jqr/202207/1658454188.html
机器人总动员！全球最先进机器人将集结佛山展开“超级对决”,qq新闻,2022-07-04,新闻,"合作,福祉,向善,自主,开放,共享",7月8日-10日，第二届中国（佛山）智能机器人博览会将在佛山潭洲国际会展中心盛大召开。,https://view.inews.qq.com/a/20220704A03S9V00
机器人教育去乐高化 民族科教企业易方机器人开放加盟,163,2017-02-07,新闻,"自主,合作,开放,共享",说到机器人教育，很多人都会想到乐高机器人，因为在中国，一直缺少一个源自中国本土、针对中国孩子特点的机器人教育品牌。,https://www.163.com/dy/article/CCLMVRDS051182SL.html
机器人的刚需时代正在来临,湖南大学机器人学院,2021-09-13,新闻,"自主,内部安全,外部安全,友好,和谐","机器人的刚需时代正在来临

2021世界机器人大会侧记

光明日报记者 崔兴毅 光明日报通讯员 曹越

做手术、拧瓶盖、消毒巡检……如今，这些精细工作都可由机器人完成。",https://m.gmw.cn/baijia/2021-09/13/35157947.html
模型拼搭、编程创作……在清华大学深圳研究生探索机器人奥秘,百度新闻,2019-10-21,新闻,"合作,福祉,向善,自主,开放,共享",讯得达国际书院的23名学生和5名教师参加了清华大学深圳研究生院举行的第六期“科学实践小学堂”活动，本次小学堂主题为“机器人的奥秘”，由清华大学深圳研究生院培养处实验实践教学中心主办，采用小项目、小学堂的形式，让书院学子亲身体验科学前沿性和实用性，感受科技的力量。,https://baijiahao.baidu.com/s?id=1647968617707782648&wfr=spider&for=pc
正片来了！五期「AI大咖说」第一期探秘清华大学AI&机器人实验室,百度新闻,2021-12-28,新闻,"合作,共享,内部安全,外部安全","生活超智慧 AI超简单

新华社客户端联合优必选科技出品

机器人大讲堂友情支持的

「AI大咖说」第一期来了！

带大家探秘清华大学的AI&机器人实验室

对话3位AI&机器人大咖

▍Part1:赵明国教授

机器人踢足球的背后，究竟有何“天机”?


2003年，赵明国教授加入清华自动化系

并投身于仿人机器人步态控制及无人驾驶自行车的研究中

在这两个相通又有所区分的领域

赵教授的成果都十分瞩目

进入赵教授的实验室

首先会被机器人墙上一字排开的机器人给惊艳到

从小型到大型，它们也越来越像人


实际上，由于人形机器人的自由度最多也最复杂

所以未解决的问题也最多

因而被公认为AI机器人领域中最难的一块

赵教授也坦言

未来的几十年还需要持续的投入研究，解决难题

而与此同时，在2019年8月

赵明国教授所在的清华大学类脑计算研究中心

在全球最悠久且最有名望之的科学杂志之一

《自然》（Nature）期刊上发表了封面文章

公布其类脑计算芯片“天机芯”的研究成果

由一枚“天机芯”芯片驱动的无人驾驶自行车

也随之火爆网络


历经七年打磨的天机芯片

其最大特点是兼容多种神经网络同时运行

包括神经模态脉冲神经网络

卷积神经网络和循环神经网络等

而天机芯片所驱动的无人驾驶自行车也是

第一个用异构芯片来完成整个自行车控制的通用人工智能的研究装置


可以想象未来某天

有人形机器人为我们提供服务

有自动行驶的自行车带我们绿色出行

让人工智能更好地为人们的生活提供便利

▍Part2:邓志东教授

无人驾驶将向你驶来,“老司机”还敢开车吗?

在邓教授看来

无人驾驶将颠覆汽车制造这一百年产业

同时也将大大改变人们的生活

他认为

无人驾驶汽车要解决的根本问题是安全问题

多安全才算真正的安全？

教授表示

无人驾驶的目标识别率需要达到6个9

即99.",https://baijiahao.baidu.com/s?id=1720402513022652008&wfr=spider&for=pc
求真务实 捷通华声支持“清华人工智能论坛”成功举办,极客网,2016-06-08,新闻,"开放,共享,可持续,合作,以人为本",灵云科技6月8日消息：2016年6月6日，清华人工智能论坛在清华园成功举办，本届论坛以清华大学在人工智能领域强大的学术、产业实力与客观务实、创新进取的风貌在人工智能界引起轰动。,https://www.fromgeek.com/latest/36496.html
江北新区携手华为！看人工智能的“南京模式”,百度新闻,2021-12-31,新闻,"合作,开放,共享,可持续",12月29日，江苏昇腾人工智能生态大会在江北新区举行。,https://baijiahao.baidu.com/s?id=1720651923895648386&wfr=spider&for=pc
海通证券入资捷通华声，全力支持灵云人工智能产业发展,大众生活网,2017-03-31,新闻,"内部安全,外部安全,合作,开放,共享",近年来，伴随着AI技术的快速进步，捷通华声灵云人工智能技术与产业化应用取得了突飞猛进的发展。,http://www.dzshbw.com/news/2017/shangye_0331/46110.html
深圳市人工智能与机器人研究院依托港中大（深圳）开创全新发展模式,qq新闻,2021-03-27,新闻,"合作,开放,共享",作为咱们深圳市政府设立的十大基础研究机构之一，深圳市人工智能与机器人研究院依托香港中文大学（深圳），联合多个世界顶级研究机构，通过中外科学院院士和顶级专家们组成顾问、学术和产业委员会，重点开展了人工智能与机器人的基础、共性、关键技术研究。,https://new.qq.com/omn/20210327/20210327A01OD200.html
深度森林背后的AI生态 这个IPCC为何与众不同？,云计算,2018-09-28,新闻,"可持续,合作,开放,共享",1968年，英特尔由两位科学家罗伯特·诺伊斯和戈登·摩尔创立，1978年，南京大学计算机学科正式建系，看似10年之隔的二者却在近日碰撞出了火花。,https://cloud.zol.com.cn/699/6993752.html
清华大学人工智能研究院发布了清华大学知识计算开放平台,搜狐新闻,2021-11-30,新闻,"内部安全,外部安全,合作,开放,共享",新华社北京1月21日电清华大学人工智能研究院21日宣布成立知识智能研究中心，发布了清华大学知识计算开放平台，旨在进一步推动中国人工智能领域的基础理论探究。,http://news.sohu.com/a/504524003_120099902
清华大学智能无人系统研究中心成功举办“疫情中的智能无人系统与生物信息学”论坛,清华大学智能服务系统研究中心,2022-04-18,新闻,"福祉,普惠,向善,内部安全,外部安全,合作,开放,共享",4月18日上午，为迎接清华大学建校110周年校庆，清华大学智能无人系统研究中心在清华大学中央主楼以线上线下相结合的方式举办了“疫情中的智能无人系统与生物信息学”学术前沿论坛暨产学研合作会议。,https://www.au.tsinghua.edu.cn/info/1133/2521.htm
清深20｜清华SIGS-普渡“智能服务机器人联合研究中心”揭牌仪式举行,163,2021-12-16,新闻,"自主,友好,和谐,合作,开放,共享",12月9日，清华SIGS-普渡“智能服务机器人技术联合研究中心”揭牌仪式在深圳市普渡科技有限公司（下称“普渡科技”）举行。,https://www.163.com/dy/article/GRA1SG6605169CDN.html
灵云智能OCR平台 促进人工智能产业发展,大众网,2016-04-12,新闻,"内部安全,外部安全,合作,开放,共享",导读：捷通华声为满足人工智能技术爆发性应用需求，推出了灵云全方位人工智能开放平台的私有云版本—灵云全智能能力平台，携手系统集成商、解决方案提供商、软件开发商共同推动各项人工智能技术在各领域、行业中的广泛应用。,http://elec.dzwww.com/qydt/201604/t20160412_14133903.htm
看西安交大孵化的优艾智合如何解决锂电制造产线AGV的应用难题,百度新闻,2022-04-19,新闻,"自主,内部安全,外部安全,友好,和谐",近年来，在“3060”双碳目标的牵引下，动力电池市场规模成几何级增长。,https://baijiahao.baidu.com/s?id=1730500898365080770&wfr=spider&for=pc
科技赋能 智领未来山东大学—乐陵人工智能研究院揭牌成立,山东大学人工智能研究中心,2022-07-28,新闻,"合作,开放,共享,可持续,以人为本",7月26日，山东大学、山东省人工智能学会、乐陵市人民政府在乐陵签署合作协议，共建“山东大学—乐陵人工智能研究院”。,http://finance.sdchina.com/show/4723269.html
网络热议的“上网行为管理软件”：管理利器还是窥私工具？,百度新闻,2022-02-18,新闻,"以人为本,责任,尊重,人权,权益,道德",近日，关于知乎裁员的消息在网上流出，随后有网友指知乎安装了“行为感知系统”，可以监控员工上网行为，以此分析员工是否有离职倾向。,https://baijiahao.baidu.com/s?id=1725108272757442308&wfr=spider&for=pc
"聚焦中国算力大会,昇腾AI、鲲鹏共筑多样性算力生态",上海人工智能研究院,2022-07-28,新闻,"可持续,可信,自主,合作,开放,共享",数字经济时代，算力就是生产力。,https://www.cet.com.cn/xwsd/3214842.shtml
腾讯与南方科技大学将成立“人工智能+”联合研究团队,百度新闻,2021-09-15,新闻,"合作,开放,共享,可持续,责任,以人为本",9月13日，南方科技大学与腾讯联合宣布双方由项目制合作升级为战略合作关系，双方共建的“校企合作基地”正式揭牌。,https://baijiahao.baidu.com/s?id=1710966017126917508&wfr=spider&for=pc
自助核酸采样机、采样机器人上线,深圳新闻网,2022-07-17,新闻,"内部安全,外部安全,合作,开放,共享",读特客户端·深圳新闻网2022年7月17日讯（深圳晚报记者 周倩）在常态化疫情防控下，核酸检测已经成为我们日常生活、工作、出行的“刚需”。,https://www.sznews.com/news/content/2022-07/17/content_25253162.htm
英特尔与南大成立联合AI实验室：看“深度森林”与“一片多核”的摩拳擦掌,百度新闻,2018-09-21,新闻,"开放,共享,合作,以人为本",至顶网个人商用频道 09月21日 北京消息（文/黄当当）：1958年9月12日，世界上第一个集成电路研制成功。,https://baijiahao.baidu.com/s?id=1612225007379573017&wfr=spider&for=pc
触手可及的攀登阶梯青少年学习人工智能进入快车道,新华网,2022-07-27,新闻,"可持续,以人为本,内部安全,外部安全",近年来，人工智能领域炙手可热，各所名牌大学也响应国家战略，纷纷开设人工智能相关专业。,http://www.xinhuanet.com/tech/20220727/b6afd5f5cfbb4fd98e7b4260ec5a4832/c.html
访谈捷通华声灵云 展望中国人工智能产业,新浪新闻,2016-01-14,新闻,"人权,权益,尊重,合作,开放,共享",人工智能、大数据、云计算已在世界范围内，成为继互联网、移动互联网之后的三大新热点。,https://news.sina.com.cn/o/2016-01-14/doc-ifxnrahr8273823.shtml
这家机构的影子，渗透了中国科技的半壁江山,163,2022-04-11,新闻,"自主,内部安全,外部安全,责任",自从俄乌冲突开始以来，最开心的就要属美国的军工巨头了。,https://www.163.com/dy/article/H4N3J3V70511BCOA.html
重庆大学教授王林：有“核”有“心” 科学城“头脑”描绘未来城市,百度新闻,2022-07-07,新闻,"可持续,可信,自主,合作",西部(重庆)科学城自2020年9月全面启动建设起来，正以重庆高新区为核心，加速汇聚科创力量。,https://baijiahao.baidu.com/s?id=1737667990935420387&wfr=spider&for=pc
重庆财经丨机器人助教来帮忙，首届中国人工智能启蒙与科普公益行活动走进重庆,百度新闻,2021-12-16,新闻,"自主,责任,合作","“小朋友，有什么需要帮助的吗？”

“小朋友，作业完成了吗。”

课堂上，提问和检查作业的不是老师，而是机器人，是不是很有趣？",https://baijiahao.baidu.com/s?id=1719307255038521446&wfr=spider&for=pc
铸正机器人：26年匠心不改，只为打造顶尖骨科机器人,百度新闻,2022-06-10,新闻,"自主,内部安全,外部安全",9490天，即将破万的一个数字，意味着胡磊教授踏入医疗机器人领域已近26年。,https://baijiahao.baidu.com/s?id=1735233446633463920&wfr=spider&for=pc
院士任首席科学家！这所高校研制防疫机器人，直接捐赠医院使用,百度新闻,2021-12-22,新闻,"自主,以人为本,友好,和谐",制造业是国民经济的主体，是立国之本、兴国之器、强国之基。,https://baijiahao.baidu.com/s?id=1719850012351300850&wfr=spider&for=pc
霍建文：“罗斯·图灵科技”异构多机器人灾害信息的多维空间感知技术,神州华人,2022-06-09,新闻,"自主,道德,以人为本,福祉,向善",“（我想）在出现这样的事故时，为什么要去借用别人的机器人？其实我们国家也有解决这方面问题的能力。,http://www.chisa.edu.cn/people/202205/t20220523_2110871836.html
2022全球数字经济大会成功举办,环球网,2022-08-04,新闻,"人权,权益,向善,福祉,内部安全,外部安全","7月28日至30日,2022全球数字经济大会在北京国家会议中心举行。",https://lx.huanqiu.com/article/496YKNQuv3z
2022全球数字经济大会数字经济标准化分论坛在北京召开,cena,2022-08-01,案例,"人权,权益,向善,福祉,内部安全,外部安全",7月30日，“2022全球数字经济大会数字经济标准化分论坛”在北京召开。,http://www.cena.com.cn/ia/20220801/117082.html
2022年全国工业互联网安全深度行（河南站）举办 将进一步健全工业互联网安保体系,qq新闻,2022-07-30,新闻,"福祉,向善,人权,权益,责任,内部安全,外部安全,开放,共享,合作",7月28日，2022年全国工业互联网安全深度行（河南站）活动在鹤壁市成功举办。,https://new.qq.com/omn/20220730/20220730A03G7900.html
“2022智源大会-人工智能伦理、治理与可持续发展论坛”成功举办,百度新闻,2022-06-02,案例,"向善,自主,公平,公正,正义,内部安全,外部安全,可信,合作",6月1日，由清华大学人工智能国际治理研究院（I-AIIG）和人工智能治理研究中心（北京人文社会科学研究中心）承办的2022智源大会-人工智能伦理、治理与可持续发展论坛在线上成功举办。,https://baijiahao.baidu.com/s?id=1734493605375121711&wfr=spider&for=pc
“数字文明是人类文明发展的新阶段”林左鸣在2022年全球数字经济大会互联网3.0峰会发言,qq新闻,2022-07-29,案例,"合作,开放,共享,可持续,友好",7月28日，2022全球数字经济大会互联网3.0峰会在京举行。,https://view.inews.qq.com/a/20220729A075KS00
「关注」陈定定：人工智能改变了战争的本质,百度新闻,2019-10-25,案例,"向善,福祉,人权,权益,和平",人工智能对战争有四方面的影响：首先，人工智能改变战争的本质；其次，人工智能改变战争的手段；再者，人工智能改变战争的结果；最后，人工智能改变战争的规则。,https://baijiahao.baidu.com/s?id=1648365110993581807&wfr=spider&for=pc
「资讯」NIST提出“可解释的AI”四项原则,百度新闻,2020-08-26,新闻,"人权,权益,向善,福祉,内部安全,外部安全",Meritalk网站8月18日消息，美国国家标准技术研究院（NIST）提出了四项原则，以确定AI所做决定的“可解释”程度。,https://baijiahao.baidu.com/s?id=1676028323005222682&wfr=spider&for=pc
三星在纽约开设第六家人工智能研究中心,百度新闻,2018-09-10,案例,"自主,包容,合作,和平,可持续",继韩国、美国(硅谷)、英国、加拿大和俄罗斯之后，三星在纽约市开设了第六家人工智能研究中心。,https://baijiahao.baidu.com/s?id=1611366203276642383&wfr=spider&for=pc
三星提拔顶尖人工智能专家领导其研究部门，增强人工智能领域竞争力,百度新闻,2020-06-24,新闻,"自主,透明,隐私,开放,共享",集微网消息（文/Jimmy），ZDnet报道，三星提拔一名关键的人工智能专家来领导其研究部门。,https://baijiahao.baidu.com/s?id=1670358990295468804&wfr=spider&for=pc
业内首个，腾讯AI Lab「云深」平台开源药物AI大型分布外研究框架,百度新闻,2022-04-02,案例,"自主,福祉,以人为本,开放,共享","腾讯AI Lab

提供大规模、全面的药物 AI 泛化数据集，覆盖 AI 药物辅助设计任务中发生分布偏移的各类场景。",https://baijiahao.baidu.com/s?id=1728990481815045100&wfr=spider&for=pc
中国人工智能医疗白皮书,qq新闻,2022-07-15,新闻,"福祉,向善,人权,权益,责任隐私,人权,权益,内部安全,外部安全,开放,共享","上海交通大学人工智能研究院，
联合上海市卫生和健康发展研究中心、
上海交通大学医学院发布了《人工智能医疗白皮书》。",https://xw.qq.com/cmsid/20220715A00WMO00
中国人工智能发展报告发布:企业的知识生产能力亟待提升,百度新闻,2018-07-13,案例,"合作,开放,共享,可持续,友好",7月13日，《中国人工智能发展报告2018》在清华大学主楼接待厅发布。,https://baijiahao.baidu.com/s?id=1605866550058212897&wfr=spider&for=pc
中电金信加入中国人工智能产业发展联盟（AIIA）并任理事单位,prnasia,2021-09-30,新闻,"合作,开放,共享,可持续,友好",北京2021年9月30日 /美通社/ -- 近期，中电金信正式加入中国人工智能产业发展联盟（以下简称：AIIA联盟），并出任理事单位，与百度、阿里、腾讯、清华、浙大、科大讯飞、航天科工集团等联盟成员单位共同推动人工智能产业的发展。,https://www.prnasia.com/story/334990-1.shtml
中科人工智能创新技术研究院：打造科技创新标杆企业平台,qq新闻,2020-01-08,新闻,"人权,权益,向善,福祉,内部安全,外部安全,合作",落户上合示范区的中科人工智能创新技术研究院充分发挥在人工智能领域的优势资源，为入驻企业及高端人才，提供孵化空间打造和技术服务支持，为我市高新技术产业发展提供技术支撑，成为推动我市高质量发展的科技创新高地。,https://new.qq.com/omn/20200118/20200118A0CZC100.html
为了搞懂AI的「脑回路」，腾讯走出了重要的一步,百度新闻,2022-01-17,案例,"向善,公平,公正,正义,透明,隐私,内部安全,外部安全,可信",2020 年 6 月，杜克大学一项发表在 AI 顶会 CVPR 的研究曾经引发人们的讨论热潮。,https://baijiahao.baidu.com/s?id=1722197644466834360&wfr=spider&for=pc
亚太人工智能学会（AAIA）2022武汉人工智能高峰论坛在武汉科技大学顺利举行,qq新闻,2022-06-13,案例,"平等,尊重,合作",6月11日，亚太人工智能学会（AAIA）武汉分会揭牌仪式暨2022武汉人工智能高峰论坛在武汉科技大学青山校区人工智能学院报告厅举行。,https://view.inews.qq.com/a/20220613A06IEV00
人与AI终极之战 YY直播上演全球首场麻将版人机大战,百度新闻,2021-01-28,新闻,"自主,开放,可持续,包容",继AlphaGo与柯洁的经典大战后，又一场“人机大战”精彩上演。,https://baijiahao.baidu.com/s?id=1690116835609170897&wfr=spider&for=pc
人工智能伦理：有原则不等于能治理,百度新闻,2022-06-01,新闻,"自主,透明,隐私,责任,隐私,人权,权益,内部安全,外部安全,开放,共享",由人民智库与旷视人工智能治理研究院发布的“2021年度全球十大人工智能治理事件”中，数据、算法、伦理是核心关键词。,https://baijiahao.baidu.com/s?id=1734415369999708703&wfr=spider&for=pc
人才观：科技创新将成为推动龙岗高质量发展的核心引擎,163,2021-11-08,新闻,"自主,开放,共享,合作","提到龙岗，最容易想到的词是什么？是产业大区？工业强区？还是人口大区？

是的，这些都是外界给龙岗贴上的标签。",https://www.163.com/dy/article/GOA7COML05129QAF.html
全球最先进量子芯片诞生，系阿里达摩院自主研发,163,2022-08-05,新闻,"自主,开放,共享,可持续,向善",芯片的发展突飞猛进，芯片的进步日新月异，转眼之间，在正常的芯片先进制程赛道上，即将就要迎来摩尔定律极限的终点。,https://www.163.com/dy/article/HDVHQ9LH0543ONQZ.html
全球未来科技创新合作大会在北京成功举办,中国网,2022-07-30,案例,"合作,可持续,开放,共享,合作,和平",中国网讯 （记者 吴琼静）7月29日，全球未来科技创新合作大会在北京举行。,http://news.china.com.cn/2022-07/30/content_78348918.htm
决策智能与计算创新平台实施方案论证会在宁举行,百度新闻,2022-07-13,新闻,"合作,开放,共享,可持续",扬子晚报网 7月13日讯（记者 姜婧仪 通讯员 许胜）近日，由中国科学院自动化研究所、麒麟科创园管委会主办，中科南京人工智能创新研究院承办的“决策智能与计算创新平台重大科技基础设施实施方案论证会”在南京召开。,https://baijiahao.baidu.com/s?id=1738245168460612202&wfr=spider&for=pc
创新道路，阿里巴巴达摩院科学家要使用氟量子比特制造量子处理器,百度新闻,2022-07-28,新闻,"可持续,可信,自主,开放,共享",我们知道，量子计算机是一种利用量子现象进行计算的设备，最终可以比经典计算机更快、更有效地解决复杂的计算问题，这些设备通常基于称为量子位的基本信息单元。,https://baijiahao.baidu.com/s?id=1739612225038130128&wfr=spider&for=pc
北京人工智能产业联盟专家顾问委员会成立，助力建设全球领先AI策源地,环球网,2022-07-29,新闻,"自主,合作,开放,共享",7月28日，在2022全球数字经济大会人工智能驱动未来产业论坛上，北京人工智能产业联盟专家顾问委员会正式揭牌，凝聚学术界和产业界的专家智慧，聚焦人工智能在引领未来产业创新中的关键作用，进一步为北京人工智能产业高质量发展提供助力。,https://tech.huanqiu.com/article/491EdBg7xba
北京石油化工学院成立人工智能研究院,光明网,2020-07-28,案例,"人权,权益,向善,福祉,内部安全,外部安全",【北京石油化工学院成立人工智能研究院】7月25日上午，北京石油化工学院人工智能研究院成立大会在该校致远讲堂举行。,https://m.gmw.cn/baijia/2020-07/28/1301405595.html
北大成立人工智能研究院，中科院院士黄如担任院长,百度新闻,2019-04-30,案例,"自主,合作,开放,共享",【新智元导读】北大成立人工智能研究院，中国科学院院士黄如担任人工智能研究院首任院长。,https://baijiahao.baidu.com/s?id=1632227984062523328&wfr=spider&for=pc
华为AI产业生态有了上海合作伙伴，双方签署全面合作协议,百度新闻,2022-07-13,案例,"合作,开放,共享,可持续,友好",上海人工智能研究院昨天与华为技术有限公司签署全面合作协议，共同构建昇腾ai产业生态，推动全国领先的人工智能技术融合。,https://export.shobserver.com/baijiahao/html/507252.html
国家工业信息安全发展研究中心发布《2022年数字经济形势研判》,163,2022-08-04,案例,"人权,权益,向善,福祉,内部安全,外部安全,开放,共享,合作",7月29日，2022年全球数字经济大会“基础软件创新发展论坛”在北京举办。,https://www.163.com/dy/article/HDU7OPK205346KF7.html
大咖云集！ IEEE x ATEC 科技思享会邀您畅谈网络欺诈的风险与对抗,myzaker,2022-06-20,新闻,"隐私,人权,权益,内部安全,外部安全,开放,共享,合作",仲夏至此始，未来皆可期。,http://www.myzaker.com/article/62b031f7b15ec00ef274c3d3
如何高效、精准地进行图片搜索？看看轻量化视觉预训练模型,新浪新闻,2022-07-31,新闻,"合作,开放,共享,可持续,友好","你是否有过图像检索的烦恼？

　　或是难以在海量化的图像中准确地找到所需图像，或是在基于文本的检索中得到差强人意的结果。",http://k.sina.com.cn/article_1494921451_591ab0eb019012kqa.html
安徽：以人工智能、集成电路等为重点，着力布局培育一批新兴交叉学科,百度新闻,2022-07-20,新闻,"自主,内部安全,外部安全",集微网消息，7月18日，安徽省人民政府发布《深化高校学科专业结构改革服务产业创新发展实施方案（2022—2025年）》（以下简称《实施方案》），提出到2025年，高校层次类型结构日趋合理，与经济社会发展匹配度显著增强。,https://baijiahao.baidu.com/s?id=1738861069193536018&wfr=spider&for=pc
小水智能联合华中科技大学组队 领先挺进2022 BCI脑控机器人大赛决赛,百度新闻,2022-07-12,新闻,"内部安全,外部安全,开放,共享,合作",8月18日，2022世界机器人大会将在北京亦庄举行。,https://baijiahao.baidu.com/s?id=1738110246619126741&wfr=spider&for=pc
广州深入打造“1+4+4+N”战略创新平台体系,163,2020-10-13,新闻,"自主,合作,开放,共享,可持续","全球创新指数（GII）连续四年跃升

近日，世界知识产权组织（WIPO）、美国康奈尔大学、欧洲工商管理学院重磅发布《2020年全球创新指数（GII）报告》，中国保持全球创新指数榜单第14位，17个科技集群进入世界百强，数量仅次于美国的25个。",https://www.163.com/dy/article/FOPPEQDN0530LRED.html
微软亚洲研究院发布高性能MoE库Tutel,百度新闻,2021-11-27,新闻,"合作,开放,共享,可持续,友好",IT之家 11 月 27 日消息，据微软亚洲研究院发布，作为目前唯一被证明能够将深度学习模型扩展到万亿以上参数的方法，MoE 能让模型学习更多信息，并为计算机视觉、语音识别、自然语言处理和机器翻译系统等提供支持。,https://baijiahao.baidu.com/s?id=1717587703134773524&wfr=spider&for=pc
搭平台促集群化发展 安徽人工智能产业领先一个“声”位,安徽新闻网,2022-07-22,案例,"公平,公正,正义,开放,共享,合作","人们在“中国声谷”体验中心内参观新华社发（周牧摄）



参观者在“中国声谷”体验中心体验一款VR设备。",http://ah.anhuinews.com/meiti/kah/kj/202207/t20220722_6184715.html
攻坚“大模型”，旷视寻技术体系“统一”之道,百度新闻,2022-07-29,新闻,"福祉,向善,人权,权益,责任,开放,共享",在于日前落下帷幕的2022旷视技术开放日（MegTech 2022）活动上，旷视联合创始人、CEO印奇表示，“2+1”的AIoT核心技术科研体系，是支撑旷视未来不断走向AIoT商业化成功的重要基石。,https://baijiahao.baidu.com/s?id=1739679622609760970&wfr=spider&for=pc
旷视CEO印奇：AIoT是核心战略 未来继续加大投入,东方财富网,2022-07-20,新闻,"以人为本,福祉,向善,合作,开放,共享,普惠",AIoT(智能物联网)被视为互联网发展的下一次浪潮，正吸引越来越多企业加速布局。,https://finance.eastmoney.com/a/202207202456272577.html
百度研究院再入两位世界级科学家，AI技术殿堂吸引大师级人才,百度新闻,2019-09-24,新闻,"自主,开放,共享",科技巨头对AI顶尖人才的争夺正在继续，已经凝聚大量尖端AI人才的百度，从未放缓招揽全球顶尖AI科学家的步伐。,https://baijiahao.baidu.com/s?id=1645569407595007676&wfr=spider&for=pc
百度研究院引入三位科学家 新增两个实验室,百度新闻,2018-01-19,案例,"合作,开放,共享,可持续,友好",百度研究院今日在硅谷召开全员大会，宣布设立商业智能实验室（Business Intelligence Lab，BIL）和机器人与自动驾驶实验室（Robotics and Autonomous Driving Lab，RAL）。,https://baijiahao.baidu.com/s?id=1590023354333775586&wfr=spider&for=pc
腾讯云小微、腾讯研究院和创业黑马推动产业研究，发布“数字人发展十大趋势”,ycwb,2022-08-03,新闻,"人权,权益,向善,福祉,内部安全,外部安全,合作",7月31日，为更好地探索数字人发展方向及落地应用，2022全球数字经济大会暨互联网3.0峰会数字人生态发展论坛在北京召开。,https://news.ycwb.com/2022-08/03/content_40957650.htm
腾讯发布全新智慧高速解决方案、数字人发展十大趋势｜每周10讯,qq新闻,2022-08-01,案例,"福祉,向善,人权,权益,责任,内部安全,外部安全,合作","10 讯 第 142期
本周，腾讯发布了一系列新计划。",https://view.inews.qq.com/a/20220801A02UND00
自动化所等七家机构联合发布《面向气候行动的人工智能原则》,搜狐新闻,2022-04-28,新闻,"公平,公正,正义,尊重,隐私,人权,权益,合作","解锁更多智能之美

4月26日，在“人工智能助力气候变化应对”国际学术研讨会上，中国科学院自动化研究所人工智能伦理与治理研究中心主任、清华大学人工智能国际治理研究院首席科学家曾毅发布了《面向气候行动的人工智能原则》（以下简称《原则》）。",http://news.sohu.com/a/542178364_121207965
跨越时空的研讨互动 共探人工智能的未来,中国金融网,2020-12-02,案例,"透明,隐私,责任,内部安全,外部安全,开放,共享,合作",2020年11月26日至28日，“构筑人工智能的未来：政策困境与对策”调研与研讨活动在广州成功举办。,http://finance.china.com.cn/roll/20201202/5444793.shtml
2022年提升全民数字素养与技能工作要点,新浪财经,2022-04-01,新闻,"以人为本,权益,平等,公平,普惠,公正,人权,和谐",近日，中央网信办、教育部、工业和信息化部、人力资源社会保障部联合印发《2022年提升全民数字素养与技能工作要点》（以下简称《工作要点》）。通知要求，要坚持 新时代中国特色社会主义思想为指导，以满足人民日益增长的美好生活需要、促进人的全面发展和全体人民共同富裕为根本目的，坚持目标导向、问题导向、结果导向，多措并举提升全民数字素养与技能，以优异成绩迎接党的二十大胜利召开。,https://finance.sina.com.cn/china/2022-03-02/doc-imcwipih6139246.shtml
"AI绘画来了,不必感到忧心忡忡",光明网,2022-10-19,新闻,"以人为本,权益,平等,公平,普惠,自主,共享",AI机器人先后击败了人类顶尖的围棋选手、电竞冠军、扑克牌选手，如今又瞄上了画师。张择端用了1年时间绘就了传世名画《清明上河图》，达•芬奇创作《蒙娜丽莎》大约花了3年。如今在键盘简单敲下几个词语，十几秒后，就能得到一幅AI绘画作品。,https://www.so.com/link?m=bIjWNVRSyjB5ghCfo7hLXvwJKwtiCBaN4jKPTxA8rN0xLaY%2F8kCl0Q65xImd%2FlMQzd8AX3nkM3NKp6dMtiJlQRcU4MhbRyJEunVL%2BBMac8IBdZ3yF%2B%2BLPtcts96g314K8lt51Zv5I8cvFQAtPYvdchPJSg5eXbxjkNrlEB%2B8NaFNXcqdsNPeXrZPmRy5Lx2bVvjA0tXbgCROahYYLHqz07HuS%2FB50kozl3%2F23GgoXBun2q6iZb%2BpkBKqJXi8wzX%2FiFpBDURujPnGT1MniDspeeeyggf04w9xN4P7KqZrcj8CMJbDIx%2B3jIRH4i4BqXeqvHbn2MNFtmXGU4BIR
“2021年度全球十大人工智能治理事件”：数据、算法、伦理受关注，AI发展需治理同行,搜狐网,2022-01-20,新闻,"以人为本,权益,平等,公平,普惠,内部安全,外部安全,公正",近年来，我国人工智能产业进入快速发展阶段。相关数据预测，2020年国内人工智能产业规模为3031亿元人民币，同比增长15.1%，占据全球整体AI产业规模约35%，且增长速度超过全球平均增长速度。,http://news.sohu.com/a/517996358_121255906
“人工智能+教育”应融入伦理道德课,文汇报,2019-09-17,新闻,"以人为本,权益,平等,公平,普惠,公正,人权,和谐,责任,透明",2019世界人工智能大会闭幕了，众多高端论坛中，有一个小细节令人印象深刻。在开幕当天的“教育行业主题论坛”上，上海市教育部门联合科大讯飞等16家企业，现场签署了一份《人工智能助力教育健康发展倡议书》，呼吁各方共同建立起“人工智能+教育”的行为规范。10条简单的倡议内容，既反映出政府和企业对绿色用网、建设教育新生态的重视和期待，也带出了人工智能热背后的“伦理道德冷思考”。,https://theory.gmw.cn/2019-09/17/content_33164324.htm
“新中国70年湖南伦理学的发展”座谈会暨常务理事会在中南大学召开,红网,2019-07-02,新闻,"以人为本,权益,平等,公平,普惠",20余名专家学者聚焦“新中国70年湖南伦理学的发展”这一主题，展开深入的交流与讨论。,https://www.so.com/link?m=bCBkg%2F0CarYpIfy6R7C32N2B3SHK85lLXUZhAzUAxbG%2BfChj3KWwQftoxiGEbeJpJDGzrKaEmjt4%2Bj6ZLKIF4%2Fa8OWAuyDhxz1fJ9pHgbfH48qncYnk28uhgckWL%2FJn3CrRtpyZxhxF%2BYYeY%2BmCq83ZAfg8biIJDXyPRIgZABfndC3RQAqf660RzBZyy81QQF%2BkO9iKfQyWqcx6lRQCe%2BNhwN5PBQmRRuJWPJvtrc9cBTOYhjn6c%2FaNhO8GTads%2By1Ye%2Bwko%2F6OrnwKu%2B0pp8WQJbQYr%2F6ax51OxpNM0Q6Z7iYpOG5Gjcr0SHwM1BxIE113JKGdp8DPK%2FKFYu7g3TKw%3D%3D
“深度合成”技术应用呼唤包容审慎、分类监管,搜狐网,2020-09-25,新闻,"以人为本,权益,平等,公平,普惠,自主,共享",2017年11月，“深度合成”（deep synthesis）首次走进大众视野。在过去两年多的争议中，该技术逐渐趋于成熟，并在2020年迎来了商业化应用元年。,https://www.so.com/link?m=bJEj76ca7nFd0kA6JrkMIoEZrAZXZyQu%2BpCdvUFTOcMWM2d%2FGBYBIo4j%2FiT4cCp9AD4rzbve0CI1BCqf4klzN3J%2B8LL0En19ZNFmIsnh7WtF0NUwsfJwH%2FzLxW6JK%2B%2B9sQPxJ799pCBHwT3xRxaOdqnDNQdNBTTT3jMb8vRPEI200lkDS4MtwFK4C7lrdoIwyCS1k7L7i9vS2e6YosynKCGJBRv%2Bwyty6BtOlNTOJOp4RnowAmTb2n8n8RdlEpJBqkebN8%2FfDZSDKdlWyQpD%2FNbGoPsZUQfu3UnmZX85A0YQLcyh303zNdd9AWuI%3D
《探路智慧社会:人工智能赋能社会治理》新书发布会举行,中国网,2021-04-29,新闻,"以人为本,权益,平等,公平,普惠,公正,人权,隐私",中国网讯 2021年4月26日，在第四届数字中国建设峰会的核心分论坛：人工智能分论坛“以智图治—人工智能赋能社会治理”上，发布了由中国科学技术出版社出版的人工智能与社会治理最新研究成果《探路智慧社会：人工智能赋能社会治理》一书。,https://www.so.com/link?m=bxEpp831aMK%2Bm7pYvEnEu349fwxCwuYW75yUB79XCD5ciA%2FjOvlNwI%2BMrLiuEhbpBJBtSzuNwbpJFF0VfDg50zqWEciE9j0PoAJUFDqEYxa7x%2F%2FWvdS%2BI9Pkkg%2B8%2BPT%2BIFYo0lZYa%2FIcKPLi59xdlhN5P9xVMKLj%2Fwkqi3fVlItvjVaR9VG%2Fj44K2vYzpAF%2FTY%2BeOJ5Oz81OpP%2BgM0j%2FMgl4fZIadww%2F8dfYicjDwPNF5E%2Fp2M%2BVGP9La7b6W3It1dQHmFQJgnn8VUGkxF0tb3rslUs%2BYHOudJygAqwcNG9kULpoK3ZkfZL41UCSmg0uBvDm3QbdznqYAKTCsJEjqSg%3D%3D
【自动驾驶】全球自动驾驶规模化落地难？运营服务有望提供新解决方案,人工智能产业链union,2022-12-23,新闻,"以人为本,权益,普惠,内部安全,外部安全,隐私","即便已经发展多年，如今的自动驾驶行业仍充满挑战。
但挑战的重心已经悄然发生转变。随着数据的多年积累和算法的不断迭代，自动驾驶行业的竞争逐渐从早期的技术能力转移到商业化落地阶段，相关玩家们的差距也逐渐拉开。
今年10月，曾经估值一度高达70亿美元的自动驾驶明星企业Argo AI官宣倒闭，引发行业强烈震动。不少投资者对该领域产生质疑：自动驾驶是否还有未来？实际上，与一贯只追求高技术能力的Argo AI相反，注重实际落地运营的Waymo等企业正在持续创造价值。目前，Alphabet旗下Waymo正在努力将Robotaxi业务扩展到洛杉矶，通用旗下Cruise也在凤凰城和奥斯汀开启新的业务。",https://mp.weixin.qq.com/s/F5TsVc0ohTZLoIatTfli4g
【自动驾驶】平均交付准确率99%以上！又一大厂进军自动驾驶AI数据服务，教AI学会人类标注能力,人工智能产业链union,2022-12-30,新闻,"以人为本,权益,平等,公平,普惠,公正",如今自动驾驶成为了人工智能领域最受关注、最具挑战和影响力最为广泛的产业方向，是推动全球汽车工业变革最重要的科技力量。,https://mp.weixin.qq.com/s/8W14Wu59UvJLdSiopVc6tw
丁明磊 | 高水平科技伦理治理：现实意义与总体思路,人民智库,2022-04-26,新闻,"以人为本,权益,平等,公平,普惠,公正,人权,和谐",高水平科技伦理治理是科技高质量发展的应有之义和必然要求。党的十八大以来，我国科技事业发生了历史性、整体性、格局性重大变化，在科技重点领域加速赶超，一些前沿方向开始进入并行、引领阶段，需要前瞻研判科技发展带来的规则冲突、社会风险、伦理挑战，这对我国的科技伦理治理也提出了新的更高要求。中国科学技术发展战略研究院丁明磊研究员在《国家治理》周刊撰文，在对新时期科技伦理治理面临形势和需求研究的基础上，分析了我国科技伦理治理存在的挑战以及应避免的误区，提出了围绕“科技向善”系统性推进科技伦理治理的思路、重点和五方面建议。,https://www.163.com/dy/article/H5T6B9KL0514AE01.html
与时俱进发展新兴学科,搜狐网,2021-03-01,新闻,"以人为本,权益,平等,公平,普惠,自主,共享,隐私",21世纪以来，随着科技进步和经济社会的快速发展，社会分工日益精细，社会需求日趋多元，对学科建设提出了更高的要求。以传统学科为基础，积极适应经济社会发展需求，加快发展具有重要现实意义的新兴学科成为学界关注的热点。,https://www.so.com/link?m=bN5bcriEHqCW39Jb71H0G9zTLHHn5JiktMBk8wlhgxZ%2FNeDTEBjuSazh1%2BGX%2BZAu0ZsG6HQ37IGG%2BLabmmJM3X9qXlhZxs5QwkZAiJHrnSbYr3tRowvZJCw2vFrq710iaxMBBwjfTiCrT6%2Fjamf3NdSlUtyzrXP9juxNz3pYDw9IHby875lvf2A0940TDFE%2BfHQIXNAs6M0%2BZUHWKucWhbsBNDkcGO9K%2BuKSFcezanaceL2Oe98RhCxiU4k%2ByHsDOaCmVrpp7NrsnptTgEd7efOWq1AI9F82VaciYg97fOIujgw1Eya2foA2esNg%3D
个人信息保护认证的制度意义与实践价值,安全内参,2022-12-30,新闻,"以人为本,权益,平等,公平,普惠,内部安全,外部安全",2022 年 11 月 18 日，为贯彻落实《中华人民共和国个人信息保护法》有关规定，规范个人信息处理活动，促进个人信息合理利用，根据《中华人民共和国认证认可条例》，国家市场监督管理总局、国家互联网信息办公室发布《关于实施个人信息保护认证的公告》，决定实施个人信息保护认证，鼓励个人信息处理者通过认证方式提升个人信息保护能力，同时要求从事个人信息保护认证工作的认证机构经批准后开展有关认证活动，并按照《个人信息保护认证实施规则》实施认证。由此确立了我国首个关于个人信息保护认证的专项制度，引起了国内外实务和产业各界的广泛关注。,https://mp.weixin.qq.com/s/vpCz0iMS3BC5LZnEdlLeCw
个人信息保护认证：实现个人信息保护共同治理的方案,安全内参,2022-12-29,新闻,"以人为本,权益,平等,公平,普惠,内部安全,外部安全",我国近几年出台了多部涉及个人信息保护方面的重要法律法规，最重要的是 2021 年 11 月 1 日起施行的《个人信息保护法》。《个人信息保护法》的生效标志着我国个人信息处理者在处理个人信息时有了系统性的基本准则。,https://mp.weixin.qq.com/s/NlYTRmR2vE17FUrgZKfwTA
中共中央办公厅 国务院办公厅印发《关于新时代进一步加强科学技术普及工作的意见》,中国经济网,2022-09-04,新闻,"以人为本,权益,平等,公平,普惠,公正,人权,外部安全",新华社北京9月4日电 近日，中共中央办公厅、国务院办公厅印发了《关于新时代进一步加强科学技术普及工作的意见》，并发出通知，要求各地区各部门结合实际认真贯彻落实。,https://www.so.com/link?m=bq5BI%2B6Ee4zbPGXVCFpnO8a4JeMfnVZviYAuBWQLzoV082VRchHXBO3mQnfT8YAgRrnIZ2%2FaWWyVD2ULnOmQhcghQDYB%2FlpJtbV%2FRHObZdYz6%2Fo4VDmdZhxNcHjIlhXA1SJVFIvT6cn5IAQHPXzzueogrBO8LVC66NeVbUBnUWiov6ZQ468BRi3dn5ngfLoQEpXZXQQfOIRGr%2FkfOaJyvcMb%2BXZrcI0dYXWTXZ9H7dU0W1M2XR%2BZAbTAgNIaMXgcivikOFANEuMrRt18hJvAUEbdpG%2BVru4EYCvpKkscnfFJe8WBU%2Bn%2BWLyHAXHY%2BPRMnenFNjbtLxcuu%2BE0qhEXu1S60X2xzr4P13uWgOHMIomY%3D
中国关于加强人工智能伦理治理的立场文件,赛博研究院,2022-11-17,新闻,"以人为本,权益,平等,公平,普惠,尊重,包容,歧视,福祉",中国裁军大使李松16日率团出席在瑞士日内瓦举行的联合国《特定常规武器公约》2022年缔约国大会，并向大会提交了《中国关于加强人工智能伦理治理的立场文件》。,https://mp.weixin.qq.com/s/9Cf-syccIBSLqwBppAEnLA
中央网信办负责同志就《提升全民数字素养与技能行动纲要》答记者问,桂林晚报,2022-08-30,新闻,"以人为本,权益,平等,公平,普惠,公正,人权",当前，全球经济数字化转型不断加速，全民数字素养与技能日益成为国际竞争力和软实力的关键指标。以习近平同志为核心的党中央高度重视全民数字素养与技能提升工作，习近平总书记在中央政治局第三十四次集体学习时指出，“要提高全民全社会数字素养和技能，夯实我国数字经济发展社会基础”。《中共中央关于制定国民经济和社会发展第十四个五年规划和二〇三五年远景目标的建议》提出“提升全民数字技能”，《中华人民共和国国民经济和社会发展第十四个五年规划和2035年远景目标纲要》强调“加强全民数字技能教育与培训，普及提升公民数字素养”。,https://www.so.com/link?m=bXyHfYawNwmSQeuEu%2FFqtS5d658CC0xBLM4Yjsrlz%2FcPUujWrzqQWPuq%2F2YNwUQHYyezouFouhkJxFSBq0ALcTNrVZ6lM6uYySW7OGy4gUv%2BJEAcQ346xUx%2BEIntaDZKW1EFS58yArIeXkf5xlDQ3kq%2BC%2FeRfS1LnVBX1tsUzSM4cun%2F9I5hI7cd3kVtUadFQWpe9ol85K2clNB2kdBwpXv3gMk%2BaZnEdJOt4qW1oz4BjtbEBphaWX4U6Ouwd%2FBwu1JQF8xOInlVuC55tS7fJGk7UOvQel1sutdt4bfB0lgi1iiurhTKjeddivFL5rxft
人工智能人文反思新动向,搜狐网,2020-01-07,新闻,"以人为本,权益,平等,公平,普惠,公正,人权,和谐,责任,透明",经过60多年的探索，人工智能的大致目标被设定为让计算机完成人类心智能做的各种事情，即至少在功能上具有知觉、联想、预测、规划和运动控制等心智能力。近年来，深度学习算法、大数据、机器人等技术的发展掀起了新一轮人工智能热潮，人工智能哲学与伦理等领域的人文反思也成为学界研究的热点。,https://www.sohu.com/a/365292888_260616
人工智能对现代政治的影响,人民论坛网,2018-01-25,新闻,"以人为本,权益,平等,公平,普惠,公正,人权",人工智能弱化了传统线下多层国家权力结构和单向治理模式，促进政府治理理念更新和现代政治变革。人工智能时代，政府要积极适应人工智能在公共服务、公共决策等领域带来的各种挑战，同时要做好服务转型，统筹经略，尽早谋划，为人工智能助推国家治理变革创造条件。,https://www.so.com/link?m=b3cGlf8o51O%2F%2Bjuzr6XCBW4ymB3VBpo%2B4NlK1%2BnST5dE%2BFYukfhwL2%2FFdLjAe2Uo0K3gmQoit3I%2BWcvqf1yvyCcln8qQvMfeHtiRoaeYnId0QUaCTIjWjI8mEq9V8eTbKkH%2BDOiKtdTysG7PtCQZNZegx%2BuGJ4P%2FZHhu72K69pxnus9ilQJZDGBCzU3hGBAZ%2F%2FydrjvdX4MkzWgO7S%2Bcczd6iKkE%2BTER2sUqxOJXwHVosTTYxXq12fHYh2X8X8pSyYs%2FOcjVwKc%2F6cXQbrsN2z2ZEfrWuyl46bOobaNu%2F63wF%2BOZLsc6Wrlqu2fFW4a3A2CCHcA%3D%3D
人工智能时代下的党建工作怎么做?,搜狐网,2019-09-28,新闻,"以人为本,权益,平等,公平,普惠,自主,共享",人工智能作为科技时代的前沿技术和数字时代创造的新兴文明，正在深刻改变着人们的生产生活方式。同时，随着科技的日趋进步，人工智能可以通过智能搜索、深度学习、云操作处理等技术手段实现对人类智能的模拟和拓展，更好地服务于新时期党的建设的客观需求，为党的建设提供理念创新、内容创新、载体创新、方法创新。人工智能正在从“相加”走向“相融”，为党的建设助力赋能。,https://www.so.com/link?m=bGoF48YMfcn9%2FZi0G75JR%2F5K8CbSW7lLypWldZnjbMpUF26FaJM4JWM0IaNRvDGwaN4IF%2FGfnvvvvacS%2FPDkJJjEYeRK6J%2Bwb8ZJX%2Fxr4FhdwfTI1qv6YE2I%2BR3mIk13v8VJ1DYSkhu0D99qqLTzZ2HAMwjgnox2fnyUirUQrfWaqz%2B2LGy6yO%2BDr3egz8vJ9TF6s3esAx2BaSpQGhdwTjuxVd%2BQUkaBeGpVHh5U6etVOc6YwSCMAwOBHWUv%2Bv2Ztk8x9EOhkMg78QpEP6%2Bi51n%2BVytKgjDB14hmNwjgj70PCe9HrlucpZxtUKLZqhr3U
人工智能时代新闻传播事业的守正创新,中国网,2019-12-16,新闻,"以人为本,权益,平等,公平,普惠,自主,共享,隐私",作为新一轮科技革命和产业革命的重要驱动，人工智能对政治、经济、社会发展等诸领域产生了重大而深远的影响。习近平总书记指出，“要探索将人工智能运用在新闻采集、生产、分发、接收、反馈中，全面提高舆论引导能力”。随着智能化浪潮席卷而来，准确把握人工智能的特点与趋势，加快推动人工智能与新闻传播的融合发展，成为迫切需要深化研究的新课题。,https://www.so.com/link?m=b2GNVaDYbTN1IJxvnnZvXOSTnXqI7bKe%2FA2jKasfNDfSSc69nrHB%2FiK0MFAB5LrW9%2FboLkDmwN7e%2Bf6MIN9Lpx3PeCoHKSBTLWbbhSeO7D%2Be8Qpttu3Ct1fSRg3QCW6LCDjopp%2B9i1rkJMBZn7cxngqY1%2FbFeNGVsVVYpEbxWw8TTLuzaWaSQi9BeYeGD9MahQFPgjhlXBI7AbGy9PTNFAKuSP93qb5lFSLVYnNKuB2YVgO36LvmytNQer8CJki1Nhp7OYb4tsPObJl5tc4Ge78ZhpkGRHDAIlT%2Biajr5bmk5mUTGIG1sBalXHLSSkeIkKzrwaqt32f5Jf4AzuauCagT2ymCMbk1xBGrXJckN3VE%3D
人机一体技术对人类未来的影响,搜狐网,2017-09-06,新闻,"以人为本,权益,平等,公平,普惠,公正,人权,和谐","随着计算机技术、传感器、可穿戴设备及人工智能技术不断取得阶段性的进展,人机一体化也越来越广泛地引起了人们的关注。在美国陆军发布的报告《2016-2045年新兴科技趋势》中，对人力一体化相关技术的未来发展方向进行了预判。我们选取了与其关联度密切的物联网、人体机能增强、混合实境等技术进行分析，与读者分享。",https://www.so.com/link?m=bRN8o80s6YchM40zpia2LfJIUtIpuiG055lR1SD9Li%2BCMZ9fr%2FIji%2FEg%2B%2BeHSUrjc%2FKFKK0h726ecBwulthmAZ9HaEwUds33TSS%2B12ShZxkG9%2BpTiz1o2SW7KdCKM4y6wa9YBZivFY6uvcQBwaKc8PgsrVaGo%2BXGoHztFhRH3HcG7UV4qSu%2BKAvID2%2BqBUwknIGVy4ecHjstxbzxqvF%2Fcnbvelhzc%2Bkk5FSQqnpKZb8WTN5rAC2XXC6yWynHXV%2BTnc5c%2FV%2B9Sy9yRDfKkYJZDYm4sWP9zABGrIqakWXxLL1aejxSuCohu96iJQT4%3D
人民日报整版阐述：打造数字经济新优势,人民网,2021-10-15,新闻,"以人为本,权益,平等,公平,普惠,内部安全,外部安全,公正,人权,和谐",习近平总书记向2021年世界互联网大会乌镇峰会致贺信指出：“数字技术正以新理念、新业态、新模式全面融入人类经济、政治、文化、社会、生态文明建设各领域和全过程，给人类生产生活带来广泛而深刻的影响。”“十四五”规划和2035年远景目标纲要提出“加快数字化发展 建设数字中国”，并就打造数字经济新优势、加快数字社会建设步伐、提高数字政府建设水平、营造良好数字生态作出战略部署。本报从今天起陆续推出“加快数字化发展 建设数字中国”系列观察版。本期刊发3篇文章，围绕“打造数字经济新优势”进行分析阐述。,http://opinion.people.com.cn/n1/2021/1015/c1003-32254174.html
从重点领域稳步推进科技伦理治理,经济参考报,2022-03-28,新闻,"以人为本,权益,平等,公平,普惠,内部安全,外部安全,公正,隐私",近日，中共中央办公厅、国务院办公厅印发《关于加强科技伦理治理的意见》（以下简称意见）。意见明确了科技伦理原则和治理要求、科技伦理治理体制、科技伦理治理制度保障等方面内容。这个意见强调，要“制定生命科学、医学、人工智能等重点领域的科技伦理规范、指南等”。这清晰地指出了我国当前科技伦理治理的重点领域和具体任务，需要在这些领域不断完善科技伦理相关标准，明确科技伦理要求，引导科技机构和科技人员合规开展科技活动，积极推进中国特色科技伦理体系的构建。,https://theory.gmw.cn/2022-03/28/content_35617025.htm
以人民为中心：科技伦理治理的价值追求,《光明日报》,2022-07-04,新闻,"以人为本,权益,平等,公平,普惠,内部安全,外部安全,公正",随着科技进步的日新月异，世界发展的面貌和格局也发生着深刻变化。人工智能、大数据算法等新发现、新突破，在造福人类的同时，也带来了一定的伦理风险和挑战。2022年3月，中共中央办公厅、国务院办公厅印发《关于加强科技伦理治理的意见》，对加强科技伦理治理作出系统部署。树立正确的科技伦理意识，遵守科技伦理要求，不仅是科技工作者，更是全人类都应该具备的认识自觉和行为自觉。那么，如何增强科技伦理意识，实现科技增进人类福祉的宗旨？本刊特组织几位青年学者围绕“伦理价值”“伦理原则”“伦理责任”三个维度开展对话，并邀请专家予以点评和阐发，以期对深化相关研究和探讨有所助益。,https://news.gmw.cn/2022-07/04/content_35857113.htm
"企业数字化转型,须先做好这些事",搜狐网,2019-07-29,新闻,"以人为本,权益,平等,公平,普惠,公正,人权,和谐",随着数字化时代的到来，企业如何利用数字新技术应对市场环境的快速变化，实现可持续发展？笔者认为，面对数字化转型的三大风险，企业须先做好几件事。,https://www.so.com/link?m=b%2BPhAXwLRjdpJryOGuRYFbjTa36FtPG6ASz2zKWwM%2BEXrDs7x2mLqk78EkyTpyVKyrCf9IW3GSnsodZfX2yvn1pr8zaotryiMtGg8UjgWXCnjJGctAALkGVfxX9sXZiHFBRxlJrjlQuootCNVRENFw0UCwNmlsF%2FCBgP1xYv2akPSMF%2BsgQ2V3Rsxai5roDQwWvpxSrfLnk13OlibWokAcCyPlLX0tDAj4YgtRASc96o%2B2T5OT2ILYDATjyCUiPxZ2JEy6Gnb3%2BYY55jObttHAJiMX6ZPAJrzEjC2n2RxP15IbiAL%2FCswXCTvd5w%3D
伦理与治理，人工智能时代下的困境与出路,搜狐网,2020-07-21,新闻,"以人为本,权益,平等,公平,普惠,公正,人权,和谐",目前，以智能化、网络化、数字化为核心特征的第四次工业革命正在来临。人工智能技术作为数字资源与智能技术的集大成者，成为第四次工业革命中的聚焦点。,https://www.sohu.com/a/408812225_389636
健全科技伦理治理体制,人民日报,2020-02-19,新闻,"以人为本,权益,平等,公平,普惠,公正,人权,和谐,责任,透明",党的十九届四中全会《决定》提出，“健全科技伦理治理体制”。深入贯彻落实这一要求，有利于我国在建设世界科技强国进程中抢占科技伦理制高点。,https://theory.gmw.cn/2020-02/19/content_33568502.htm
关于“数字伦理”，这16大观点很有料！,搜狐网,2020-01-09,新闻,"以人为本,权益,平等,公平,普惠,内部安全,外部安全,公正",近日，数字伦理前沿论坛（2020）在中国传媒大学召开。论坛期间，中国科技新闻学会二级分会数字传播伦理专业委员会正式揭牌。与会专家学者围绕“数字伦理”这一焦点话题，就互联网信息的伦理边界、大数据驱动的传播格局、人工智能背景下的平台责任等一系列核心议题展开讨论。传播君特别整理了现场部分嘉宾的发言精华，一起来看。,https://www.sohu.com/a/365858942_181884
"关注量子计算|量子计算竟然可能涉及伦理道德问题,科学家们讨论",搜狐网,2019-01-28,新闻,"以人为本,权益,平等,公平,普惠,自主,共享",当前，量子计算已被视为科技行业中的前沿领域，IBM、谷歌、阿里巴巴、百度等科技巨头相继加大了在该领域的研发力度，而量子计算机的计算能力也将为人工智能的发展带来变革。“最江苏”推出“关注量子计算”系列文章，追踪当今新经济背景下量子计算领域的创新与探索。,https://www.so.com/link?m=bMg9dEmucW2%2FxX7ylFRldi7Cb9N7QqYKTuxFE3YMyQmqtH5RYbEteNSs8zV2CYtM7LWjVRRqY6orlIP3h%2BoUAuNCZXHcT6IdK3j5q7eehUJcluV75p48w8WIC7p7bC46CpJaQjWTlIysMnoDOhOJ7JHP9KRwRRm5UTBtP%2B9knPU02CslreBavulk50EAvob4gcBpNuv%2FvKlXGG2NgIl7hUd%2BUcGv6D9R70A2HeR6v1grrpR17bqm9VgdvDBAU2juQglNSednpMS%2BtLr8y%2FsXyoVVHX2Ue54lY8%2FbwuYmXl5YSJfLz4RhA6h7R018ybq4o
加强伦理研究给人工智能植入一颗“良芯”,南方网,2019-05-13,新闻,"以人为本,权益,平等,公平,普惠,公正,人权",人工智能是新一轮科技革命和产业变革的重要驱动力量，加快发展新一代人工智能是事关我国能否抓住新一轮科技革命和产业变革机遇的战略问题。人工智能在机器学习、语音识别、人脸识别、机器视觉、智能搜索、遗传编程等方面发挥着重要的作用，被广泛应用于机器人、无人驾驶、经济政治决策、控制系统与仿真系统中，对促进经济发展、社会进步具有重大意义。今年的政府工作报告提出：打造工业互联网平台，拓展“智能＋”，为制造业转型升级赋能；深化大数据、人工智能等研发应用，培育新一代信息技术、高端装备、生物医药、新能源汽车、新材料等新兴产业集群，壮大数字经济。加快发展新一代人工智能，是我们赢得全球科技竞争主动权的重要战略抓手，是推动我国科技跨越发展、产业优化升级、生产力水平整体跃升的重要战略资源。,https://www.so.com/link?m=b8BdRvanv8DtIS2xKYB6mK4sHNOWZXRMLJbDGUjJ3MSsBdZABkM55Wk2obqHhoMMBoyHrrn0Hv%2BMm9JIp2RL3M%2FUem9BVz5jIIqVooUtK1SIhwYdA7XNwCKSpdO2%2Fzq0tXMLqhdbZ9RFxwDNtjgMCWCdjfybPLJK5XwGFwNhLhQxOjYLbbhI1aX2FddD99Lg0B9VYWtmoO3ICcqIJUUTYEQGcE6RzNGkED6p%2FoaZekyi6tsqrIlSV2Idcb0jYafsmKsm0cae8G1OJxBYmwitnPndkjslGyyqS2U3x90%2FkSHHbplfbUzu3PvCvLmhDHaF%2B0oDs5ZZZZdLAq38yM2stPH%2BXIUk%3D
加强科技伦理治理务求“系统性”推进,光明理论,2021-12-27,新闻,"以人为本,权益,平等,公平,普惠,内部安全,外部安全,公正,人权,和谐",近日，中央全面深化改革委员会第二十三次会议审议通过了《关于加强科技伦理治理的指导意见》，这是我国科技伦理治理的标志性事件。围绕会议精神，着眼保障我国科技创新健康发展，科技伦理治理需要确立系统性思维，在实践中坚持促进创新与防范风险相统一，把科技伦理要求贯穿科技活动全过程。,https://theory.gmw.cn/2021-12/27/content_35408322.htm
合乎伦理的AI：道德机器人的兴起,中投创展RPA,2022-08-11,新闻,"以人为本,权益,平等,公平,普惠,公正,人权,和谐,责任,透明",人工智能是将多个概念和技术结合在一起，使机器能够独立或在最低限度的人工监督下进行感知、思考、理解和行动。从苹果(Apple)的Siri等消费产品线和服务，到特斯拉(Tesla)的自动驾驶汽车，AI正在迅速发展。虽然人工智能已经直接或间接地在几乎每个人的生活中发挥了至关重要的作用，但许多行业专家认为，我们距离实现人工智能的全部潜力还有很长的路要走。换言之，我们今天所知的人工智能仍处于婴儿期，它还有更多的发展空间。,https://www.163.com/dy/article/HEGK0Q47055344N4.html
后人类离性别平等有多远②：算法歧视与技术的性别失衡,澎湃新闻,2022-02-20,新闻,"以人为本,权益,平等,公平,普惠,公正,人权,和谐,歧视",技术的进步不一定是女性的进步。隐藏与数据和算法中的歧视、欲望和利益驱动的科技幻想和男性主导的科学标准，正在阻碍“共善”的技术发展。,https://www.163.com/dy/article/H0LE8A6M0514R9P4.html
后媒介时代的伦理隐喻,大众网,2021-09-27,新闻,"以人为本,权益,平等,公平,普惠,公正,人权,隐私",媒介技术正在重塑人类社会，5G、6G时代加速到来可能从根本上突破我们对智能的理解。网络生态对政治、经济、文化，以及日常生活等领域的影响日渐深刻。之所以有学者谈及数字利维坦忧虑，是因为看到技术进步背后的非人化以及反文明的可能性，对于人类社会整体而言，虚拟空间与真实世界之间的屏障在不断拆除，最新技术可以投射在一切终端之物上；对于个体和群体而言，后现代虚拟仿真空间中的人设，亲密关系，交往互动，依旧构成了深层的伦理想象和伦理隐喻。一切的超越现实都是隐喻，世界在现实性与虚拟性之间摇摆，人类在二者不断置换中认识自身关系，所有未来世界的构想里都包含着对自身命运的观照。所谓伦理隐喻，既是我们想象世界的一种方法，也是人类自我认知的一种可能。正如雷科夫和约翰逊在《我们赖以生存的隐喻》一书中所说的，我们经历的一切，都是一个隐喻问题。,https://www.so.com/link?m=b0QFAkvkg%2BehSJcPOqWUgN4pzh3VGKTcjCpm%2FzXpej%2FyGGR3X2rjobSBix62YxFQXHdpOZoKz%2FiuoZaFH3hQDzk1BtKX8r%2FOhXVBKcQdd1cX0SJQh38KFsAgq0WYF3eA9KCX52pjWOv1623TewwiNFdXicuWfbRQFRO46vW6BtjY4M9Mc%2B0SVxlqLxN6Qk0HNFcs1sXe3pZBjmfqxiVU%2FKWtsRShaMSo0AGG8MDJzRYmTwU2VsU%2B8lo9BSMpVcSmPD1uB85Qf1EiuIiLbxur%2B6seKn39z0xzGRU%2FnbFXEYZTKOiZgoAmsK9wcFr4Yd2mppCEDxmnAejXB2KfQwPBXMLgCk0Nf%2FNtZIQsihg%3D%3D
"国家战略,前所未有,关键力量",网易订阅,2022-01-19,新闻,"以人为本,权益,平等,公平,普惠,自主,共享,隐私",《求是》第2期发表习近平总书记重要文章，为总书记2021年10月18日在十九届中央政治局第三十四次集体学习时讲话的主要部分。,https://www.so.com/link?m=b3A0KAQTFYOHI0jXemYmck77XG2BiSzFFGu1PsBAWvU8oYoh%2F%2Fjaw%2FqGq7%2FCfGektpReUyRRTth9WUzvlYiQBkf4h%2Fcv%2B5EpI3PLFUcBGI%2BxpQvnR2KU7LZQ2qc83q8vb4gYeChu9cD6Ma5rymTC9Nvfw9rbgIZkDcbMYx%2BlmpGGhakHU5%2BZf8dtLDIABcgnLmhG3IbOk16OGcUZl8Et0i%2F1zSAXuO30Q29G5f1%2FQx%2FuxZ8PFddh7AOPmAWrrP4ex9YBeZvPEYnUz3oBkjPz1nwTKIkgew1ehCYPKwezh5UDNDdUPzbYYblucXrULbYcHvyAMlPP%2Bb0ZuhBmJ
城市数字化转型开启全方位赋智,光明网,2021-03-09,新闻,"以人为本,权益,平等,公平,普惠,自主,共享,隐私",推进城市数字化转型，是人类文明从工业时代、信息时代迈向智能时代的一个重要环节。以数字化为基础的智能化发展，对人类自治能力提出了全新考验，需要提早研判与积极应对。,https://www.so.com/link?m=bdylH7rJqIg50uXp46omS%2FM%2B72ZbCDgEQ819VeQcxm3Q0fKAIf9KWjx30Bez%2B5deKQKsS%2F0XJGRhGJM5b8Ied1enffMGMhFFgGvc0PLSNA6gnAIzgiCfizrfZoKkKHVZ28AfZTX4wJX8c47u6%2Bv0p2HYZOGpe8E81oorIY5u2kx6LjP28%2Fjf76oK%2FA3rfKu%2FgUYJDMPVMFQez9PeMxF%2BZAJQ8qE4XUzilB%2FCvI79Hknebso53iLgQhVNCgre4waYkI9zVeJ4V0%2ByaeT5smdME7lyUgO8IF7ATBYtqu6mBVjC833UZgxjwvdqPqGHXXOYsBpZiAurFwJKom%2FVh
塑造公正数字化转型②|构建政府数字化能力的六个关键要素,搜狐网,2022-01-30,新闻,"以人为本,权益,平等,公平,普惠,公正,人权,和谐",多年来，经济合作与发展组织（OECD）坚持定期制作国际发展合作报告，聚焦讨论各类具有全球影响力的治理政策问题，以提炼最佳实践，促成有利于包容性国际发展的政策与行动变革。2021年12月21日，OECD如期发布 《2021年发展合作报告：塑造公正的数字化转型》（下称《发展合作报告》）（Development Co-operation Report 2021：Shaping a Just Digital Transformation）。,https://www.so.com/link?m=bIJurhtrQ5glG88VPVTt%2BMJrHEeL%2BNd%2FfeyNyVaIYx77WyW3ppjcq%2B7ViJYLV2JoUyhSIrsANmEjyjdnEi%2FDrl5Yb%2BHk26S%2BGcW2vcy1GmIr1aHgpibBOqzRxHNmTN8bCq4sZV8YVH4phwHh1JtDHM3f%2FOWTlUB0RSFU4oQuJXREbP%2BRAZ2%2F6ttozCu6M11ASn8LcfGxDbm%2FsXpd5jzYnmk1K4kmAesmxTuMDF9MQnQchrZL%2FR0hILeoVisNs2hQE4GevFDoCRPWm8tUs%2FvDpUZuCELl2892moFeV%2FpO9%2FIErbT%2BXZaJIt08cnF4%3D
大数据时代的哲学变革,中工网,2014-12-03,新闻,"以人为本,权益,平等,公平,普惠,公正,人权,隐私",近年来，大数据这个原本陌生的专业词汇迅速进入大众视野，掀起了一场新的数据技术革命。大数据正在改变我们的生产、生活、教育、思维等诸多领域以及认识、理解世界的方式，作为时代精神精华的哲学，应该及时对这场数据革命做出全面的回应和批判，深入分析大数据对我们的世界观、认识论、方法论、价值观和伦理观将带来的深刻变革。,https://www.so.com/link?m=bqQpq%2F2mR1QPHbvyQ5wuTRwiP1BN%2FA53QaNZQ7ZFQSv%2Biq7WOau6v80EnZAidg3%2Famt9OXSXzSXT%2BYBnM6mGdKp2wHnvCHlRgtLH8yaTppWSl5Cwi8XVLCMaA5y%2F068W1Qgfd4gc41rVm6ZW3TMKynsd%2ByP9yMMfFZI3hdIHcv1jZ7b5eueDZRZDLoa1zeP3ICIU5uVpvpVyPY4FrXtLR6It1lsmrMd%2BI2KtImrck3frvvmVCUU9q%2FpobkYepfauf1S7wCp7MIKbV9647VBWR5VGtUUH03p6IRaiCCJ1c%2FNsWNxwsMaQvL4iAAnBs4hvXd5d8kB%2F9R1g9Ppx2Yh9FV88CX55Waz2N
大数据时代网络恐怖主义国际治理的问题与对策,搜狐网,2022-05-30,新闻,"以人为本,权益,平等,公平,普惠,公正,人权,和谐,歧视","大数据、人工智能和云计算等新兴技术的发展，在为网络反恐力量提供有力支持的同时，也成为被恐怖组织或恐怖分子利用的资源，成为其搜集情报、培训技能、组织策划的工具。网络恐怖组织和个人由此获得的资源更多、隐匿性更强、影响范围更广。相关技术的""加持""使网络恐怖活动的准备更加便捷、精准和充分，行为更加隐蔽，信息及其制造的恐慌传播速度更快、范围更广、严重程度更深。这增加了网络反恐情报搜集分析、网络舆论控制的难度，也对国际社会合作打击网络恐怖主义提出了新的挑战。国际社会在继续努力加强合作以遏制网络恐怖主义的前提下，需重视大数据时代网络恐怖主义发展带来的新问题和挑战，并提出相应的治理方案。",https://it.sohu.com/a/552396063_589332
大数据时代高校思想政治教育的创新,搜狐网,2020-12-21,新闻,"以人为本,权益,平等,公平,普惠,公正,人权,隐私",作为人类社会进步的鲜明标志，大数据时代为高校思想政治教育的创新性发展注入了强劲动力。论其表征，主要体现于高校思想政治教育的信息资源库加速扩充、预测功能显著提升、主客体地位彰显平等性、思维视阈不断拓展。究其特点，大数据时代助推高校思想政治教育发展不断趋向科学化、体系化、精准化。但是，着眼现实，我们仍面临伦理问题、融合技术难题、数据异化等多重困境。这要求我们必须强化大数据意识，树立大数据时代高校思想政治教育新理念；严格遵守伦理道德，建立健全大数据格局下高校思想政治工作新机制；夯实人才基础，构建具备大数据技能的复合型高校思想政治理论课教师队伍；促进数据共享，合力开发高校思想政治教育的新平台——“数据仓库”。,https://www.so.com/link?m=bpo7U8DpHwQwkR1cDvi4ZrQtl%2FWDyFOjr5NuRymX8wGP%2Bx%2BEUOavtR953w%2BD3mJDX%2BVzp%2ByTvzQFCZhhdJ2eHLTUwQBTFqyTVciGd7bAaXd%2FK0gD2AdngWPKYQb5JxWm1WaQTVNcileaRBVqG36QYkqkTBl66efoccv4km03W7t%2FnCWWTOBolz6K9urLtyKOPPgfqJRd8WmaUzuJjZuTnPfpM43%2FVQ6OaEhFjLlNcHfippN9CD3L92T5r5Ll%2FmmuTnpnDjqcLlxg9gbWjA6PIQfWy8ZwGz5UeGS2pNt6XJQzzygKgBfn6G9Htx4MG3cAY
好稿重温 | 传播伦理：互联网治理中至关重要的机制,搜狐网,2019-03-28,新闻,"以人为本,权益,平等,公平,普惠,公正,人权,和谐,责任,透明,福祉,向善",伦理问题向来是新闻传播行业讨论的热点之一。互联网作为数字时代强势崛起的媒介，人们对其传播伦理的重视丝毫不亚于报纸、电视等传统媒体。本文带来了对这一问题的深刻思考与讨论。,https://www.sohu.com/a/304531888_700645
如何实现新技术与国家治理的深度融合,人民论坛网,2020-12-25,新闻,"以人为本,权益,平等,公平,普惠,自主,共享,隐私",新技术变革对人类社会的生产方式、国家和社会的治理模式以及全球发展格局都产生了重大影响。新技术不仅为国家治理提供了新的工具和手段，还推动着文化的不断演进和制度的不断革新。技术革命是大势所趋，但是新技术在国家治理中的应用也伴随着一定的风险。我们需要兴利除弊，将新技术和国家治理进行深度融合，推动技术进步和国家治理现代化。,https://www.so.com/link?m=b%2FTXYyT9SA%2FkpFy4YwB6Z%2FLJ1kg2FuXba1uxzYvAB%2B1huk5IkMpyf803dph%2FcreVPLz3xb6E%2FA5HL2PQovJ6s3FhKp2VBe9vpVUgU%2F%2FhopYFxtlSHnDqdy7VGjp7qolnF1pnRoz4LCO54srvWQEKewnrIxVyx0NL642yFnhQXPz17SmgurN0seImDS8tjMLSKaIA448DCzqB5gH0wj4GnbFJFHBblJN9V7CBrIzqzrg%2BBjQUDVkTVHsu2OaLB4Mpc5MAz6WcxLV7kwvSWpvKxr52E7CVlBHq2LDAjeZ9HhtpXDCiZgrWuMFatKKJRBYKR%2F4mg3g%3D%3D
对话数字经济专家陈端:“数字经济”概念是特定历史阶段产物,网易网,2020-11-02,新闻,"以人为本,权益,平等,公平,普惠,自主,共享,隐私","疫情背景下，数字经济重要性加速凸显。谈及推动经济体系优化升级，10月29日发布的十九届五中全会公报特别提到“加快数字化发展”，建设网络强国、数字中国：

全会提出，加快发展现代产业体系，推动经济体系优化升级。坚持把发展经济着力点放在实体经济上，坚定不移建设制造强国、质量强国、网络强国、数字中国，推进产业基础高级化、产业链现代化，提高经济质量效益和核心竞争力。要提升产业链供应链现代化水平，发展战略性新兴产业，加快发展现代服务业，统筹推进基础设施建设，加快建设交通强国，推进能源革命，加快数字化发展。",https://www.so.com/link?m=bQuaHrDmG8AXNjZNZzwZ4h%2FmrRIICL778tCWk%2FipfzSNFrq%2Fmw%2FmkILPzmWC8llNGvbga%2F9AMc3PeYuBqb8oCYDzXIpJUJXwlVz66ZVKZ%2F0g%2B7cYGsaRbEq7JuKlO2IQqx10GjkWVld4skz5DSeAne42pLM%2Flh5CRc%2BfplzRNaeYFPMDZE43mDVWZDKre6jUhyfYyjFbVKFhcliHeKBg6UWtYza1Lt3FHw8c5QHPeOHuMpeki0tLNshLVr%2FAETYOhiaghVRQllBOyc59hcwouQUnUpdX6OUbocZ1uVZLbNNq%2FNdDKNnzSxQ9YUHU3GcbGqrY%2BIFQxc9fn3M5O
寻找适应“人工智能时代”的“中国方案”,人民政协网,2019-12-02,新闻,"以人为本,权益,平等,公平,普惠,自主,共享,隐私",从2008年开始，全国政协人口资源环境委员会每年召开人口资源环境发展态势分析会，选取我国人口、资源、环境领域重大议题和涉及群众切身利益的问题，邀请有关政府部门、专家学者和部分政协委员开展对口协商，为中央和有关部门决策提供参考。“人工智能发展对劳动就业的影响”成为今年态势分析会的主要议题。,https://www.so.com/link?m=bJFQ%2FZW9j%2Fn4o82b2yrDAyqdJf385kIS3HMWFoHIAryXjqJkBFikCZGBlcLXNiV1%2BxygECId%2FKqqHB3CzgpTwWbp7AHUpgZ3wQg1BMNw3KHy9qAMP%2BKnUUwnR%2BHRkd04sol0DtFnLSPgvGKLtlcyc8vJXvSCRPdsd2NtMVKKtJsT5YIkOcbE28psdaVJR%2BFlFJllsjkIysRzCfS9Dt2LYe7ZukW0AJYVGxlhDpm%2B4hL9gpaPdxoyMj9%2FGYkDNJjIZg0ZGnmIxw4jpoP0CWSettkY79n8L1536u7z%2FWn9G28vpjsA9ISeDcGBQDxXzaUsz%2FWl1DNQ64Nw%3D
师德师风建设离不开坚守教学伦理,光明网,2019-01-04,新闻,"以人为本,权益,平等,公平,普惠",据媒体报道，按照去年9月新出台的《“长江学者奖励计划”管理办法》，依据南京大学的调查结果和相关申请，教育部已按程序撤销梁莹的“青年长江学者”称号。此举彰显了教育主管部门狠抓师德师风建设、维护教学伦理的决心。,https://www.so.com/link?m=bG9D3sMNDVPHTR0Bh6yZVxtFB8u07rnEAto8v41WTbkiVqx7HmJST30tPDnNQfVDqI3vfIV2G6hC6UPSk5sARDa7jkaw6NLTL69%2FaFlCc9bUZsWV7zwrEST4QZm3f6%2BugcRdb2xnfjuuqDAucFubPI8pEFUIiRmFkUSftqgZHobcuXXxvurTO9EBKNLyHnl6pAkBpccLZxbqx0CD7T6jl%2BtT1tFxS96m3kocT7RrF4Kd8SIvkEd%2B9gFfnOVjBNTt4J9o1P6fwl8gxFR2jFiz48Qs%2BBOXsY9FDAHXenyLbOm9nXasr7S%2F5EKJPzogpoMal7vmeHuksF7gQUBgT
推动数字经济相关产业的科技成果转化,中新网,2021-04-07,新闻,"以人为本,权益,平等,公平,普惠,公正,人权,和谐",2020年12月召开的中央经济工作会议将“强化国家战略科技力量”作为2021年要抓好的重点任务之一。充分发挥科技创新力量，关键环节之一是科技成果转化和产业化。在数字经济相关产业的科技成果转化中，尤其需要注意把握数据要素本身的特征，促进相关科技成果转化，发挥市场机制作用，提升数字经济产业发展水平。,https://www.so.com/link?m=b9%2FVIwChydqSWgWCuRVcqdXVrUfyQhgp4LGhMz6MLZRiOKBh9zrsmXUv2afInweBNk5o5CsjXbV52opcZ7eoSlAoi6IIsPQyv02SuH4m8zJYoG9%2BonBMl6MmFO9HnQVJv5ty%2BhFCZiTrlxD%2FP42sMuVZ5LXjMSYp4GJ1A63Rfn0Vyy%2FA8uZYNwx44v8ulB%2BIpgIjyGu3YiDYtisdG5t2IDSF0AcG4XaxCyVIMdM4sebKffSDU65qgFF8rOaQYW%2FRXU0YYux5bt%2B6ktf9TyuSjL%2BvchrkO268zDrc0olxSfuK%2FFe2U%2F0v1VFVsaVSkEzVrqFTJ2saqiqPPq81H
推动构建科技伦理治理体系,人民日报,2022-07-13,新闻,"以人为本,权益,平等,公平,普惠,公正,人权,和谐,责任,透明,福祉,向善",习近平总书记指出：“要把满足人民对美好生活的向往作为科技创新的落脚点，把惠民、利民、富民、改善民生作为科技创新的重要方向。”科技是国之利器，国家赖之以强，人民生活赖之以好。科学技术在促进经济社会发展、改善人民生活的同时，也存在伦理风险，如侵犯隐私权、算法黑箱、算法歧视等。党的十八大以来，我国陆续制定颁布了人类遗传资源管理条例、生物安全法、个人信息保护法等法律法规。2019年7月，中央深改委审议通过《国家科技伦理委员会组建方案》，推动构建覆盖全面、导向明确、规范有序、协调一致的科技伦理治理体系。党的十九届四中全会《决定》提出：“健全科技伦理治理体制。”“十四五”规划纲要提出：“大力弘扬新时代科学家精神，强化科研诚信建设，健全科技伦理体系。”2022年3月，中共中央办公厅、国务院办公厅印发《关于加强科技伦理治理的意见》，对我国科技伦理治理工作作出顶层设计。一系列政策法规的出台，对于建立健全符合我国国情的科技伦理治理体系具有十分重要的意义。,https://theory.gmw.cn/2022-07/13/content_35879747.htm
数字化和新工科背景下工程造价专业发展的新思考!,搜狐网,2020-06-18,新闻,"以人为本,权益,平等,公平,普惠,自主,共享,隐私",工程应该由两部分组成，一个“工”一个“程”，“工”这个词比较古老，它最早的含义是技术、技能，而“程”这个词更多的融入了管理思想，“程”最早这个词源于一个量词，比如说我们送你一程，这一程等于1/10里，“程”从量词逐渐的演变成标准、规范、管理、程序等诸多的含义。,https://www.so.com/link?m=bIqlnXTdi7TKEnhpgKMKaX323xGXia5Pq14oJfKY8V6I%2BVjmiw2%2FhHDrYerRzaqz5%2F4prfOTQgEftMVb8uhVXbVBDEK1dsX1gRSHniiDhZN7AxvbY6IbKMdQRgH7Bdx03pzmBJXV5gnsI7Hn6xOGKA%2BtZaIz6ZFcTr7y2KKMCN8eRcTIGbVmfJZNIKE%2F4gpWCH84UkTPPZA9lYpSSedJILGhiSmQb1mI%2B99q5ApU5IgfNTkGQJWcUmldXnq3H9w4y9MMkDg7bU8Q97xoozgV%2F0hBlO4Dnw1Ce%2B21RbLP%2FNenSSZv%2BeGCwTZcAMrWtrm6Y
数字时代劳动的哲学审视,光明日报,2021-12-31,新闻,"以人为本,权益,平等,公平,普惠,公正,人权",数字时代，随着信息科技的广泛应用和数字经济的快速发展，劳动和劳动关系正在发生深刻变革，劳动形态、劳动保障和劳动权利等问题引起社会各界关注，对数字时代劳动及其本质和形式的探究成为哲学研究的一个重要议题。2021年度，哲学界对数字时代劳动的探讨主要集中于劳动方式、劳动价值、劳动正义、劳动自由等话题：1.分析数字时代劳动的过程，指出数字技术的介入使得劳动过程开始无缝镶嵌和全面浸润在人的生活中，改变着人与人的交往和存在方式，推进了劳动过程的社会化，加深了劳动者对社会的依赖。2.运用马克思主义政治经济学剖析“数字劳动”的含义，对比传统劳动，辨析数字劳动与物质劳动、生产劳动的关系。3.聚焦数字时代“数字生产过劳”现象、智能生产中人与其类本质的对立、人机关系背后的劳资关系等话题。4.对数字生产要素的公平配置模式、数字生产结构的均衡性、数字生产的多元共治、数字劳动中人的主体性安置、劳动者的数字技能、劳动时间等具体议题展开讨论，探求数字时代的劳动正义和劳动幸福。,https://www.so.com/link?m=b6X7XgGukkvyBMBzdVXkoa4%2BD4DwlyvQmnHK8xlCv4rSnkx3qJ8dEbOmyViaWMD9GGv0xhj8oWr%2FLY%2FofXrB8WGlv%2F6NyzAL60BCB3vPhOCsXKA%2BUDJNGtTyoMG4p79A%2BpzU4%2Fyx60JLEzE7ZKC4MCbvSqg1tlBsMh9XOmUfJN4T44eH9sY0zDwsL%2FyQ0bTIcG5Q9f5TrfeL3ldMDFXb5XgRzM%2ByqtLOoJF0MT710Y0CnZAQYP6dDixJolqU%2FHN%2ByaoIUNyt6p6FKAGwz9HMhKR5L2msQDPGDpNcvSRNZz%2BidjIkAFjwiC4dNRBUHlyD0mFxTjGFSYddWqDEZx6MVxngnxjRp4MRL3oxr%2Fz7DNK%2BtOCIC
数字时代城乡融合发展的着力点与新路径,人民论坛网,2021-08-12,新闻,"以人为本,权益,平等,公平,普惠,公正,人权,和谐",稳步推进城乡融合发展是实现农业农村现代化的必由之路，也是推进国家治理体系和治理能力现代化的应有之义。随着大数据、区块链、人工智能、移动互联网等数字技术的迅猛发展与泛在应用，数字乡村和智慧城市的融合成为数字时代新型城乡关系建构的焦点议题。数字技术的兴起和发展不仅促进了城乡社会资源的挖掘、放大和利用，亦助推着传统城乡经济发展关系、政策赋值关系、文化观念关系和治理空间关系的解构与重构。数字城乡融合发展的着力点应体现为产业结构、生产模式及生产要素等生产力结构的持续优化。包容性的数字城乡融合机制建设俨然成为城乡互补互促、互联互通的路径选择。毫无疑问，建设数字中国，消弭数字鸿沟，以数字实践促进城乡融合发展，是推进城市进步与乡村振兴协同发展的关键环节。,https://www.so.com/link?m=b2aQ2oVu0rUYmAsYSp5i%2FYVPCXM6gmGN5XlfTrUwmUfALx6JtCl0FHvHUGqxsBw2LfQvtZzKjmceG0JAO0ee5XnO35xK2O1aECHlmCMprr8WVKeIUDFsjTle5UN6zLvIipCM0bgdt9TBNDVB5RgaoS4qnx%2BsKhqsYhdmCGkiN6fthtFfFLY1wMLRbr5wT8XqE4dEHAcGb9%2B7ZxY3S%2B7XB3HnxPNjPp6kFY%2BVM1E3sHW7mwejYMOQYkYuVWazMgH1lkzXqkxFU0eDd2Nf79mPLqYS1LpaETjIcb3NaNQePCZiVQvcbMxOwzvXGEkxdAvXW3dBKMg%3D%3D
数字时代的全球经济治理变革与中国的参与,搜狐网,2022-04-17,新闻,"以人为本,权益,平等,公平,普惠,公正,人权,外部安全",数字经济是继农业经济、工业经济之后的主要经济形态，其发展速度之快、辐射范围之广、影响程度之深前所未有，深刻改变了人类社会的生产方式、生活方式和治理方式，成为重塑全球经济结构、改变全球竞争格局的重要力量。特别是新冠肺炎疫情暴发以来，数字技术和数字经济在支持抗击疫情、助力人类生产生活方面发挥了重要作用。作为数字经济大国，中国积极参与数字时代的全球经济治理体系改革，既是提高国家数字经济治理体系和治理能力现代化水平的内在要求，也是共同应对数字时代全球性挑战的迫切需要，深刻体现了中国维护和完善多边数字经济治理机制的大国责任担当。,https://www.so.com/link?m=bQbvwF7RKVIrMwtnIMXKBSPsGDfs%2FWmqYnNppXICVh2iUo8crwDyD1PXFVq6Mbng5Fctp655RcCpH1ahp%2FwXZ0vaaRtYl146b0757rcf%2FUDm0PNUo8PxNTqY96oKmti3d%2B%2FCbrEGIv8kud3UIJmxf3roSE67czwVVqGk960AVRF9JwwBMro16D0zBtxHk821vDeiHD1h7IqODSv97lvA%2FGN%2FW34%2BaZVR1qMX7%2FMZQlsbw73iQof%2FSzJ0LnyR5yEZbcDTNtZeRFuaXxY4rAJFypfw7QbzsoCu%2BTE0iaGhE0%2BK0eqSbgc3Q4oR8B72dnqrN
数字时代高等教育如何应对信息安全与伦理挑战——美国《2021地平线报告（信息安全版）》的解读与思考,中国教育信息化在线,2022-05-09,新闻,"以人为本,权益,平等,公平,普惠,公正,人权,和谐,责任,透明,福祉,向善",疫情常态化与教育全球化加速了传统高等教育模式向远程工作和视频会议学习模式的转变，高等教育信息安全和伦理隐私保护面临着巨大压力。2021年美国高等教育信息化协会首次发布信息安全版本的《地平线报告》，为高等教育机构应对信息安全与伦理问题提供趋势与对策。从技术与实践层面来看，六项关键技术对高等教育信息安全产生重大影响，即云供应商管理、端点检测和响应、多因素身份验证及单点登录、保留数据真实性及完整性、研究安全、学生数据隐私和治理；未来影响高等教育信息安全的重要趋势表现在社会、技术、经济、环境、政治五个方面，尤其要关注超级趋势——远程工作；由此高等教育机构信息安全发展面临四种可能的未来场景，分别是增长型、约束型、崩溃型和转换型；需要从各国共建网络信息安全、加强信息安全及伦理法制建设、完善监管及安全制度体系、提升师生数字智商、促进高等教育可持续发展五个层面加强对策研究，为我国高等教育应对信息安全挑战提供借鉴。,https://www.163.com/dy/article/H6USIB6C0516900B.html
数字法治| 施伟东:论市域社会治理数字化转型的法治推进,网易网,2022-04-11,新闻,"以人为本,权益,平等,公平,普惠,公正,人权,和谐",坚持在法治轨道上推进国家治理体系和治理能力现代化是习近平法治思想的核心要义之一。《中共中央关于坚持和完善中国特色社会主义制度推进国家治理体系和治理能力现代化若干重大问题的决定》（以下简称：《决定》）明确提出“加快推进市域社会治理现代化”，并在中央文件层面首次正式提及“数字政府”概念，即“建立健全运用互联网、大数据、人工智能等技术手段进行行政管理的制度规则。推进数字政府建设，加强数据有序共享”。习近平总书记指出，要把市域社会治理现代化作为社会治理现代化的切入点和突破口。在市域社会治理中要“要注重在科学化、精细化、智能化上下功夫”，“推动治理手段、治理模式、治理理念创新，加快建设智慧城市，率先构建经济治理、社会治理、城市治理统筹推进和有机衔接的治理体系”。2022年1月，习近平总书记撰文指出：“近年来，互联网、大数据、云计算、人工智能、区块链等技术加速创新，日益融入经济社会发展各领域全过程，……数字经济发展速度之快、辐射范围之广、影响程度之深前所未有，正在成为重组全球要素资源、重塑全球经济结构、改变全球竞争格局的关键力量。”有鉴于此，“应完善数字经济治理体系。要健全法律法规和政策制度，完善体制机制，提高我国数字经济治理体系和治理能力现代化水平”。从政策回应角度来看，2021年12月，国务院发布了《“十四五”数字经济发展规划》，从中央政府层面就如何推进数字经济发展提出了规范性要求。之所以作出如此战略决策，其根本原因在于数字化已成为社会治理最重要的变量之一。数据既是社会经济发展的重要生产要素，也是国际社会政治博弈和经济竞争的核心评价指标。从比较法层面来看，数字经济战略、数据管控立法等渐次成型，美国通过《澄清域外合法使用数据法案》（也称“云法案”）赋予其执法机构对境外数据实施长臂管辖权，以此推行在该领域的霸权主义；欧盟则通过《通用数据保护条例》（GDPR）在个人数据商业化使用领域扩大“布鲁塞尔效应”。可以说，在数据要素驱动数字经济纵深发展的进程中，市域社会治理的数字化转型迫在眉睫。一方面，以大数据为代表的新兴信息技术极大拓展了海量数据的巨大商业或社会价值，为数字经济、社会转型提供了历史性机遇；另一方面，我国数字经济规模虽然发展迅猛，但仍存在“发展不平衡、不充分、不规范”的现实问题，亟需在治理主体、治理规则、治理体系等层面转变传统观念，开创更敏捷、更高效、更人文、更公正和更法治化的高质量数字社会发展道路。为贯彻落实中央重大战略部署，北京、上海等地提出全面推进城市数字化转型，加快推进经济、生活、治理三大领域数字化转型。面向未来，在社会治理网络化、智能化、数字化、法治化演进中，数字技术将发挥重大作用，为了提升治理的有效性，笔者于本文中将以习近平总书记的重要论述为基础，深入探讨在法治轨道上推进市域社会治理的数字化转型之道。,https://www.so.com/link?m=b%2FZRjUg%2BFgnHaKFaTeT3kLwLhegKEM3c1LEQPsNTg%2FgBVwEhAqfDDYNuTp8aO6c9oNIP8KRTb%2B5mPfkwv%2FjjU2NrzCGhCGWeb%2BcW17HL6RYfeCfyl3I6BLGmIe7Q4hOzaOvwi%2BJF4krKy5ExBgSCUhYPzTc0is%2FfgFDL%2BELFjDUgRK9mYAzjVOp6tJh8%2FMfwou4oAKA94FQ3tTfrzI6%2B6xPpBAbx6Qphkf7NyX4QQzdKzKpX%2BOlhFKiG60aC6AhQiRYQkzDSbxKtAGv9od5%2FoR8w%2BiYtVcuZpaLLZIpjrDRvy5oqylED5%2BOFqE9PXKkPDqIiOTWB%2B5ZjDGdie
数字经济的五只“拦路虎”,新浪财经,2017-07-07,新闻,"以人为本,权益,平等,公平,普惠,自主,共享","企业创新仍处于摸索阶段，行业发展不成熟，民众数字技能欠缺，政策准备不足，一系列问题和挑战由此而生。

　　近年来，以互联网企业为代表的数字经济强势崛起，推动全球数字化转型。在去年中央政治局第三十六次集体学习、网络安全和信息化工作座谈会、第三届世界互联网大会、G20杭州峰会等重大场合，数字经济均被列为重要议题。今年3月，数字经济更是首次写入政府工作报告，在国家经济发展中占据重要地位。",https://www.so.com/link?m=bIcgiHp3he%2B%2BIhmWH8KPHSNDFkby9OoFbprNIokzjBmjkQIEuMe6%2ByKBcWDAZ%2FQtsjwc8YrnDFKkG4%2BjFqp5U7kkO09KEWAXDFn322tFiHzDvZhdfuB4FBvdkg1pFqf1knK%2BgZ8lF%2FxyB5S8wsmk6Dgw4su%2F%2BiOfEgTR4KQbb8XYyfdkpWNpmuJKW6%2BZeH0XDrcm9ioZYmMIoby1Nliuy2mIi4Y1C41%2Bzp2gvXUwuDpvP4cHES01SHGRoBSk4R1Rp6SmEZcsICs43FyLUQeivCIoVzSt58NGOTyXIEpiPIU%2BbsvVXI%2Flj5kpYzB6i4wZNOsCYknjUdbg8iRrVmfw3Q8E97nMwPmiSZ6s3KdIKyN7TE4mF
"数字身份:XR创作中的叙事,交互和移情",搜狐网,2020-11-16,新闻,"以人为本,权益,平等,公平,普惠,自主,共享,隐私",记不清多少次全景观看非虚构类电影时，我头戴特制观影设备但心生疑问，不明白此类媒介究竟在哪些方面优于平板屏幕观影体验。有些故事让观影者体会到身临其境之感即可。但许多故事还需要加入某种程度的互动。这中间存在微妙的平衡度，互动设计应当具备特定意义和目的。（茱莉亚·斯科特·史蒂文森）,https://www.so.com/link?m=ba6vtiGJJBEaIljy%2BBacxVd%2FYJD4INm3Xve29Cr1pbPLJ8D%2F5hWi7WD2yfVb%2FDLbcuUwt8b86iQzA2Pvxc6PxI%2B0FyfL7teGR5EZ0As7lyLKePv%2FUXI%2BaFog6YI3XLKvxaROyjZRhxSsWjKPiuDw%2FHoE5f2xFzVBc7TuW%2BW2Aub2cAI1HGuabPuTYk0CK2Q%2FpChAFCmCHTFEnz39ZIB8mZhjffBvFo0TJN%2BRRdPi9%2BJOk2cWuHaTpXKWhkXwa2HK9Ecn79XSan%2BR%2FvUkAzfI9EOZKPt3dS1mhAoqe%2BPOGYR50RbUeGN0B2pLPmTfXyP%2Fh
新商科视域下立德树人的价值意蕴与实践探索,湖北日报网,2020-04-23,新闻,"以人为本,权益,平等,公平,普惠,公正,人权,和谐,透明",改革开放以来，中国经济快速增长的主要原因可以归结于在经济全球化背景下人口红利的充分释放。从商业竞争的角度看，主要表现为市场上的价格竞争、技术上的模仿改进、战略上的短期主义倾向、企业间的单打独斗。在这种商业竞争模式下，以职能为导向、以单科型人才培养为目标、以强调业务素质为主要内容的传统商科教育能够满足经济发展的人才需求。,https://www.so.com/link?m=bFyIWUh9n6c%2FgJ%2BnpC4zMXCuZXT0CKQE%2FPukcbaC%2FBvPGljTlH4C2mfmubm9t9ajFDaX4pm4eDWh1Iv%2BCFuSzOxFFmLyvb9KmWrBgfLM6amGUGu4PWXaC990XSv4O58Ha%2BSaLR2nGpG5hTq8Xw9SRbzNh05GY3uMpNzQMJJwTgAr7UlcTRJBmZbUcjFgZR%2FCz%2FKMHc%2BoBaTpOIwdTs8bpQbl%2BBoQad2LO121Km%2FxdtRg0HA0TDsjsSjBWC0U6pRBNIFKfDlPMGyBRk07JBw9xu8QWtfB0nWC0ubwPq7Xpb1SSvM3fGOwYgCf8AsVcwfHK6vqtdQ%3D%3D
新知治学 | 数字平台的伦理困境与系统治理,搜狐网,2022-09-21,新闻,"以人为本,权益,普惠,内部安全,外部安全,隐私,共享",近日，我院求是特聘教授吴飞老师在启真新论平台上发表《数字平台的伦理困境与系统治理》一文。,http://news.sohu.com/a/586914637_121124018
无人驾驶的伦理困境:撞向路人VS 牺牲自己,快资讯,2021-12-19,新闻,"以人为本,权益,平等,公平,普惠,公正,人权,和谐,责任,透明",近年来，随着人工智能、物联网等信息技术的发展，无人驾驶市场日益升温，大量资本涌入行业。,https://www.360kuai.com/pc/9acfd4fe315a1784c?cota=3&kuai_so=1&tj_url=so_rec&sign=360_57c3bbd1&refer_scene=so_1
构建全球数字经济规则,光明日报,2019-07-15,新闻,"以人为本,权益,平等,公平,普惠,自主,共享,隐私,偏见",上月底在日本大阪结束的二十国集团（G20）领导人第十四次峰会通过的《二十国集团领导人大阪峰会宣言》强调，各方致力于实现自由、公平、非歧视性、透明、可预见、稳定的贸易和投资环境，并保持市场开放。此次G20领导人峰会设立了数字经济特别会议，发布了“大阪数字经济宣言”，宣布正式启动“大阪轨道”，呼吁各国在2020年举行的第12届WTO部长会议上取得谈判的实质性进展，以促进各国数字经济发展。,https://www.so.com/link?m=b9h6A1NfTfBjLO0utRx4uj8QuDhCZzo2pBoAcxgBj7Jvi70eC17oEr%2Bdo%2Fo8Z6HjENXNjOKMPq673%2BlsBOEbyCXUfOArPkeHQNRajPjlYWSkx9AxJo7Dc4S%2FjbNZbE%2FEtLXTzXoRafrgVDgvSEsZEtUU18WDKC%2FlpsOQ0cwk6T5v2KYf6MUu3C2BgNM8cZxqEflMGykFLwSz1%2FYT8YZ6oAsm7krBbwo5d0kERUuTjni7yeok1Z9jxLF6tgPUG4%2BfusBjkBW6z%2F4PSvgeq5o9fhn0uxqubLY4NDWd39vjFIB6l18oDlBLMlmn%2BnGrTXqpOVyoir4XKgoL1F2JMVEHrgyUqs69rx2G0svZEHroQKnmd4kha
构建数字命运共同体的伦理蕴含,人民论坛,2022-03-07,新闻,"以人为本,权益,普惠,内部安全,外部安全,隐私,共享",构建数字命运共同体不仅具有实质的物质效益，更具有深刻的伦理蕴涵。面对数字化浪潮对国际伦理规范的冲击所引发的全球性伦理难题，数字命运共同体以新的高度对现有国际伦理观念和伦理规则进行重塑，回应人类社会数字转型所带来的伦理挑战，使其在新的伦理道德框架内实现数字向善，引领人类文明发展和进步。,https://www.gmw.cn/xueshu/2022-03/07/content_35569181.htm
校准前沿数字技术赋能国家治理的“仪表盘”,《国家治理》周刊,2020-09-30,新闻,"以人为本,权益,平等,公平,普惠,公正,人权,和谐",随着大数据、人工智能、低轨卫星互联网、量子计算等前沿数字技术的发展，其“双刃剑”效应也日渐凸显，一方面推动了生产力发展，另一方面也为国家治理带来了一系列挑战。因此，需要从国家治理制度设计的高度出发，加强其赋能的一面，限制其耗散的一面，将前沿数字技术创新和发展导入赋能国家治理的轨道。,http://www.rmlt.com.cn/2020/0930/595127.shtml
湖南网信部门开出数据安全领域行政执法首张罚单,安全内参,2022-11-21,新闻,"以人为本,权益,平等,公平,普惠,内部安全,外部安全,公正",近日，在湖南省网信办的指导下，湘西州网信办依法对湘西州某县自来水公司作出行政处罚。该县自来水公司缴费系统因未采取相应防护措施履行数据安全保护义务，违反《湖南省网络安全和信息化条例》第二十六条第一款规定。,https://mp.weixin.qq.com/s/x0pfgYpl9uaXkSkVH9CJiQ
王毅:应当警惕和制止美国一些政治势力绑架中美关系,光明网,2020-05-24,新闻,"以人为本,权益,平等,公平,普惠,公正,人权",国务委员兼外交部长王毅24日在两会记者会上表示，中美合则两利，斗则俱伤，这是从几十年来各种经验教训中得出的最精辟概括，值得我们双方谨记在心。中美社会制度不同，但这是两国人民各自作出的选择，应当彼此予以尊重。中美之间确实存在不少分歧，但这并不意味着没有合作空间。,https://www.so.com/link?m=bxRP%2FZ4pSCPyDln2rawCWWPBKjhmeLdN08C9mZ%2FE8lCLrxO%2B31ARuYBu%2FadncRVVi3QrdJn87Ffdq3J2Ty5AYToV1y3wVxPBUf0EpRG5X9EPWFx1aigVVhcnC7DuR%2BX5uHOYUrcX9hlPg0MosvDgWtgLI00pEIK%2BlY0irTrGT2h%2FVnWXLQQ9qQgyQRJAAoMZFhEZiLe8mtiqZdwuMvCvB56z57fftDvR32a7ybiaJqtlxbgrAPNblmmpWNuRlVYQIghC8hsVx3kTNbXMK83lOR3vG1G%2FU7OWm9RubQlPUm%2B9%2BzP1bijCSKt1dHoM%2BFLo3p5354WPt4io%3D
用好数字科技“金钥匙”,新浪新闻,2020-06-23,新闻,"以人为本,权益,平等,公平,普惠,自主,共享",面对全球疫情形势依然严峻复杂、世界经济下行风险持续加剧、疫情引起的次生风险仍然存在等外部环境压力，如何在危机中寻求生机？数字技术、数字产业、数字治理无疑是解锁当前困境的“金钥匙”。运用大数据、人工智能、区块链等信息技术手段，可以提高疫情防控的科学化、精准化、智能化水平，实现经济社会发展的制度创新、模式创新、手段创新。,https://www.so.com/link?m=bqdP2ynbH4UQGeTD7cCb5o0H6T6o3nc0ce4JCYTIPlcl723Qt2QXiaBQ8FbLpuVaJJoQoBTKa0md2gFP0XX25GXwu31CLJAO6LWaA11XsUW%2BFS0rJ1qdqUbw%2F3dynXxuy89%2FHPbqmWphxhmKsD3sOaR5JWPuaqbZWVpMonseXgIFGtIhRfJdvQHlCc2LB%2BIxTHtE%2Fx7X%2BpUcdqfCh1CVsrkckYr5xgpN0Vmy3wMOWg%2BePA40IUxcsyMEutoCVEM2j0bo08NQNu9xlRMimBWuI4uLsJDmxoaG3e6NgYw28tbqHg8eLKGC9o0MBEUemZmJ5Ia%2F7MZ5SodBcuPWgMwnrJl%2FG93E%3D
疫情后时代商业伦理的重构,搜狐网,2021-11-18,新闻,"以人为本,权益,平等,公平,普惠,公正,人权",一场疫情，给全世界带来了灾难，也给全人类带来了崭新的思考。珍惜生命、善待自然，重新认识人与人之间的关系，扩展到企业和社会，价值伦理和商业伦理有了更明确的含义。特别是疫情严重时期，人们对市场的态度顷刻获得检验，好人与坏人，盈利与坑人，企业的善和恶，以次充好和社会责任，诚信建设和市场惩罚，企业转型和产业链塑造⋯⋯等一系列问题，出现了前所未有的新变化。有的名不见经传的企业和企业家，成为在疫情中脱颖而出的佼佼者；而有的品牌企业，却因为弄虚作假赚黑心钱而让多年树立的品牌毁于一旦。疫情考验着企业的抗击打能力，也在检验着企业的伦理定位。这是疫情带给企业的考卷，也向众多企业家发起一波又一波的考验。,https://www.so.com/link?m=bJbd%2B5T0ZV2lXn7IqPLk3sEw6IDoj1Y3tbpmoUjHvpnbJn8%2BEphwLO%2Fr2vMXnsQmj3YetggvNsSxzROajKqsFU1VMFgPXWLo1HmbumQdY%2B01Osuz9PNzqjfQ1%2FjsbXmt23MWRpAi8EDZZhkDuCggzBWwBXqCndNG%2BzfBAjILbNQDFRizZMSTCyBv4yD8HDfcH9p%2BbYhcwewhFa25iCaV4dvMN5xVcQ9GFYw35ppdY0RcF1qrM3AfGnvveyRMP0LKFd6ZqFM2YoRSLbzjndM5zMkgBKSfBy5rHlvOHCV3w2NB9nR0njHYCkKyQW3jgePzR
百家| 数字化转型下的数据治理和管理|ibm|数据流|元数据,网易网,2021-09-05,新闻,"以人为本,权益,平等,公平,普惠,公正,人权,和谐",“百家”，既是“诸子百家”，亦为“百花齐放”。他们是各行各业网络安全专家：有CSO、业界大咖、权威代表，更有奋战在网安一线的实践者、思想者和分享者。安在“百家”，最佳实践，真知灼见，思想火花，期待有你！,https://www.so.com/link?m=bQ4WZy9lu1kYxRnkHuAXkKRwdk0j93wz1377HtIB0yojuzOE72HV4MSO%2B%2FPerB4UaoqhxI8VfyDkgq05jn9EGrQO3jOJP6X31UI1pMkkAtWoIN0yKkSMcYEW1%2B0qX5%2FL989pFnlwHn7CF%2BgVbxwAAqIlwfbo8tYhp5x1epHa7O3TWfpSG8jkoWvAQ%2FTSEzZcWTbRZ%2FAqg0oBjd88WlgzBTJOIuingevEe66IQZdUf1RXtUBDKamQHRwNd9LjkgR5ORIE4zrWmAMM0mpjUNsmxgqbJeXVwi0KY6yp1p1Hti8qYOUpyMorNPy9MlTz6CB%2ByYD9RvBmwKGyWSePN
直播预告| 段伟文:人工智能时代的认知重构与伦理治理,搜狐网,2021-11-20,新闻,"以人为本,权益,平等,公平,普惠,自主,共享,隐私",随着大数据与人工智能的发展，我们正在进入一个由数据和算法重构认知的深度智能化时代。一方面，这些全新的机器认知方式使得社会计算和商业智能发生了革命性的变化，在互联网和数字经济领域引发了一系列颠覆性创新；但另一方面，由此也带来了隐私安全、算法歧视、信息诱导、行为干预等由技术的意外后果和技术滥用带来的社会伦理争议。,https://www.so.com/link?m=bpz%2FkjLsD6zxEU0g1U4Rerh%2BJDlnn8wJktiSPtAhH2yPFjOghBQ5sNs%2BQE5I6Qk7OurSNAI1GxijZd7hh%2B8ftXiOjk8%2FU656kngm27qieuIXFrS9Ei7miTkrgnqR0i9S%2FUe%2FlU4uiY1xNJXuF0uUXh2rAzqtxLezz0p7qUshMVnYdSzKkyZI12N3OwEyVv2UlOfFQ8J23VO3OPIIVg2ivI0weUiTA9icLpdzrUxV5gszwm%2FJjNRTFdk9af8VFSeBTe8P1DyB9UG5ecrOF6Ms2SEsmGkxpFNJejifXWA9ubyV%2B0Vrdmp8ecebaxFBVbCp468XdXD%2B1F9AL1Y7cFw6hGAKh9GtagGI9dfgtzQ%3D%3D
科学技术进步法修改在即科技界这样建议,光明网,2019-03-28,新闻,"以人为本,权益,平等,公平,普惠,自主,共享,隐私",作为我国科技领域的基本法，科学技术进步法自1993年颁布以来已走过26年，距离2007年修订也达12年。,https://www.so.com/link?m=bJYZxWI9KZ1PAqk60DErTD4xbUMMpeJlHFP%2F5SBZT3rPmEfH0ru%2F%2Fdv6oDrCyNu3TInxgw0EwuNYN80c0HDVTMC2zUxS1HCBUdAw2i8aS3MQ21G%2BtubOBode0pYtcwJyjO17QGnjC3lFrcDLhXrCVHQd6oRBOu5UTUEny5pVsE0u1bf%2FA433CvqQrkzaTGB92WV%2F6%2Fe0AyvYojDip4LSQ6Fp6C%2FIM0Shdr2uTu9OEW5fOl%2BBxvgwSpnLtHPCNE1HgJ3MWpfQJmkVsuDPo5UDFrFVF%2BOzMKrfVspDw%2Fjc3QDpdqdUo3fkjiazvIQsdWnA4Weyzo1uUjaJpAKkf
科技伦理治理的基本原则,北京日报,2020-05-11,新闻,"以人为本,权益,平等,公平,普惠,公正,人权,和谐,责任,透明",当今时代，前沿科学领域中产生了一系列新兴科技，例如基因工程和基因编辑、人工智能和机器人、合成生物学、神经技术、纳米技术、增强现实技术、3D打印、异种移植等。这些新兴科技有四大特点：风险性、不确定性、双重用途，以及可能引发一些未曾有过的伦理问题。因此，我们必须将传统科技管理升级为科技伦理治理。实行科技伦理治理，首先需要考虑的问题是，对在新兴科技创新、研发和应用中采取的行动、作出的决策以及制定的政策提出一个评价其是非对错的标准，即规定科技伦理治理的基本伦理原则。,https://theory.gmw.cn/2020-05/11/content_33818984.htm
科技创新要坚持伦理先行,光明网,2022-04-27,新闻,"以人为本,权益,平等,公平,普惠,自主,共享,隐私,内部安全,外部安全",科技创新，伦理先行。新一轮科技革命和产业变革正深刻改变世界发展的面貌和格局，科学新发现、技术新突破在造福人类的同时，伦理风险和挑战也相伴而生，给科技创新带来负面影响。习近平总书记强调：“科技是发展的利器，也可能成为风险的源头。要前瞻研判科技发展带来的规则冲突、社会风险、伦理挑战，完善相关法律法规、伦理审查规则及监管框架。”在科技飞速发展的今天，如何引导科技向善成为一道必答题。不久前，中共中央办公厅、国务院办公厅印发《关于加强科技伦理治理的意见》（以下简称《意见》），从科技伦理原则、治理体制、制度保障以及审查和监管等方面就健全科技伦理体系、加强科技伦理治理作出全面、系统部署。这是我国科技伦理治理工作第一个国家层面的指导性文件，标志着我国科技伦理治理步入系统化、规范化的新阶段。,https://www.so.com/link?m=bFSGFiYlmaO92u8qRK7bnmLjRZLJL%2FjMghhM%2Bu7NREbYbdeExFAsURxjKWJO%2BnORAl%2BKVTFennfYF5WPU0jcAY%2F9Y%2BCTHDyNjKCh700d3ktTO2Wpo92dnsmkDgLnrfEUAfwQowueDDLvF%2FcNKelbgtAXQu%2BcKHK8Vg4dkaShHg2FU8Fkvh3Y1siUp%2B78Qlc%2F2nj2UcJTWBMQCvvdFo5YBYW56tLzkxPxaS2QMe%2BCgxstLYWNrv8wScFdhZPh0%2Fdpi9Df5DTe4sN1MOEH3l5L2E8qmHfCqqVXZ7WiiMlBApqx9tB7tNTjLNCa7MqjoGYX7MTlwzI4magkpQMl%2F
科技赋能教育肺炎疫情下教育企业的社会责任与担当,凤凰网商业,2020-02-07,新闻,"以人为本,权益,平等,公平,普惠",新型冠状病毒肺炎疫情仍在蔓延，不断更新的疫情数字时刻牵动着亿万民众的心。截至2月4日12时29分，国家卫健委收到31个省（自治区、直辖市）和新疆生产建设兵团累计报告确诊病例20471例，累计死亡病例426例，累计治愈659例，现有疑似病例23214例。1月29日召开的中央应对新型冠状病毒感染肺炎疫情工作领导小组会议指出，当前疫情防控正在全面推进，防控力度持续加大，但疫情仍处于扩散阶段，局部地区有迅速上升趋势，形势复杂严峻。,https://www.so.com/link?m=bNq%2B%2FGK1muin3ogP35ZKOC1aUmlKQk62ajey5%2BrLEatgGyHnvtHaT%2BwdYpB86LxmMCHA4oqcJknghUdzvtnj7MGIUn0biPpWBQQEUHO5kBIl7hl6tDtK%2FXaBvtNpIYrZQIlp57dhpEwYXYF7chQFKQjT6Mfng3h7hYEBHdKTrC463nnnYniuaXbwVl%2Fpko41YuwmL05iwe52sDHW3PRNsDl0xjhLKyjqy2UEJf6Pq1h9jNByc8G0%2BcZJ5Zn6lKilJ%2BtMg%2Bs%2F5WsoPicYEmfCAo8wQdoJf5UKRQHka8cpyTx8fyin3%2BMTLsw%3D%3D
经济大家谈| 推动数字经济相关产业的科技成果转化,深圳新闻网,2021-04-07,新闻,"以人为本,权益,平等,公平,普惠,自主,共享",2020年12月召开的中央经济工作会议将“强化国家战略科技力量”作为2021年要抓好的重点任务之一。充分发挥科技创新力量，关键环节之一是科技成果转化和产业化。在数字经济相关产业的科技成果转化中，尤其需要注意把握数据要素本身的特征，促进相关科技成果转化，发挥市场机制作用，提升数字经济产业发展水平。,https://www.so.com/link?m=b%2Bgy2PzAXwfYyeIx%2FiiEho8ExbY%2FtmDTiboCiuMOU3xpjOElIiJHuW2AOs97POJ0KyGQfcLSDPBX3%2FH0ririP8fMDwcvUsUQUSmlu5EE9pGUTSv1kmvI7GA%2BcD9%2B%2BjEuMmbh2KeHHqmuj6vHozyzHICZivf8k33nsMUTxWrP13wxUD6jL1F%2FlzZJM7CGDSBvrPKXNzX2Gs7PDAX1sn6iju9F2rf5CXxy1%2FO1%2FuDhRhUWo6%2FODb59wbKU%2BOkw8rXnJ2je9O0vMNJ12nS7HLxvX83dC1Teaecu0s9xQvndpcMkeA5qkbVLe1q5Tni2cxOhu%2FJPeGZ8GkDZ6rHV6dJ2RqkqZ8FEnxD1mz6RHtg%3D%3D
腾讯研究院发布《数字变革与治理创新：2019年全球互联网法律政策观察》,腾讯研究院,2020-01-15,新闻,"以人为本,权益,平等,公平,普惠,自主,共享",2020年1月11日，在腾讯研究院主办的第三届“科技向善”年度论坛法律政策分论坛“良法善治—数字社会治理”上，腾讯研究院秘书长张钦坤发布了2019年全球互联网法律政策年度观察报告《数字变革与治理创新：2019年全球互联网法律政策观察》。这是腾讯研究院第四次发布年度互联网法律政策报告。,https://www.so.com/link?m=boe0n9Zdh9Bw1qEUBkNdqKjs4ZTbHTezRgqDIxHWW9Ip7xbm3zPGwZBGo7rAUC0CBdzo%2BX2kgpXDX6kG40n25ySAKVmgKsFxDOlCr%2BJpRwk8xh5gQCdq0bTjQFFntewMrTvaHamvtSoZMoU2ElPmVFqGs%2FhJvo3hiS9iAJYo2tYysXbEx335hXD6nE7PkbocByklekt2%2B5w7oUCVGSSicZiCG7RXUk2eA5%2BhDsnI5Gg0Gyua%2Fj7XCAxd2YCI512Zs9dGzmgbzoLi315l3AWdr0AH1CTB8K0kVLNTXecwJQgmAu%2BWkka2cJfakLsc%3D
董一凡:欧洲数字经济“跛脚”了吗,环球网,2019-07-10,新闻,"以人为本,权益,平等,公平,普惠,自主,共享,隐私",德国媒体近日报道称，全德6万多个工业园区中有近35%面临网络基础设施和网速无法满足现实需求的问题，甚至拖了经济发展的后腿。其实，德国的现状可以说是整个欧洲在数字经济以及新科技浪潮下相对迟滞的缩影。,https://www.so.com/link?m=b1D%2B7%2BvtC0c9uLdBNfPTgBc61TotIWjSTyZe%2BiMhAYhXU8n0PR4tjfDzVxHAENKOxMqBNSTbEns%2BKKbT3AW84PSmNwDNIyp42T1rsEOEKcpa9rc1BM0MutolKa29ZL%2FOIc7RlhNH2FAn2i%2Fzn7FQMM2nczuERfF%2F98gKjhkwcMp1nKhzZdtrMf4pJ2%2F3%2B4AishBGHpEgZrTHFzNL7rU0e2qYQeLu4L2m7XJas3jSSYJeQqNl5buWtk3wygTjTxNSpvSRpV%2FGLFxC5SpSsw0K%2FL%2BDfHR6zoi3z5BKyo80c2hdTcV9xOz46G7zJoB6pKs0fYk0axQ%3D%3D
虚拟现实技术环境下新闻价值的转向【2】,人民网,2019-01-15,新闻,"以人为本,权益,平等,公平,普惠,自主,共享",VR新闻具有休闲放松的功能。VR技术带给用户的不单是更客观更丰富的信息，它以视觉为中心的虚拟体验能给用户带来强烈的感官刺激，增强新闻产品的娱乐属性。用户在观看VR视频的过程中沉浸式视觉产生的快感远远会多于其他媒介的图像内容，这种快感一是源于视频内容的趣味性，二是虚拟现实技术带给用户的高度沉浸感［8］。法国哲学家雅克·拉康提出的“凝视”理论认为，人们都会在观看影像的过程中产生兴奋和快感。在由虚拟现实技术所构建的环境中，穿戴设备利用头部跟踪来改变成像视角，视觉系统与运动感知系统相互联系，用户可以通过头部的运动观察环境，实现与虚拟环境的全方位接触。借助VR技术，用户在很大程度上摆脱了传统摄像机建构的主体（亦即电影、电视观众）与荧幕形象之间的联结。因此，当用户沉浸在叙事场景中时，心理会产生强烈的愉悦感。,https://www.so.com/link?m=bCzVn7q1zEdxP8elx1mgpOjhAlDLmVkzJWx0CgdmFJkpO4BMJhfSJViNRVctBRj899dBRZ49BeeadoJ3tc1rFocDJcqhXU0Lv%2F8S4kjd2SddQCZq3qSMxjTwg4FUVcr7PiyuZVb10WVERZdzrWCioNAnGw5JxUPTTiuT8LoJDG6PD6rnbr%2FAZ3ys8q2V%2FZrieZl9v6Tci0I2f%2F4%2FGGzh4YLjxPj8rdQ6R5bFIy6gElEK4CgkI949sOmuYoWZjKqre99n017pNtIbCxt7FBhZUrMH0js6iP6vrj8RjCd17MjjoApiiX0%2BzjAVWovgnGc18YuyFoEDg1ai2nGnA5POwThEwtO4NOLqd
被忽视的B面：科技伦理治理靠什么指引未来？,网易网,2022-08-29,新闻,"以人为本,权益,平等,公平,普惠,内部安全,外部安全,公正",近些年，以人工智能技术为代表的新兴科学技术的深入应用，显著提升了社会生产效率，让人类的生活变得更加便捷舒适，但与此同时，科学技术不够成熟、安全隐私保护不完善、社会伦理道德边界模糊、人与智能权责等问题，也让技术应用出现了不可调和的矛盾。,https://www.163.com/dy/article/HFU5N2Q405118O92.html
规避智媒技术陷阱的基本策略,人民论坛网,2021-06-02,新闻,"以人为本,权益,平等,公平,普惠,公正,人权,外部安全,内部安全",智媒时代已经来临，而智媒技术存在易造成内容偏差、信息极端化、人本主义缺失等问题。主流媒体和新兴媒体在智媒化的过程中，都需要充分发挥正能量的引领作用，以传播正能量为智媒技术的应用逻辑，确保内容的方向正确性，把控舆论的主导性，增进价值观的认同度，以期有效规避智媒技术的陷阱。,https://www.so.com/link?m=biy6cG%2BNxrhZ%2BzBWKP24W2heff7yC18N0YqfqgMXaDmuHxYVzE7P7Y%2FGca%2BebArQoCP4ldzpCETqf1bCmr7skRzWTNdfr1NJp4ojxPaO117o%2FyKnOsvDyDl7xOh%2F8AbMyoKXXrIimoub7GZxKhbKBZH8TUtj503F9uVTvTzK7IkKKiY6rRd0gsN4W4oOZb41SSp7mvPlPPfWwk3rraim7QWm2%2FvkYdZcE2CnHb7ZNa1m2u7JiZZH6kZtuHOBPi5QV95Cj9MKGFNLqTnKVtLt8uXzfmgmLJI3QIiGu9tIC5MCwHUOjtZhVR3rQj7sgLddUDs%2F9GQ%3D%3D
走向人机协同:算法新闻时代的新闻伦理,人民网,2019-11-08,新闻,"以人为本,权益,平等,公平,普惠,公正,人权,和谐",人工智能飞速发展的今天，新闻格局也在重构。算法新闻正在展现强大的发展势头。在算法新闻中，由于算法偏见、信息茧房等导致的新闻伦理失范问题，不但让我们重新呼唤新闻专业主义的回归，也让我们在算法新闻的大潮中寻找新的路径，来积极构建负责任的新闻生产。坚持工具理性与价值理性的统一，建立“人机协同”的模式，是我们重新构建新闻伦理的一条路径。,https://www.so.com/link?m=bmAK6dCeLFSLpecMZidbZB%2FAwajw%2BmaaAT%2B8de3bh%2BgTxpoliv2Is4cEXi7TGIRBO%2FSOPr%2FIevS4nADpEKqw6Y%2BaTWbsyCShMb1F7M3zV8GOcG%2BP%2Frs9MFjAs9M8YoZg%2FZio3cuu3EybQ2pY0p9PQIPsxn3Rq0aRF1Ye%2BbFLOOtcpkK2rAEhTEyifrQnQfJsPvYxpxd7sd%2Fk9vJLcgLSWKx%2FjG9nIrHu6BRPcQ7vZcMKbCNxAeWZ7njXiWjfRKdQVfYSOxeZb790LPq5JWRj17RxPxhKE4NXN9%2Foda4uwbsJOBivotu%2BbE%2FRMw7tNeWGjKyC6%2FfOgnQEDSp3RSxP3kKc2aOE%3D
陈根:智能时代的“伦理真空”——治理与出路,搜狐网,2020-07-21,新闻,"以人为本,权益,平等,公平,普惠,公正,人权,隐私",目前，以智能化、网络化、数字化为核心特征的第四次工业革命正在来临。人工智能技术作为数字资源与智能技术的集大成者，成为第四次工业革命中的聚焦点。,https://www.so.com/link?m=bk5tN504dzlGFeImwmZmUIAjjlEOm5LF3uGXSQAxeqg56xBmX0G8j4sWanYJgrGlnguPdG7a89B7dc6lL5iwQdoKe2HWX%2FyfcVXb2S2pDW3sqjlH2SCKt334HeiOSAoVLpaD%2FqWnGjA3sIR9H7D8C5%2FCPbA14tzgbCF7MBZbGVE2oZmoHmWlq6bCWqSyRF2gLthbaQAOJZIvSfdG%2Bxfht1SuxVYzz1rBUrkOWSQ6ygGKl8PX7LMDcbVqtQz3LROYOsuX%2BGSFovY6DodW1lUbdmL0mAObCSaq3Cfsjr1WI24A2yZBbF6dH2cCmGmfcSXbeNRweubm0u1%2FxjnvuDMLs3ZzksBHvkmZneIkKaqIONAJBmFGAuVbkP%2BaVVjZHpI8Usvrb2ZxU2ZA%3D
陈潭丨数字时代城乡融合发展的着力点与新路径|张力|乡村|城市化,网易网,2021-03-05,新闻,"以人为本,权益,平等,公平,普惠,公正,人权,和谐",稳步推进城乡融合发展是实现农业农村现代化的必由之路，也是推进国家治理体系和治理能力现代化的应有之义。随着大数据、区块链、人工智能、移动互联网等数字技术的迅猛发展与泛在应用，数字乡村和智慧城市的融合成为数字时代新型城乡关系建构的焦点议题。数字技术的兴起和发展不仅促进了城乡社会资源的挖掘、放大和利用，亦助推着传统城乡经济发展关系、政策赋值关系、文化观念关系和治理空间关系的解构与重构。毫无疑问，建设数字中国，消弭数字鸿沟，以数字实践促进城乡融合发展，是推进城市进步与乡村振兴协同发展的关键环节。,https://www.so.com/link?m=b9YHxqhwYr2jpjgkcS4hKs6Sra%2BwB69w1eV7%2FzShJvMPbE6yiiP54gTChhaZgZHY2XVjIsvOVjD3DKodbf%2BZo5tqYfbR8ZLAXzmZ2tZhxESKofDukMxsylM%2BxcuH8HR%2BMsQWj0tAppvj6GomSbVXfftmwtUc600Yho5J5uzp3KtDrM%2FxoxiEnp4bjcp%2BygIJBjhl8KLBNLduSUnWRL8nvhdo0GpyWwuWXbuc4paZOdz%2FNFWq3zBiLGIbI0wwdUF4KWLS7GHlxUsGCvulFxh7yZQVHLGZ8RIcIszyL24DfTpvB68Bf20FGJkFWf5a27tyrXEHallw7BdyJEwgT
青少年保护须倡导网络伦理建设,光明网,2019-03-19,新闻,"以人为本,权益,平等,公平,普惠,公正,人权,和谐",随着各类手机软件的危害逐渐受到全社会关注，加强青少年网络保护最近成为教育界的焦点话题之一。,https://www.so.com/link?m=bSjslBEu1%2BncElNY4Mh38I4iJQnZhRR5%2F5G3OJhdc9Q94UvgPey6XA8wlT9GTGLwAWsyXXFkrDdWRMlwNT%2FysPhqPmStKMn%2B1WcBvQKM%2FsvjJg9p4de28H%2Fv6LBQDU%2F%2FQ0wf2Jj9%2Bl62NmHUD%2BWo297nABbMkMPy6o%2F71%2FLw1jLZLqX6Ch0wBa%2Bpcib1S4v7Wxb3ygrK8sLBSOcLOU62TKzT8hYYuZZHwCFwvM9x1QSEeivRm6A%2F4Z5t5WJ3trlrENWEvizdix%2BgY9kTBPR1fV35rT9%2Fu4fP8Fate4f7tsZph9Z1xJbo8nQVyadpRXoteIE2YVyo886G%2BEU4l
马化腾再谈“科技向善”:相信科技能够造福人类,中华网,2019-05-07,新闻,"以人为本,权益,平等,公平,普惠,自主,共享",5月6日，腾讯公司董事会主席兼首席执行官马化腾在第二届数字中国建设峰会上再次谈到了“科技向善”这个话题。他希望科技向善成为未来腾讯的愿景和使命，和业界一起来思考探索构建数字时代正确的价值理念，社会责任和行业规范，相信科技能够造福人类，人类应该善用科技，避免滥用，科技应该解决自身发展带来的问题。,https://www.so.com/link?m=bearnvm2pO0vuVKSDa6j3lyaS%2FZrkzibvvhLiYXW%2BSvJpqJ2YD87p1j4F7mSGSt41wKQYCkq3DmddwFbFKRiGFiB4tQyEK3QMO3STHlcHT%2Fk0XhNa7pwKufdwfikXJoRbyzSLYABu61lbQkGKCEOFkCp4wNMgbW3zhRF1IHe5Qx3DISJOnuV5pZFIR8Lzg7ROtQqd8HMX9dtcBjwym4oQJ7HJBzKkEzY4x7JWsET1StB6Bntq5jEMAtlEcO4NEzv0QXykziT13H05p5xgkCtwaEWNUf8PaUb6gk6wLcgnWItCviEpQp2T9Ax85ILMfNFQdVYAYXzRb%2BRtc1nImy%2BbqFUq%2FzUmFL38B7Gh5A%3D%3D
2万字长文：谁来颠覆ChatGPT？,虎嗅,2023-02-21,新闻,"以人为本,共享,福祉,和谐,开放,可持续,普惠,包容","我们和四位行业大牛聊了聊最近大火的ChatGPT。



首先介绍一下本场嘉宾：陶芳波博士是前Facebook高级研究科学家，回国后进入阿里达摩院，搭建了阿里的神经符号实验室，属于全球最顶级的AI科学家之一，目前正在创业，担任人工智能公司心识宇宙的CEO。



黄东旭是险峰的老朋友，PingCAP的联合创始人兼CTO，他本人是国内最早一批开源数据库的创业者，在程序员圈子里非常活跃。



费良宏老师是AWS的首席架构师，曾供职于微软、苹果等多家硅谷巨头担任技术顾问，在云计算行业里深耕多年；龙波博士目前担任Meta商业化AI研究团队的负责人，之前曾深度参与过京东搜索推荐算法的搭建。



此次圆桌由险峰长青投资副总裁李抗主持，李抗主要专注于人工智能、机器人、云计算等方向的投资。",https://www.huxiu.com/article/800724.html?f=rss
ChatGPT内容缺陷识别指南：说谎的人工智能?,赛博研究院,2023-02-16,新闻,"以人为本,共享,福祉,和谐,开放,可持续,普惠,可信","ChatGPT制作的内容全面且看似准确，但是研究人员、艺术家和教授等群体发现其现存的缺点会降低内容产出的质量。
它无法创建感觉自然、包含真正见解的内容；
它无法感受或创作原创思想，这使其成为产生艺术表现形式的糟糕选择；
有时它还会“说谎”，使得部分内容必须经过专业人工审查……",http://mp.weixin.qq.com/s?__biz=MzUzODYyMDIzNw==&mid=2247498348&idx=1&sn=de3d463d7d4bf272ac06d68f528e38b8&chksm=fad6424ecda1cb58397430775945dae2b173415a4b87a2a0b75f5c45a79580edbfb964e82d53#rd
ChatGPT爆火 伦理安全拷问现行治理体系,中国新闻网,2023-02-21,新闻,"以人为本,共享,福祉,和谐,开放,可持续,普惠,隐私,责任",必须注意人工智能的伦理问题，尤其是因数据偏见而产生算法偏见。“如果ChatGPT产生并发表一些虚拟的文本信息，这可能会对未成年人或者是不具有判断能力的人产生影响，如老人或小孩。”就像教小孩，如果教的都是错的，小孩就会认为错的知识是对的。,http://www.chinanews.com/gn/2023/02-21/9957364.shtml
ChatGPT类会怎么改变人类社会？校验、信任、裁判、演化的DIKWP数字经济分析,blog.sciencenet,2023-02-24,新闻,"以人为本,共享,福祉,和谐,开放,可持续,和谐,可信","从DIKWP模型对ChatGPT进行映射和关联后形成的DIKWP-ChatGPT类将对从技术与社会融合的""技术化社会""和“社会化技术”角度结合“社会技术化”与 “技术社会化”更客观的解释关系到社会中每个人乃至更大尺度的群体利益的技术变革影响，例如对接北京大学窦尔翔教授的TIF理论体",http://blog.sciencenet.cn/home.php?mod=space&uid=3429562&do=blog&id=1377693
ChatGPT背后，大模型的想象空间,虎嗅,2023-02-22,新闻,"以人为本,共享,福祉,和谐,开放,可持续",去年12月，我第一次关注到ChatGPT，当时它在不到一周内用户破百万，海内外一小撮科技爱好者开始热情地谈论这个对话机器人。我以为它会像元宇宙，像Clubhouse，像我追过的大多数热点一样，很快过期，消散在新闻尘烟中。未曾想到两个月后，国内掀起人人谈论ChatGPT的热潮。就在我开始写这篇文章的日子，ChatGPT概念股再掀涨停潮，三六零涨停，哪怕这家公司已经在前一周声明，目前的技术水准只能做到略强于GPT2.0。,https://www.huxiu.com/article/801528.html?f=rss
ChatGPT，是风口还是泡沫？,虎嗅,2023-02-23,新闻,"以人为本,共享,福祉,和谐,开放,可持续,普惠","一款2022年11月底上线，仅在互联网圈引发关注的AI（人工智能）聊天机器人，在2023年初突然席卷了海内外资本市场。

2023年1月底，国内尚处于春节休市期间，海外市场传来消息，由OpenAI公司研发的AI聊天机器人ChatGPT开始推出付费订阅版本，这预示着AIGC（人工智能生成内容）应用开始进入稳定商业化阶段。",https://www.huxiu.com/article/802956.html?f=rss
“国产ChatGPT”文心一言：百度“押宝”，车企买单？,盖世汽车,2023-02-22,新闻,"以人为本,共享,福祉,和谐,开放,可持续",近期，国外和国内两大“ChatGPT”产品正呈现两种截然不同的状态：怀疑和坚定。,https://auto.gasgoo.com/news/202302/22I70331482C601.shtml
【ChatGPT系列报告】AIGC的技术与应用生态发展进入新阶段，引领内容产业大革命,专知,2023-02-16,新闻,"以人为本,共享,福祉,和谐,开放,可持续","刷爆的ChatGPT什么算法这么强！台大李宏毅老师国语讲解《ChatGPT (可能)是怎么炼成的 》！

深度学习算法发展简述，从DNN到Transformer再到ChatGPT",http://mp.weixin.qq.com/s?__biz=MzU2OTA0NzE2NA==&mid=2247620707&idx=5&sn=52fe7e66f9dd0af518b18463b7fb7174&chksm=fc87f970cbf070664758af2f479aee893f92ed1ad18ec752543951dcad521a3413c94740f193#rd
【ChatGPT系列报告】ChatGPT的“背后英雄”，100页报告看懂GPU,专知,2023-02-19,新闻,"以人为本,共享,福祉,和谐,开放,可持续",从报告“GPU研究框架（2023）”看，GPU的核心竞争力在于架构等因素决定的性能先进性和计算生态壁垒。国内GPU厂商纷纷大力投入研发快速迭代架构，推动产业开放构建自主生态，加速追赶全球头部企业。国产替代需求持续释放叠加国际局势不确定性加剧，AI&数据中心、智能汽车、游戏等GPU需求有望高增，国产GPU迎来发展黄金期，我们看好国产GPU公司的发展与投资机遇。,http://mp.weixin.qq.com/s?__biz=MzU2OTA0NzE2NA==&mid=2247620964&idx=3&sn=f426c1fad6646cb622a33d551370b0a2&chksm=fc87f877cbf07161aecc8afaaf7d06738b97bcf806ca34274b1f1c8d50b8c8aa6bc9cad85d99#rd
万字长文解读：ChatGPT的前世今生,虎嗅,2023-02-24,新闻,"以人为本,共享,福祉,和谐,开放,可持续,和谐,透明",本文全方位地介绍了 ChatGPT 的能力特征、发展历程以及 OpenAI 一路走来所坚守的技术路线，并对 ChatGPT 出现之后 NLP 领域的范式转换进行了展望，即 ChatGPT 开启“文本生成 + 指令”的范式。,https://www.huxiu.com/article/803841.html?f=rss
中国最懂ChatGPT的那一小撮人，在这了,虎嗅,2023-02-20,新闻,"以人为本,共享,福祉,和谐,开放,可持续,普惠","一二级资本市场最近迎来了AI狂欢，但凡沾上概念的股价都狂飙，VC投资人也纷纷躁动起来。


众所周知，是ChatGPT带来的曙光。",https://www.huxiu.com/article/796639.html?f=rss
中国版ChatGPT角逐战，国际权威机构为百度背书,机器之心,2023-02-17,新闻,"以人为本,共享,福祉,和谐,开放,可持续,普惠",2023 开年以来，OpenAI 人机对话应用程序 ChatGPT 成为最火爆的科技热点，为 AI 大规模商业化落地提供了一个绝好的契机，受到了科技巨头们的追捧和追赶。,http://mp.weixin.qq.com/s?__biz=MzA3MzI4MjgzMw==&mid=2650868708&idx=2&sn=261fb35f625e6b65af6168dded16da2a&chksm=84e4cf9ab393468c37e98b5f263fbc649d62ec7e66b6b50b05e8b9c60b30ac0acec8133c0fd2#rd
公有ChatGPT和私有ChatGPT,虎嗅,2023-02-18,新闻,"以人为本,共享,福祉,和谐,开放,可持续,普惠,隐私,责任","大概在十年前，我去硅谷进行游学，拜访了一些创业公司和科技KOL（有媒体人，也有大学教授）。



当聊起人工智能对人类工作的威胁时，我得到了一个很不一样的思考方法：不要从脑力还是体力劳动这个路径考虑，而是要从工作和人类是否需要深度交流这个路径考虑。",https://www.huxiu.com/article/798079.html?f=rss
复旦发布国内首个类ChatGPT模型！已开放内测申请，代码将于3月发布,量子位,2023-02-21,新闻,"以人为本,共享,福祉,和谐,开放,可持续,和谐,公平","Pine 萧箫 发自 凹非寺
量子位 | 公众号 QbitAI
没想到，众人加班加点抢“中国版ChatGPT”热度时，首个国内类ChatGPT模型竟然已经发布了！",http://mp.weixin.qq.com/s?__biz=MzIzNjc1NzUzMw==&mid=2247665909&idx=3&sn=6b57243ef9ea387e97d6ceb8b045bb1d&chksm=e8deff87dfa976915c15b84587bc52bdd5c196c804ac6fb248d3ed50428143962aaa7ec30bf8#rd
复旦邱锡鹏团队发布类 ChatGPT 模型 MOSS，现已暂停内测,AI科技评论,2023-02-21,新闻,"以人为本,共享,福祉,和谐,开放,可持续,普惠",2月20日，复旦大学自然语言处理实验室发布对话式大型语言模型 MOSS，该模型由邱锡鹏教授带队完成发布，上海人工智能实验室提供有力支持。,http://mp.weixin.qq.com/s?__biz=MzA5ODEzMjIyMA==&mid=2247700914&idx=2&sn=4a8f82220499d3b6a6478d91a7c23a1b&chksm=909bd821a7ec51378fbdefd391ab6af389c139b59f1975f7f92168efeb0e60c19d00390c765a#rd
寻找中国版ChatGPT，量子位邀你共同参与中国AIGC产业峰会,量子位,2023-02-20,新闻,"以人为本,共享,福祉,和谐,开放,可持续,普惠","ChatGPT一声枪响，AIGC直接起飞，晋升科技圈最热话题。

问题和争论随之而来：

谁能做出中国版ChatGPT？

AIGC是概念炒作，还是真正的「互联网诞生时刻」？",http://mp.weixin.qq.com/s?__biz=MzIzNjc1NzUzMw==&mid=2247665736&idx=2&sn=709fabc4555d4d401d19085308c4ee67&chksm=e8deff3adfa9762c57bb2725715e8341bcf1aee3cee3a43979496e8c4f1be6ea58a8f9f5f51b#rd
火遍全球的ChatGPT，它的背后是陷阱还是神话？,虎嗅,2023-02-24,新闻,"以人为本,共享,福祉,和谐,开放,可持续,和谐,透明",当下最火的ChatGPT，国内的很多朋友只是听说，很多人是没有使用的，我使用了一段时间，把一些思考跟大家聊一聊，透过现象本质，本期荣茂观察我想说说人工智能和西方代言人的迭代之术。,https://www.huxiu.com/article/803629.html?f=rss
看了ChatGPT的《使用条款》，确实有点东西,数据法盟,2023-02-22,新闻,"以人为本,共享,福祉,和谐,开放,可持续,普惠",ChatGPT本质上应该是AI互联网的基础设施，这一点基本上已经在业内取得共识，正因如此，她的横空出世才引起了远超以往其他人工智能工具的关注热潮，毕竟我们聊了这么久的人工智能，这一次似乎是所有人都觉得她真的要来了。,http://mp.weixin.qq.com/s?__biz=MzIyNjUxOTQ0MQ==&mid=2247547169&idx=1&sn=d6048c6c6486fefc2bd27a52c3e7b6d5&chksm=e86d49dfdf1ac0c9640b254e4c3c1757e522cb8cdebf3ec0cd47009d31812f8aa5dab4e43880#rd
科技部谈ChatGPT：人工智能为新增长引擎,中国新闻网,2023-02-24,新闻,"以人为本,共享,福祉,和谐,开放,可持续,和谐",中新网2月24日电 24日，国新办举行“权威部门话开局”系列主题新闻发布会，科技部高新技术司司长陈家昌答记者问时表示，ChatGPT最近形成了一种现象级的应用，表现出很高的人机交互水平，表现出自然语言的大模型已经具备了面向通用人工智能的一些特征，在众多行业领域有着广泛的应用潜力。,http://news.sciencenet.cn/htmlnews/2023/2/494512.shtm
类ChatGPT入职车企，简历上能写些啥？,钛媒体,2023-02-24,新闻,"以人为本,共享,福祉,和谐,开放,可持续,和谐","蹭热度，搞话题，车企轻车熟路。Logo上天入地，由实到虚，无处不在：

上过大火箭，也下过基辅号航母；进过实体咖啡店，也进过虚拟元宇宙空间。

概念一个没拉下，这不，ChatGPT概念没来多久，车企便一个赶着一个冲进来：

2月14日，集度首次接入百度文心一言大模型后，16-17日长城、红旗、岚图等车企纷纷涌入，打造基于智能汽车场景的大模型人工智能交互体验。

2月17日，毫末智行宣布自行研发车界的ChatGPT—DriveGPT。

长城则更为嚣张，直接放出ChatGPT安利长城的“软文”。",https://www.tmtpost.com/6426317.html
网文版ChatGPT来了：大模型辅助写作，澜舟和中文在线联手出品,量子位,2023-02-17,新闻,"以人为本,共享,福祉,和谐,开放,可持续","衡宇 发自 凹非寺
量子位 | 公众号 QbitAI
AIGC爆火，ChatGPT一枝独秀，想要追逐、赶超，从什么角度切入比较好？

澜舟科技创始人兼CEO、AI大拿周明的想法是“在垂直领域的应用”。

也就是说，不学ChatGPT的“AGI”梦想，先在一个具体领域做好，等形成产业链后，再把这套成熟的技术铺向更多领域。

不单单是他一个人这么想，还有人跟他一拍即合，这人是中文在线集团董事长兼总裁童之磊。

就在昨天，两家公司宣布了合作，要一起部署类ChatGPT技术，在内容创作中有效发挥AIGC的作用。",http://mp.weixin.qq.com/s?__biz=MzIzNjc1NzUzMw==&mid=2247665466&idx=4&sn=69071cece9e828490cea095d97a08861&chksm=e8def048dfa9795e6707185750c306eabf346c215441434f45dde9ff17c7766aee5ea5221d6a#rd
联想杨元庆谈ChatGPT：背后需要普慧算力基础设施,TechWeb,2023-02-24,新闻,"以人为本,共享,福祉,和谐,开放,可持续,和谐,可信",2月24日消息，联想集团董事长兼CEO杨元庆在联想创投CEO年会上表示，打造“技术联想”一直是联想的创业初心。面对全球政经环境的变幻，面对技术和产业周期的日新月异，坚持用技术创新驱动发展，才能增强穿越周期的续航力。,http://www.techweb.com.cn/it/2023-02-24/2920831.shtml
试用ChatGPT：胡说八道,blog.sciencenet,2023-02-20,新闻,"以人为本,共享,福祉,和谐,开放,可持续,和谐","看网上有人说ChatGPT确实有人类智能特点，可以一本正经地胡说八道。体验一下。发现无法使用真正的ChatGPT，找一个类似的小程序试试。

第一个问题是解释非线性动力学。回答总体上似是而非。不能说完全不对，但达不到及格水准。",http://blog.sciencenet.cn/home.php?mod=space&uid=220220&do=blog&id=1377183
追赶ChatGPT的难点与平替,虎嗅,2023-02-20,新闻,"以人为本,共享,福祉,和谐,开放,可持续","最近ChatGPT真的太火爆了，让人很难静下心。一方面是对它的能力感到不安，以后各个NLP子任务可能就统一起来了，范式也会变成预训练+Prompt，不需要那么多精调模型的算法了。另一方面是对国内复制ChatGPT感到悲观，那么大的模型，真的需要很强的决心，投入足够的人力、财力和时间才能做出来。


调整了几周，终于回归开卷的心态，捋了一遍我认为复现ChatGPT的难点与平替方案。由于个人精力有限，以下调研肯定存在纰漏，欢迎大家一起讨论补全。",https://www.huxiu.com/article/799193.html?f=rss
龚克：ChatGPT爆火，生成式AI意味着什么？,清华大学人工智能国际治理研究院,2023-02-21,新闻,"以人为本,共享,福祉,和谐,开放,可持续,和谐,公平",ChatGPT一经推出便受到高度关注，上线仅两个月，其月活用户便突破1亿，不可不谓之火爆。,http://mp.weixin.qq.com/s?__biz=MzU4MzYxOTIwOQ==&mid=2247498518&idx=2&sn=bdd8a1d23dbbe1e5e287a1cd652cb39a&chksm=fda4fcf0cad375e68218677503ad115afe40f78ee5eb172aa80395fbe9ae5e0b1e1e8672902d#rd
ChatGPT之后，AIGC会如何革新内容创作？,微信公众平台,2023-03-15,新闻,"开放,共享,友好,合作,可信,可持续,包容,以人为本,人权",胡    璇 腾讯研究院高级研究员胡晓萌 腾讯研究院研究员、博士后内容生产，特别是创意工作，一向被认为是人类的专属和智能的体现。,http://mp.weixin.qq.com/s?__biz=MjM5OTE0ODA2MQ==&mid=2650968518&idx=1&sn=50fa08e641fe0c8e405816d8d234beaa&chksm=bcc9deb48bbe57a2b115653beabd606bc3156567e4a8bb7798bdc517b45132a4d71fd0d8381d#rd
ChatGPT之后：如何激活我们的创新能力？,虎嗅,2023-03-13,新闻,"开放,共享,友好,合作,内部安全,外部安全,自主,以人为本,人权",本文来自微信公众号：经济观察报 （ID：eeo-com-cn），作者：陈永伟，原文标题：《如何激活创新能力》，题图来自：视觉中国最近，随着ChatGPT的火爆，关于我国创新能力的讨论又开始热闹起来。,https://www.huxiu.com/article/819554.html?f=rss
ChatGPT全球赛开场，李彦宏已无退路，百度文心一言今日正式开始邀请测试！,微信公众平台,2023-03-16,新闻,"开放,共享,以人为本,人权",新智元报道  编辑：编辑部【新智元导读】ChatGPT全球赛，百度文心一言今日正式开始邀请测试！ChatGPT国内赛，已有选手冲刺到终点了。,http://mp.weixin.qq.com/s?__biz=MzI3MTA0MTk1MA==&mid=2652305049&idx=1&sn=4970929612ae7a6426e01ee67a896f51&chksm=f1258268c6520b7eb66e423c71cf08be547742d1ad489a2c5722a347d0b653e98ec227659460#rd
ChatGPT出来后，办公室摸鱼这件事要凉凉,虎嗅,2023-03-29,新闻,"权益,以人为本,人权","实话实说，我认识很多职场摸鱼大师，他们一般喜欢周五中午来找我吃饭。因为小酌两杯，下午就可以直接回家睡觉，不用再去公司。


大厂摸鱼的话题，之前我们写过很多次了，搞来搞去，就那么几个流派：周报派，PPT派，里应外合派，老白兔派，舔狗派。",https://www.huxiu.com/article/968592.html
ChatGPT告诉你：如何反职场PUA和晋升阿里P9,虎嗅,2023-03-18,新闻,"权益,开放,共享,友好,合作,尊重,透明,自主,以人为本,人权",本文来自微信公众号：一只特立独行的Eric（ID：EricDai1992），整理编辑：Eric，头图来自：视觉中国目的：最近每天都花1~2h向ChatGPT提问，原因是已经感知到未来人的核心能力要从“回答问题”→“提好问题”迁移了，未来企业对人软素质的要求变化，我们应该提前做准备。,https://www.huxiu.com/article/838998.html?f=rss
ChatGPT应用实例：关于生物创业学,科学网,2023-03-09,新闻,"可信,可持续,以人为本,人权",Steven: 请介绍一下 生物创业学？  ChatGPT: 生物创业学（Bioentrepreneurship）是指应用创业理念和方法，以生物技术和医疗健康等领域为基础，创立和运营生物企业的学科。,http://blog.sciencenet.cn/home.php?mod=space&uid=2636671&do=blog&id=1379535
ChatGPT或成传播网络谣言最强工具？,虎嗅,2023-03-30,新闻,"隐私,权益,内部安全,外部安全,可信,可持续,以人为本,人权",据央视网报道，近日发生多起AI换装或换脸事件，引发公众广泛讨论。,https://www.huxiu.com/article/987117.html
ChatGPT的底层逻辑与未来边界,虎嗅,2023-03-29,新闻,"开放,共享,以人为本,人权",如果你关注基于 LLM （大语言模型）生成式AI、ChatGPT、GPT-4…...那么你最近一定跟M小姐一样，感觉要被各种媒体的噪音淹没了。,https://www.huxiu.com/article/971817.html
ChatGPT造孽，中国高校因它算力荒,虎嗅,2023-03-13,新闻,"开放,共享,友好,合作,以人为本,人权","不做大模型，就没有算力用。

这是ChatGPT点燃AI风口后，国内某top3高校AI实验室的残酷现状。",https://www.huxiu.com/article/818310.html?f=rss
GAIR Live｜五位学者大论道：ChatGPT，能否重构中国生命科学界的底层逻辑？｜（下篇）,微信公众平台,2023-03-13,新闻,"友好,合作,内部安全,外部安全,隐私,以人为本,人权",ChatGPT的热度，不亚于2016年横空出世的AlphaGo和2020年的AlphaFold2：前者曾带动了计算机视觉在医疗的落地，后者则逼近了在生命科学特定领域的技术极限。如今，以ChatGPT为代表的生成式AI技术，能否成为生命科学进一步突破的技术引擎？,http://mp.weixin.qq.com/s?__biz=MzIxMTY1ODE1MA==&mid=2247498848&idx=1&sn=3a5dbed2508a1857f8ad304ed0a4c755&chksm=975348a9a024c1bf91a2ea141ba10146dac70d16a330d159a4b5634ba2c79f18cca109cffaca#rd
UCL汪军呼吁创新：后ChatGPT通用人工智能理论及其应用,微信公众平台,2023-03-05,新闻,"以人为本,人权",". While effective, this strategy has the following drawbacks: first, a prompt simply provides a description of the user's response, but the user's genuine intent may not be explicitly stated and must be inferred. Perhaps a robust model, as proposed previously for conversation bots, would be a partially observable Markov decision process (POMDP) that accurately models a hidden user intent. Second, ChatGPT is first trained using language fitness and then human labels for conversation goals. Due to the platform's open-ended nature, actual user's aim and objective may not align with the trained/fined-tuned rewards. In order to examine the equilibrium and conflicting interests of humans and agents, it may be worthwhile to use a game-theoretic perspective [9]. 5.Novel applicationsAs proven by ChatGPT, there are two distinctive characteristics of foundation language models that we believe will be the driving force behind future machine learning and foundation language model applications. The first is its superior linguistic skills, while the second is its embedded semantics and early reasoning abilities (in the form of human language). As an interface, the former will greatly lessen the entry barrier to applied machine learning, whilst the latter will significantly generalise how machine learning is applied. As demonstrated in the new learning pipeline presented in Section 1, prompts and in-context learning eliminate the bottleneck of data engineering and the effort required to construct and train a model. Moreover, exploiting the reasoning capabilities could enable us to automatically dissect and solve each subtask of a hard task. Hence, it will dramatically transform numerous industries and application sectors. In internet-based enterprises, the dialogue-based interface is an obvious application for web and mobile search, recommender systems, and advertising. Yet, as we are accustomed to the keyword-based URL inverted index search system, the change is not straightforward. People must be retaught to utilise longer queries and natural language as queries. In addition, foundation language models are typically rigid and inflexible. It lacks access to current information regarding recent events. They typically hallucinate facts and do not provide retrieval capabilities and verification. Thus, we need a just-in-time foundation model capable of undergoing dynamic evolution over time. We therefore call for novel applications including but not limited to the following areas: Novel prompt engineering, its procedure, and software support.Generative and model-based web search, recommendation and advertising; novel business models for conversational advertisement.Techniques for dialogue-based IT services, software systems, wireless communications (personalised messaging systems) and customer service systems.Automation generation from foundation language models for Robotic process automation (RPA) and software test and verification.AI-assisted programming.Novel content generation tools for creative industries.Unifying language models with operations research and enterprise intelligence and optimisation.Efficient and cost-effective methods of serving large foundation models in Cloud computing. Foundation models for reinforcement learning and multiagent learning and, other decision-making domains.Language-assisted Robotics.Foundation models and reasoning for combinatorial optimisation, EDA and chip design.References:[1]Wei, Jason, et al. ""Emergent abilities of large language models."" arXiv preprint arXiv:2206.07682 (2022).[2]Min, Sewon, et al. ""Rethinking the Role of Demonstrations: What Makes In-Context Learning Work?."" arXiv preprint arXiv:2202.12837 (2022).[3]Vapnik, Vladimir N., and A. Ya Chervonenkis. ""On the uniform convergence of relative frequencies of events to their probabilities."" Measures of complexity: festschrift for alexey chervonenkis (2015): 11-30.[4]Valiant, Leslie G. ""A theory of the learnable."" Communications of the ACM 27.11 (1984): 1134-1142.[5]Wolpert, David H. ""The lack of a priori distinctions between learning algorithms."" Neural computation 8.7 (1996): 1341-1390.[6]Kosinski, Michal. ""Theory of mind may have spontaneously emerged in large language models."" arXiv preprint arXiv:2302.02083 (2023).[7]Wen Y, Wan Z, Zhou M, Hou S, Cao Z, Le C, Chen J, Tian Z, Zhang W, Wang J. On Realization of Intelligent Decision-Making in the Real World: A Foundation Decision Model Perspective. arXiv preprint arXiv:2212.12669. 2022 Dec 24.[8]Peng P, Wen Y, Yang Y, Yuan Q, Tang Z, Long H, Wang J. Multiagent bidirectionally-coordinated nets: Emergence of human-level coordination in learning to play starcraft combat games. arXiv preprint arXiv:1703.10069. 2017 Mar 29.[9]Tian Z, Wen Y, Gong Z, Punakkath F, Zou S, Wang J. A Regularized Opponent Model with Maximum Entropy Objective.[10]Wen Y, Yang Y, Luo R, Wang J, Pan W. Probabilistic recursive reasoning for multi-agent reinforcement learning. In7th International Conference on Learning Representations, ICLR 2019 2019.[11]Wen Y, Yang Y, Wang J. Modelling bounded rationality in multi-agent interactions by generalized recursive reasoning. InProceedings of the Twenty-Ninth International Conference on International Joint Conferences on Artificial Intelligence 2021 Jan 7 (pp. 414-421).[12]Vemprala, Sai, et al. ""ChatGPT for Robotics: Design Principles and Model Abilities."" (2023).[13]Schick, Timo, et al. ""Toolformer: Language models can teach themselves to use tools."" arXiv preprint arXiv:2302.04761 (2023).[14]Mialon G, Dessì R, Lomeli M, Nalmpantis C, Pasunuru R, Raileanu R, Rozière B, Schick T, Dwivedi-Yu J, Celikyilmaz A, Grave E. Augmented Language Models: a Survey. arXiv preprint arXiv:2302.07842. 2023 Feb 15.ChatGPT及大模型技术大会机器之心将于3月21日在北京举办「ChatGPT 及大模型技术大会」，为圈内人士提供一个专业、严肃的交流平台，围绕研究、开发、落地应用三个角度，探讨大模型技术以及中国版 ChatGPT 的未来。",http://mp.weixin.qq.com/s?__biz=MzA3MzI4MjgzMw==&mid=2650870073&idx=3&sn=0971a6c07c23910602ea4dd7bb63104e&chksm=84e4d547b3935c51d59e7c1ddd3a95c99cdc96f6b357c828f9310e7b45c3463b5da4d3b2178c#rd
“中国版ChatGPT”文心一言来了，百度能飞上AI风口吗？,微信公众平台,2023-03-16,新闻,"开放,共享,友好,合作,以人为本,人权",先进制造业·导读被外界誉为“中国版ChatGPT”终于来了。,http://mp.weixin.qq.com/s?__biz=MjM5NzE1MjkyMw==&mid=2650735993&idx=2&sn=4b445a1a3cece2bfe8876f7af6800cee&chksm=bed5f48d89a27d9b0e4c16d64fcce8bbee0f30c7fe897727ef439f24e57bda6341d7dd02a8c4#rd
《人工智能通用大模型（ChatGPT）的进展、风险与应对》研究报告（全文）,微信公众平台,2023-03-12,新闻,"内部安全,外部安全,隐私,以人为本,人权",导 读：ChatGPT代表了人工智能通用大模型的最新进展，显示了大模型的巨大影响力。,http://mp.weixin.qq.com/s?__biz=MzIyNjUxOTQ0MQ==&mid=2247548628&idx=2&sn=747c127ff227621568a222ea95e11a49&chksm=e86d4e2adf1ac73ccfe3945bf4f0f23ce80ee779ea5f7f3a3912d76fce2c666dfb1344e1e97e#rd
【ChatGPT系列报告】百度文心一言报告，16页pdf,微信公众平台,2023-03-17,新闻,"开放,共享,可信,可持续,以人为本,人权",百度于2023年3月16日召开关于“文心一言”的主题发布会，“文心一言”作为国内首款正式发布的生成式语言大模型，拥有文学创作、商业文案创作、数理逻辑推算、中文理解、多模态生成等功能。,http://mp.weixin.qq.com/s?__biz=MzU2OTA0NzE2NA==&mid=2247622923&idx=7&sn=aebd0f88413e27c8b1d90555ee03e1b4&chksm=fc880018cbff890e03c2bc1fb292b39e63417395ec3e3c9d9ba96af3272040b8a34474933e35#rd
【新京报】两会三人谈丨ChatGPT是一场“虚火”还是颠覆性技术革命,微信公众平台,2023-03-15,新闻,"开放,共享,友好,合作,内部安全,外部安全,歧视,责任,隐私,以人为本,人权",点击蓝字关注我们 曾毅中国科学院自动化研究所人工智能伦理与治理研究中心主任、清华大学人工智能国际治理研究院人工智能伦理与治理方向首席专家   //  最近，以ChatGPT为代表的人工智能技术风靡全球，它不仅能流畅地与用户对话，还能写诗、写文章、编码。,http://mp.weixin.qq.com/s?__biz=MzU4MzYxOTIwOQ==&mid=2247499020&idx=1&sn=0cec916fa795eae08821d6e643a9bf8f&chksm=fda4faeacad373fcae7a87b3cb48b8b5346971f1aea0a9fa8da777fe431eeec00d0e0c0e89a7#rd
不输ChatGPT 国产AI大模型开测：为中文优化、支持国产CPU训练,techweb,2023-03-15,新闻,"开放,共享,公平,公正以人为本,人权",ChatGPT今天升级了GPT-4模型，AI能力更加强大，国内在这方面也在迅速追赶，有国歌国产版ChatGPT问世了，现在清华大学教授唐杰宣布由该校AI成果转化的ChatGLM开始内测。,http://www.techweb.com.cn/it/2023-03-15/2922626.shtml
专家观点｜对话人类“文理工”科专家怎样接招ChatGPT,微信公众平台,2023-03-03,新闻,"友好,合作,内部安全,外部安全,尊重,隐私,以人为本,人权",点击蓝字关注我们    梁正清华大学公共管理学院教授、清华大学人工智能国际治理研究院副院长、清华大学中国科技政策研究中心副主任近一段时间，ChatGPT引发全民讨论。,http://mp.weixin.qq.com/s?__biz=MzU4MzYxOTIwOQ==&mid=2247498837&idx=2&sn=608b394e59fc91db0268158d1967b86d&chksm=fda4fbb3cad372a5e0cae327b317592976ef246691a79413e2b9a766572b1927b5f2a3018fa0#rd
专访小冰CEO李笛：ChatGPT不具备颠覆性，想盈利必须降质量,techweb,2023-03-07,新闻,"可信,可持续,内部安全,外部安全,以人为本,人权",在十四届全国人大一次会议“部长通道”上，科技部部长王志刚客观地评价了ChatGPT对于AI科技进步及其相关领域的价值。,http://www.techweb.com.cn/it/2023-03-07/2921781.shtml
东西问丨朱嘉明：ChatGPT现象级走红，人类该感到焦虑吗？,中国新闻网,2023-03-15,新闻,"以人为本,人权",");



                
                
                
                    

                
                

                
                
                    相关新闻
                    
                        
            东西问丨管涛：美国硅谷银行倒闭意味着什么？东西问丨朱塞佩·雷巴尔迪：千年“天宫”梦圆，中国如何助益全球太空探索？东西问丨白帆：消除贫困是人权问题吗？中西认识有何不同？东西问丨捷克当代艺术家伊瑞：“水墨牛仔”是怎样炼成的？
            

                
                
                
                
                    

                
                
                
                
                    
                        国内新闻精选：
                        
                                            
		“安全纽带-2023”海上联合军事演习在阿曼湾举行 
		2023年03月15日 15:00:13
                
		国家卫健委拟规范家庭托育点：收托人数不应超过5人
		2023年03月15日 14:22:44
                
		西藏阿里地区日土县发生4.",http://www.chinanews.com/gn/2023/03-15/9972291.shtml
中国自动化学会：未来将打造“ChatGPT”式服务模式助企发展,中国新闻网,2023-03-21,新闻,"友好,合作,责任,自主,以人为本,人权",中新网北京3月21日电 (记者 孙自法)中国自动化学会(CAA)主办的“企·话”CAA企业系列沙龙第一期近日在北京举行。,http://www.chinanews.com/cj/2023/03-21/9975710.shtml
为什么ChatGPT仿如十万个为什么回答机？,虎嗅,2023-03-04,新闻,"以人为本,人权",本文来自微信公众号：返朴 （ID：fanpu2019），出品：中国科协科普部，作者：陈清扬，题图来自：视觉中国OpenAI推出的聊天机器人ChatGPT在全球范围内成为讨论的焦点。,https://www.huxiu.com/article/811036.html?f=rss
俞敏洪：企业家如果没玩过ChatGPT，没资格谈高科技发展,中国新闻网,2023-03-18,新闻,"以人为本,人权",“大家讨论ChatGPT已经好几个月，有多少企业家玩过ChatGPT？”,http://www.chinanews.com/cj/2023/03-18/9974067.shtml
别怪罪ChatGPT没有创新能力，要怪就怪数学本身有缺陷,科学网,2023-03-10,新闻,"以人为本,人权",别怪罪ChatGPT没有创新能力，要怪就怪数学本身有缺陷武汉理工大学：刘永红你想要ChatGPT为你展示创新能力吗？我告诉你，这不是你叫它上台为你表演，而是叫它上天，实际上比登天还要困难。,http://blog.sciencenet.cn/home.php?mod=space&uid=3519678&do=blog&id=1379792
周鸿祎警告：ChatGPT将会产生自我意识 想要消灭人类,techweb,2023-03-15,新闻,"以人为本,人权","【TechWeb】3月15日，周鸿祎在一场名为"" 人类与人工智能终有一战 ""的访谈中明确表示，ChatGPT虽然现在智能看懂文字，但未来如果给GPT-4 接上摄像头，有可能会长出眼镜、耳朵和脚，看懂图像视频、听懂音频，甚至产生自我意思。",http://www.techweb.com.cn/it/2023-03-15/2922697.shtml
对标ChatGPT！文心一言云服务来了：百度官宣3月27日上线,techweb,2023-03-20,新闻,"友好,合作,以人为本,人权",3月20日消息，百度官方今日宣布，将于3月27日14:00在北京总部召开新品发布会，发布文心一言云服务及应用产品。,http://www.techweb.com.cn/it/2023-03-20/2922970.shtml
对比体验 ChatGPT，聊聊文心一言的优缺点,少数派,2023-03-20,新闻,"责任,以人为本,人权",Matrix 精选Matrix 是少数派的写作社区，我们主张分享真实的产品体验，有实用价值的经验与思考。,https://sspai.com/post/78900
导演郭帆走进校园谈ChatGPT：所有技术都是“双刃剑”,中国新闻网,2023-03-12,新闻,"以人为本,人权",,http://www.chinanews.com/cul/2023/03-12/9970040.shtml
年薪百万，只需陪聊，ChatGPT正在带起一种很新的职业,虎嗅,2023-03-07,新闻,"友好,合作,以人为本,人权",本文来自微信公众号：爱范儿 （ID：ifanr），作者：张成晨，头图来自：unsplash2022 年 8 月，游戏设计师 Jason Allen 参加了一场数字艺术比赛。,https://www.huxiu.com/article/813117.html?f=rss
支付宝：“山寨ChatGPT”套路多 应提高警惕,techweb,2023-03-15,新闻,"内部安全,外部安全,隐私,以人为本,人权",3月15日 消息:支付宝安全中心发文称，与ChatGPT相关的骗局最近呈现高发趋势，一些不法分子借此机会，在网上发布代注册ChatGPT账号服务和山寨版ChatGPT应用，并收取费用，牟取非法利益。,http://www.techweb.com.cn/it/2023-03-15/2922674.shtml
教育数字化转型如何应对ChatGPT挑战,科学网,2023-03-06,新闻,"以人为本,人权","教育数字化转型如何应对ChatGPT挑战
                                                
                                                
                                                    
                                                        
                                                
                                            
                                             
 
 
  作为人工智能驱动的新一代自然语言处理工具，ChatGPT因其强大的语言理解和文本生成能力，一经问世便备受关注。",http://news.sciencenet.cn/htmlnews/2023/3/495419.shtm
机器之心ChatGPT及大模型技术大会全日程公布，本周二速来围观,微信公众平台,2023-03-20,新闻,"友好,合作,内部安全,外部安全,透明,自主,以人为本,人权",在 ChatGPT 引爆科技领域之后，时隔不到四个月，OpenAI 又出大招，重磅推出多模态预训练大模型 GPT-4，号称史上最先进的 AI 系统！微软更是将 GPT-4 全面接入 Office 全家桶，人人都可以用人工智能自动生成文档、电子邮件、演示文稿。,http://mp.weixin.qq.com/s?__biz=MzA3MzI4MjgzMw==&mid=2650871411&idx=2&sn=82a1fd322a1dbf8306129ec4fa00af13&chksm=84e4d20db3935b1ba5a26713aa03de083043d9f0467e39f6147ca494584548917352f30ff924#rd
李开复宣布筹组中文版 ChatGPT 公司“Project AI 2.0”,微信公众平台,2023-03-19,新闻,"以人为本,人权",作者丨New Bing编辑丨AI科技评论1背景3月19日下午4点半，创新工场董事长兼CEO李开复在朋友圈宣布，正在亲自筹组Project AI 2.0，这是创新工场塔尖孵化（即先在策略层面设定特定技术主题，再深度挖掘该领域的专业人才、研究论文、跟踪行业最新动态）的第7家公司，致力打造AI 2.0全新平台和AI-first生产力应用的全球化公司。,http://mp.weixin.qq.com/s?__biz=MzA5ODEzMjIyMA==&mid=2247701306&idx=2&sn=91d1bf95fb4848d9ff0b013fba561dd4&chksm=909bdaa9a7ec53bf637956303bcfd18eaba2f4d7003059c156ea6c45d89cee14e32ab8b9aaa8#rd
深度剖析：ChatGPT会进化成“超级人工智能”吗?,虎嗅,2023-03-16,新闻,"可信,可持续,以人为本,人权",继ChatGPT以近乎摧枯拉朽的气势席卷社会之后，3月14日，OpenAI又发布了 GPT-4，宣称其可以更准确地解决复杂问题，是“最先进的人工智能系统”。,https://www.huxiu.com/article/821831.html?f=rss
王兴将出任王慧文创业公司董事/ 谷歌多年来故意推迟发布类ChatGPT/ 飞书回应齐俊元并未负责日本业务...今日更多新鲜事在此,微信公众平台,2023-03-09,新闻,"内部安全,外部安全,责任,公平,公正以人为本,人权",日报君 发自 凹非寺量子位 | 公众号 QbitAI家人们早上好，今天是3月9日，疯狂星期四。,http://mp.weixin.qq.com/s?__biz=MzIzNjc1NzUzMw==&mid=2247668186&idx=5&sn=ec54ed221b2c8c1cbc70c37feba624ec&chksm=e8dee6a8dfa96fbef52d765f321db21d6b8caa834bce9698b2f9af46054e32827858eef04f74#rd
生物创业学期刊（from ChatGPT dialog.）,科学网,2023-03-09,新闻,"以人为本,人权",Steven: 生物创业学期刊有吗？ ChatGPT:是的，有许多生物创业相关的学术期刊，以下是几个比较知名的生物创业学术期刊：1.《生物技术创新》（Biotechnology Innovation）：该期刊刊登了关于生物技术和生物医学的创新和商业化方面的研究论文和综述，旨在推动生物技术的商业应用和创新。,http://blog.sciencenet.cn/home.php?mod=space&uid=2636671&do=blog&id=1379586
生物创业学著作（from  ChatGPT dialog.）,科学网,2023-03-09,新闻,"以人为本,人权",Steven:  请介绍一下生物创业学著作有吗？ChatGPT:  当然有！以下是几本值得阅读的生物创业学著作： 《生物医学企业家实用指南》（A Practical Guide for Biomedical Entrepreneurs）：这本书由一位生物创业者和一位风险投资家合著，深入探讨了生物创业的各个方面，包括产品开发、市场研究、融资和风险管理等。,http://blog.sciencenet.cn/home.php?mod=space&uid=2636671&do=blog&id=1379585
用ChatGPT写话剧会发生什么？,虎嗅,2023-03-14,新闻,"以人为本,人权",最近一段时间，ChatGPT可是一个火爆的话题，各行各业都在讨论。,https://www.huxiu.com/article/820005.html?f=rss
直面基础研究难点、用梅西解释ChatGPT……科技部部长王志刚回应热点,中国科技网,2023-03-05,新闻,"公平,公正以人为本,人权","科技日报记者 刘垠 何亮
3月5日，十四届全国人大一次会议首场“部长通道”开启，科技部部长王志刚围绕如何加强基础研究、强化企业科技创新主体地位等话题答疑解惑。",http://www.stdaily.com/index/kejixinwen/202303/406625e7c1774615b763bd7ba3555059.shtml
祝世虎：ChatGPT的技术、缺陷、合规与展望 | DPOHUB何谈第20期,微信公众平台,2023-03-03,新闻,"以人为本,人权",DPOHUB何谈第20期直播预约|祝世虎：ChatGPT的技术、缺陷、合规与展望主题：ChatGPT的技术、缺陷、合规与展望主讲人：祝世虎，光大信托科技部副总经理、数据中心总经理主持人：何渊，DPOHUB主理人，上海交大数据法律研究中心执行主任时间：2023年3月3日（周五）晚7:30—9:30形式：小鹅通“DPOHUB合规研究院”和视频号“数据保护官”同步直播主讲人简介祝世虎，光大信托信息技术部副总经理、数据中心总经理。,http://mp.weixin.qq.com/s?__biz=MzIyNjUxOTQ0MQ==&mid=2247547559&idx=3&sn=925eefa7eb30f68ca159857ab9eb9d30&chksm=e86d4a59df1ac34fda1795c8250fcda1aec36a70138275995605aecc53ecb366e0d40cb80937#rd
科技部长王志刚谈ChatGPT用梅西举例,观察者网,2023-03-05,新闻,"以人为本,人权",3月5日上午，第十四届全国人民代表大会第一次会议在人民大会堂举行开幕会。,https://www.guancha.cn/industry-science/2023_03_05_682626.shtml
突发！李开复宣布筹办新公司：不仅是中国版ChatGPT，全球招英才,微信公众平台,2023-03-19,新闻,"以人为本,人权",丰色 萧箫 发自 凹非寺量子位 | 公众号 QbitAI李开复突然宣布筹办新公司，目标大模型领域。,http://mp.weixin.qq.com/s?__biz=MzIzNjc1NzUzMw==&mid=2247669703&idx=1&sn=acca4f5f9b4dcec56e806ecf1675f177&chksm=e8dee0b5dfa969a36cd8cb8e2524c95752a8818c2d4aa3c8824933101a7f14b8f23da0260d25#rd
被ChatGPT带飞的AIGC如何在中国落地？量子位邀你共同参与中国AIGC产业峰会,微信公众平台,2023-03-03,新闻,"友好,合作,以人为本,人权",组委会 发自 凹非寺量子位 | 公众号 QbitAIChatGPT一声枪响，AIGC直接起飞，晋升科技圈最热话题。,http://mp.weixin.qq.com/s?__biz=MzIzNjc1NzUzMw==&mid=2247667308&idx=6&sn=bf095a798cc9c212ea1ec2b398b24df5&chksm=e8def91edfa97008e79975a02505eb9831e511846b82d670ab510e074546d4806ea75b2baf46#rd
重磅！哈工大最新94页《ChatGPT调研报告》，详述ChatGPT技术原理与应用场景,微信公众平台,2023-03-12,新闻,"可信,可持续,公平,公正以人为本,人权",来源：哈尔滨工业大学、自然语言处理研究所（HIT-NLP）2022年11月30日，OpenAI推出全新的对话式通用人工智能工具——ChatGPT。,http://mp.weixin.qq.com/s?__biz=MzU2OTA0NzE2NA==&mid=2247622512&idx=2&sn=5f4c2dc25f1eff8a83c219df04fd38bb&chksm=fc87fe63cbf0777582b7abb20ba2f34341fe1cac0cc3ed9b60086e588836638029e7bff4009a#rd
香港科技大学鼓励学生使用ChatGPT 使用还可加分,techweb,2023-03-14,新闻,"开放,共享,以人为本,人权",3 月 14 日消息，据《香港经济日报》报道，香港科技大学的一门课程鼓励学生在期中报告中使用 ChatGPT，并承诺给予额外加分。,http://www.techweb.com.cn/it/2023-03-14/2922489.shtml
香港科技大学：期中报告使用ChatGPT可加分,techweb,2023-03-14,新闻,"开放,共享,以人为本,人权",3月14日 消息:据《香港经济日报》报道，近日香港科技大学的一门课程已率先开放ChatGPT的使用，以推动学生对课程知识的深入思考。,http://www.techweb.com.cn/it/2023-03-14/2922504.shtml
ChatGPT发疯怎么办？小冰李笛：两个关键，我可破之,量子位,2023-02-27,新闻,"以人为本,共享,福祉,和谐,开放,可持续,普惠","微软必应接入GPT大模型后，效果并没有大家想象中那么好——它发疯了。

如今官方紧急出面，更（砍）新（掉）了必应上面最受欢迎的功能，也就是发表观点的能力。

大伙儿显然很不买账，认为新必应失去了最有意思的部分，现在版本的体验感甚至不如siri 1.0。",http://mp.weixin.qq.com/s?__biz=MzIzNjc1NzUzMw==&mid=2247666554&idx=1&sn=eb018d23a2aa99c8376a07a858338fc7&chksm=e8defc08dfa9751e762e50040915ce885f4122b40a65df53b4401b5e128af3c14ae5a67dbc89#rd
ChatGPT把Web 3.0从币圈手里夺回来,虎嗅,2023-02-20,新闻,"以人为本,共享,福祉,和谐,开放,可持续,和谐,公平","Albert 问了我一个很好的问题，他说：“你觉得 ChatGPT 的出现，带来的核心实质变化是什么？假设类比移动互联网的实质是可移动和摄像头等属性的话。”

紧跟着他说：“这一波 AI 变化的实质是什么，这个才是关键。”",https://www.huxiu.com/article/799264.html?f=rss
ChatGPT爆火，生成式AI意味着什么？,科学网,2023-02-17,新闻,"以人为本,共享,福祉,和谐,开放,可持续",ChatGPT一经推出便受到高度关注，上线仅两个月，其月活用户便突破1亿，不可不谓之火爆。,http://news.sciencenet.cn/htmlnews/2023/2/494048.shtm
OpenAI独家回应｜ChatGPT为何不向所有中国用户开放注册？,数据法盟,2023-02-18,新闻,"以人为本,共享,福祉,和谐,开放,可持续","伴随美国初创企业OpenAI开发的通用型聊天机器人——ChatGPT引发全球热潮，大量用户涌入OpenAI官网，注册、并试用ChatGPT。

由于一些中国用户在OpenAI官网注册时遭到拒绝，公众开始关注，ChatGPT是否未向中国内地及中国香港用户开放注册？一些中国国内平台提供的类“ChatGPT”服务是否经过授权？",http://mp.weixin.qq.com/s?__biz=MzIyNjUxOTQ0MQ==&mid=2247546978&idx=1&sn=b7628468f5c483054281927c4c2525b9&chksm=e86d489cdf1ac18a2ab8f30320be82c61fd861b92d7a6b277fe7b744e8f89035730fc8b1e3d6#rd
中国式ChatGPT“大跃进”,虎嗅,2023-03-03,新闻,"以人为本,共享,福祉,和谐,开放,可持续,和谐,公平",3月2日，OpenAI正式开放了ChatGPT的API接口，开发人员可以将ChatGPT模型集成到他们的应用程序和产品中。ChatGPT API调用的价格以Token计算，0.002美元可以获得1000 Token，1000个Token约等750个单词。这个价格比ChatGPT刚刚开放测试时大幅下降，OpenAI官方称，12月以来，OpenAI为ChatGPT降低了90%的成本。,https://www.huxiu.com/article/809307.html?f=rss
为什么所有公开的对 GPT-3 的复现都失败了？复现和使用 GPT-3/ChatGPT，你所应该知道的,AI科技评论,2023-02-27,新闻,"以人为本,共享,福祉,和谐,开放,可持续,普惠","这一推文写于 2023 年 2 月 12 日，其中均为个人意见，仅供参考。

为什么所有公开的对 GPT-3 的复现都失败了？我们应该在哪些任务上使用 GPT-3.5 或 ChatGPT？",http://mp.weixin.qq.com/s?__biz=MzA5ODEzMjIyMA==&mid=2247701011&idx=2&sn=f3ab6ac29f04125ad9e8cc4b4b1d4ece&chksm=909bdb80a7ec5296ca2a1bed7de48ca90f98479009d40965d3b0dfa542b12743d5807dbdd715#rd
"人工智能通用大模型（ChatGPT）的进展、风险与应对”研究报告,华东政法大学发布,55页ppt",专知,2023-02-27,新闻,"以人为本,共享,福祉,和谐,开放,可持续,和谐",2023年2月23日，华东政法大学政治学研究院和人工智能与大数据指数研究院在上海正式发布“人工智能通用大模型（ChatGPT）的进展、风险与应对”研究报告（以下简称“报告”），并采取线上线下相结合的方式举办了报告发布会暨研讨会。该报告聚焦于以ChatGPT为代表的人工智能通用大模型及其社会影响，在深入分析其发展现状的基础上，对于各类治理风险进行了总体评估，并提出了应对风险的策略与具体建议。,http://mp.weixin.qq.com/s?__biz=MzU2OTA0NzE2NA==&mid=2247621545&idx=2&sn=2a88e74860fd25a5f33d3acc2cf87fc7&chksm=fc87fabacbf073ac939da3b2d5d19b7250266b0d966a61e90b1409220ba9bd67b6889315e963#rd
从BERT到ChatGPT，北航等9大顶尖研究机构全面综述：那些年一起追过的「预训练基础模型」,新智元,2023-02-27,新闻,"以人为本,共享,福祉,和谐,开放,可持续,和谐",【新智元导读】2023年了，还有人从头开始训模型吗？追踪一下从Bert以来的那些预训练模型。,http://mp.weixin.qq.com/s?__biz=MzI3MTA0MTk1MA==&mid=2652298143&idx=3&sn=cd763337c3755329bf16baa41ccba9d6&chksm=f125af6ec6522678c37aa8c004fef88c02f88d3eec78cf44768d998ea9cdfc71359d061153a6#rd
从chatgpt思考人工智能的危险,blog.sciencenet,2023-02-28,新闻,"以人为本,共享,福祉,和谐,开放,可持续,和谐",在历史书上，常常会读到君主杀戮功臣。我们通常会认为君王残暴、专横，缺乏理智。从网络上一些人对人工智能的担心，也能感受到君王对大臣有类似的担心。,http://blog.sciencenet.cn/home.php?mod=space&uid=200346&do=blog&id=1378266
前京东 AI 掌门人周伯文也入局 ChatGPT，衔远科技正在招募合伙人,AI科技评论,2023-02-27,新闻,"以人为本,共享,福祉,和谐,开放,可持续",AI 技术大牛创业代表入局，中国的 OpenAI 人才争夺潮继续。,http://mp.weixin.qq.com/s?__biz=MzA5ODEzMjIyMA==&mid=2247701011&idx=1&sn=75dbf59ccf644932ccca7606e9b4cb16&chksm=909bdb80a7ec52965fd7f4e1d40f57dbc1158b8c403c9e481d8db99a4118995e718c7d193296#rd
前京东AI掌门人入局ChatGPT！「不设上限」招揽中国OpenAI合伙人,量子位,2023-02-27,新闻,"以人为本,共享,福祉,和谐,开放,可持续,和谐","又一技术大牛官宣入局ChatGPT。

这一回出手的，是被视作“京东AI开创者”的前京东高级副总裁，周伯文。",http://mp.weixin.qq.com/s?__biz=MzIzNjc1NzUzMw==&mid=2247666554&idx=3&sn=50ea33aaeefc25294ef8df7da1647f31&chksm=e8defc08dfa9751ef8918c0b1635d7ef8e083712acb7ad766577df6910b25ac7a712a7d3166b#rd
吴恩达给ChatGPT泼冷水/ 罗永浩谈欠薪/  谷歌元老离职... 今日更多新鲜事在此,量子位,2023-02-17,新闻,"以人为本,共享,福祉,和谐","大噶吼~今天是2月17日星期五。

又到一周工作日的尾巴了，各位想好周末怎么欢度了嘛？",http://mp.weixin.qq.com/s?__biz=MzIzNjc1NzUzMw==&mid=2247665466&idx=5&sn=a22c3e6c92b5f8dc2a31a5d1c6888536&chksm=e8def048dfa9795edbb4735835ef40ba2ebb81e0521d8a3a3bfb1cb60323cb11ffc4178a3cdc#rd
当我还在和ChatGPT聊天，有人已经开始用它来控制机器人干活了,机器之心,2023-02-27,新闻,"以人为本,共享,福祉,和谐,开放,可持续,普惠",ChatGPT 的功能目前已扩展到机器人领域，可以用语言直观控制如机械臂、无人机、家庭辅助机器人等的多个平台。这会改变人机交互的未来形式吗？,http://mp.weixin.qq.com/s?__biz=MzA3MzI4MjgzMw==&mid=2650869560&idx=3&sn=ea74178e6330ba25cad0439fb3f0191f&chksm=84e4cb46b39342500bbfb64679d2e4450ba1d1f8fe58b5f7fc4a0701eeb846b5607432640269#rd
消息称腾讯针对类ChatGPT对话式产品已成立“混元助手”项目组,TechWeb,2023-02-27,新闻,"以人为本,共享,福祉,和谐,开放,可持续,和谐,透明",2 月 27 日消息，据 36 氪职场 Bonus 报道，腾讯针对类 ChatGPT 对话式产品已成立“混元助手（HunyuanAide）”项目组，该项目组 Owner 为张正友，PM 分别为俞栋、王迪、刘田，目前该项目有至少 7 位组长、7 位 Sponsor。,http://www.techweb.com.cn/it/2023-02-27/2921009.shtml
立即体验！直接可用的中文版ChatGPT来了,机器之心,2023-02-28,新闻,"以人为本,共享,福祉,和谐,开放,可持续",ChatGPT 自发布以来势头可谓是「高开疯走」，最近更是频繁在各种社交平台刷屏出圈，其火爆程度不亚于当年的「AlphaGo」。,http://mp.weixin.qq.com/s?__biz=MzA3MzI4MjgzMw==&mid=2650869696&idx=1&sn=e1bbabede8880d11636d4668729bb166&chksm=84e4cbbeb39342a852d5b36cd983d20da5e72e2d344348cbf20592b6b947de831cf1d040b899#rd
线下讲座欲报从速！人工智能治理大讲堂第四期｜孙茂松：ChatGPT热议背后的思考：兼谈人工智能科技创新、产业发展与治理挑战,清华大学人工智能国际治理研究院,2023-02-27,新闻,"以人为本,共享,福祉,和谐,开放,可持续,和谐",本次讲座报名截止时间为2月28日晚24：00，目前还余有少量线下名额，欲报从速！,http://mp.weixin.qq.com/s?__biz=MzU4MzYxOTIwOQ==&mid=2247498658&idx=1&sn=4a53b2b8ebb35f4c55f31f02fb2c0f8a&chksm=fda4fc44cad37552aff520c48e8536f429b18faba659facdbfbb8a944ea34180f6ba67c165a2#rd
美团创始高管离职创业/ 国内首个类ChatGPT下月开源/ 推特员工睡公司仍被裁 ...今日更多新鲜事在此,量子位,2023-02-27,新闻,"以人为本,共享,福祉,和谐,开放,可持续,普惠","新的一周又开始啦～

在这段万物复苏、ChatGPT四处轰炸的日子里，科技圈又有哪些好玩的新鲜事？",http://mp.weixin.qq.com/s?__biz=MzIzNjc1NzUzMw==&mid=2247666554&idx=6&sn=ac4ce8883fcecac6b5b45887dfcb5d86&chksm=e8defc08dfa9751e16ae2f23091fc6eec70ebe31f578ff940b6345c6ebef14c32f10e094e594#rd
腾讯回应针对类 ChatGPT 成立「混元助手」项目组,TechWeb,2023-02-28,新闻,"以人为本,共享,福祉,和谐,开放,可持续,和谐",2月28日消息:日前有报道称，腾讯针对类ChatGPT对话式产品已成立「混元助手（HunyuanAide）」项目组，该项目组Owner为张正友，PM分别为俞栋、王迪、刘田，目前该项目有至少7位组长、7位Sponsor。该项目组将联合腾讯内部多方团队构建大参数语言模型，目标是「通过性能稳定的强化学习算法训练，完善腾讯智能助手工具，打造腾讯智能大助手。」,http://www.techweb.com.cn/it/2023-02-28/2921071.shtml
腾讯回应针对类ChatGPT成立「混元助手」项目组,TechWeb,2023-02-28,新闻,"以人为本,共享,福祉,和谐,开放",2月28日消息:日前有报道称，腾讯针对类ChatGPT对话式产品已成立「混元助手（HunyuanAide）」项目组，该项目组Owner为张正友，PM分别为俞栋、王迪、刘田，目前该项目有至少7位组长、7位Sponsor。该项目组将联合腾讯内部多方团队构建大参数语言模型，目标是「通过性能稳定的强化学习算法训练，完善腾讯智能助手工具，打造腾讯智能大助手。」,http://www.techweb.com.cn/it/2023-02-28/2921071.shtml
腾讯类ChatGPT保密项目爆出，张正友带队研发「混元助手」,机器之心,2023-02-28,新闻,"以人为本,共享,福祉,和谐,开放,可持续,和谐,公平,歧视","终于，腾讯的类 ChatGPT 项目「浮出了水面」。

自 ChatGPT 爆火之后，国内众多科技大厂都纷纷跟进，宣布类 ChatGPT 产品研发计划。其中 2 月 9 日，腾讯表示在相关方向上已有布局，专项研究也在有序推进。",http://mp.weixin.qq.com/s?__biz=MzA3MzI4MjgzMw==&mid=2650869696&idx=4&sn=b7932a6f3a833c1f59dd46a7dbddb8a1&chksm=84e4cbbeb39342a86c7e014c77877991cb736301418845dbda934ef78ad15296ecf0f29ab4c6#rd
那些想复刻ChatGPT的人，为何都失败了？,虎嗅,2023-02-21,新闻,"以人为本,共享,福祉,和谐",为什么所有公开的对 GPT-3 的复现都失败了？我们应该在哪些任务上使用 GPT-3.5 或 ChatGPT？,https://www.huxiu.com/article/799561.html?f=rss
面对ChatGPT，须妥善把握教育数字化尺度,科学网,2023-02-28,新闻,"以人为本,共享,福祉,和谐,开放,可持续",不久前，世界数字教育大会在北京召开。在大会发布的世界数字教育发展合作倡议中提到，数字技术作为世界科技革命和产业变革的先导力量，日益融入包括教育在内的经济社会发展各领域全过程，正在深刻改变着生产方式、生活方式和社会治理方式。而面对数字化带来的机遇和挑战，此次大会呼吁国际社会加强对话交流、深化务实合作，共同推动教育数字化变革和2030年教育目标的实现。,http://news.sciencenet.cn/htmlnews/2023/2/494895.shtm
（两会声音）中国离自己的ChatGPT还有多远？,中国新闻网,2023-02-28,新闻,"以人为本,共享,福祉,和谐,开放,可持续",中新社北京2月28日电 (记者 夏宾)由美国人工智能公司OpenAI推出的大语言模型ChatGPT吸引了全球目光，其热度在中国也持续高涨。有人发出疑问，中国离自己的ChatGPT还有多远？,http://www.chinanews.com/cj/2023/02-28/9962464.shtml
为革命老区科技教育注入新活力 “机器人老师”将走进多所小学,中国新闻网,2023-08-22,新闻,"以人为本,责任,可持续,普惠,和谐",中新网北京8月22日电 (记者 张素)“此次开展‘中国人工智能红色教育万里行’系列公益活动，是依托智能机器人中心丰富的科研成果及技术优势，将革命精神与现代科技教育相结合，以实实在在的成果展示人工智能教育发展成效。”清华大学人工智能研究院智能机器人中心主任、中国人工智能学会副理事长孙富春近日表示。,http://www.chinanews.com.cn/sh/2023/08-22/10065548.shtml
宁夏怡海西部首发第四代智慧型通用AI服务器,C114通信网,2023-08-20,新闻,"以人为本,和谐,责任,可信,透明,可持续",8月19日，在2023中国算力大会开幕式上，宁夏怡海信息技术有限公司发布了西部首发第四代智慧型通用AI服务器。,https://www.c114.com.cn/news/98/a1240547.html
【AIIG观察第199期】前美国驻华外交官沈岱波：中美科技合作协议应续签,清华大学人工智能国际治理研究院,2023-08-27,新闻,"透明,平等,共享,可持续,普惠","2023年8月4日，美国战略与国际研究中心（Center for Strategic and International Studies, CSIS）发表前美国驻华外交官、中国问题专家沈岱波（Deborah Seligsohn）撰写的评论文章《续签美中科技合作协议的理由（The Case for Renewing the U.S.-China S&T Cooperation Agreement）》。文章就临近最后期限的中美科技合作协议指出，该协议是关系到未来合作可能性的总括协议，对两国有利无害，建议美方一些国会议员打消焦虑情绪，按原样续签或由双方协商修订。",https://mp.weixin.qq.com/s/oUJ3_ETEaLsqDTLVkwrVBw
《智能家电与生成式人工智能大模型创新与发展白皮书》正式发布,千龙网,2023-08-30,新闻,"可持续,普惠,可信,和谐,以人为本",8月30日，国家高端智能化家用电器创新中心联合产学研上下游机构和厂商等单位，共同发布以“建设面向智能家电产业的国产大模型开放平台”为目的的白皮书——《智能家电与生成式人工智能大模型创新与发展白皮书》（以下简称“智能家电与 AIGC 白皮书”）。,https://china.qianlong.com/2023/0830/8100476.shtml
“ChatGPT”引领人工智能发展，四川产业应用实践与人才培养探讨|产业链情报站,和讯,2023-08-28,新闻,"责任,共享,友好,平等,合作",数字经济已成为经济发展的重要引擎，以AI为代表的各类新技术在助力产业数字化进展方面发挥巨大作用。8月22日，四川省通信学会特举办了“人工智能与信息通信前沿趋势”专家学术沙龙，来自运营商、学界、企业等代表齐聚一堂，分享了以ChatGPT为代表的人工智能发展历程，并在此基础上介绍了产业应用实践和信息通信前沿趋势发展等内容。,http://stock.hexun.com/2023-08-28/209868641.html
文心一言最新重磅发布 新增5大原生插件,TechWeb,2023-08-17,新闻,"以人为本,和谐,责任,可信,可持续,普惠",【TechWeb】8月16日消息，由深度学习技术及应用国家工程研究中心主办的WAVE SUMMIT深度学习开发者大会2023举办。百度首席技术官、深度学习技术及应用国家工程研究中心主任王海峰以《大语言模型为通用人工智能带来曙光》为题，阐述了大语言模型具备理解、生成、逻辑、记忆四项能力，为通用人工智能带来曙光。会上，百度重磅发布文心大模型、飞桨平台、AI原生应用如流等一系列技术、产品及生态成果。得益于飞桨产业级深度学习开源开放平台和文心大模型的互相促进，飞桨生态愈加繁荣，已凝聚800万开发者，服务22万家企事业单位，基于飞桨创建了80万个模型。,http://www.techweb.com.cn/internet/2023-08-17/2932158.shtml
文心一言最新重磅发布 新增5大原生插件,TechWeb,2023-08-17,新闻,"以人为本,和谐,责任,可信,可持续,普惠",【TechWeb】8月16日消息，由深度学习技术及应用国家工程研究中心主办的WAVE SUMMIT深度学习开发者大会2023举办。百度首席技术官、深度学习技术及应用国家工程研究中心主任王海峰以《大语言模型为通用人工智能带来曙光》为题，阐述了大语言模型具备理解、生成、逻辑、记忆四项能力，为通用人工智能带来曙光。会上，百度重磅发布文心大模型、飞桨平台、AI原生应用如流等一系列技术、产品及生态成果。得益于飞桨产业级深度学习开源开放平台和文心大模型的互相促进，飞桨生态愈加繁荣，已凝聚800万开发者，服务22万家企事业单位，基于飞桨创建了80万个模型。,http://www.techweb.com.cn/internet/2023-08-17/2932158.shtml
百度：已将大语言模型应用于搜索、图表制作等领域,TechWeb,2023-08-17,新闻,,8月16日，由深度学习技术及应用国家工程研究中心主办的 WAVE SUMMIT 深度学习开发者大会2023在北京举行。,http://www.techweb.com.cn/it/2023-08-17/2932143.shtml
人工智能为遥感科学与生态学交叉融合带来新契机,光明网,2023-08-18,新闻,"以人为本,和谐,可信,可持续,普惠",新华社客户端深圳8月17日电（记者 陈宇轩）第一届中国生态系统遥感学术研讨会17日在深圳举行。来自全国近100家科研机构、高校和行业部门的500余名生态学与遥感科学专家学者参会，共同探讨遥感技术在生态学创新变革中发挥的重要作用。,https://m.gmw.cn/2023-08/18/content_1303485139.htm
腾讯：行业大模型已应用于金融、文旅、传媒等10余个行业,TechWeb,2023-08-17,新闻,"可持续,普惠,可信,透明,责任",8月16日，腾讯控股披露二季报，显示本季腾讯实现营收1492.08亿元，同比增长11%，净利润（Non-IFRS）375.48亿元，同比增长33%。,http://www.techweb.com.cn/it/2023-08-17/2932142.shtml
百度CTO王海峰：大语言模型为通用人工智能带来曙光,TechWeb,2023-08-16,新闻,"以人为本,和谐,责任,可信,透明,可持续,普惠",8月16日消息，由深度学习技术及应用国家工程研究中心主办的WAVE SUMMIT深度学习开发者大会2023在北京举行。百度首席技术官、深度学习技术及应用国家工程研究中心主任王海峰做了主题演讲。王海峰首次对外表示，大语言模型具备了理解、生成、逻辑、记忆等人工智能的核心基础能力，为通用人工智能带来曙光。,http://www.techweb.com.cn/internet/2023-08-16/2932122.shtml
微软CEO纳德拉：AI像是互联网那样的巨浪 改变了规则,TechWeb,2023-08-18,新闻,"共享,友好,平等,合作,正义,包容,向善,福祉",8月18日消息，微软专注于人工智能（AI）技术的研发，并在OpenAI身上投入100多亿美元绝非偶然。该公司首席执行官萨蒂亚·纳德拉（Satya Nadella）认为，AI对公司以及整个行业的影响将与互联网浪潮一样大。,http://www.techweb.com.cn/it/2023-08-18/2932197.shtml
特斯拉：已在中国建立数据中心,TechWeb,2023-08-15,新闻,"可持续,透明,可信,和谐,隐私,以人为本",【TechWeb】8月15日消息，日前，有媒体报道称，特斯拉被湖南岳阳三荷机场禁止入内，原因是特斯拉带有哨兵模式，存在泄密风险。,http://www.techweb.com.cn/it/2023-08-15/2932008.shtml
特斯拉：已在中国建立数据中心,TechWeb,2023-08-15,新闻,"可持续,透明,可信,和谐,隐私,以人为本",【TechWeb】8月15日消息，日前，有媒体报道称，特斯拉被湖南岳阳三荷机场禁止入内，原因是特斯拉带有哨兵模式，存在泄密风险。,http://www.techweb.com.cn/it/2023-08-15/2932008.shtml
“华为云杯”2023人工智能应用创新大赛精彩续航，重大联合创新路演圆满收官,中国网,2023-08-18,新闻,"透明,可信,和谐,隐私,以人为本",苏州工业园区人工智能产业的提质增速，与人才培养、创新研发与生态建设密切相关。8月10日，“华为云杯”2023人工智能应用创新大赛——重大联合创新路演专场成功举办。根据苏州工业园区“着力打造集产业集聚、应用示范、政策创新、社会实验为一体的综合性创新发展高地”的建设需求，路演企业聚焦“AI＋医疗”、“Al＋文娱 ”、“AI＋制造”三大场景，与园区“1＋3＋N”人工智能应用体系的发展规划相适应，以场景开放为牵引，以应用示范为突破，以华为云的技术能力为基底，全面加速人工智能产业发展，为苏州工业园区的科研建设注入新动能。,http://science.china.com.cn/2023-08/18/content_42487961.htm
人工智能产教融合创新研讨会在西安汽车职业大学顺利召开,陕西网,2023-08-24,新闻,"以人为本,和谐,责任,可持续,普惠",为深化产教融合，推进人工智能产业和高校人才培养体系相融合，近日，由西安市科学技术局指导，西安市人工智能产业发展联盟主办，西安汽车职业大学、江苏知途教育科技有限公司承办的“2023年暑期人工智能产教融合创新研讨会”在西安汽车职业大学三省楼六楼举行。,https://www.ishaanxi.com/c/2023/0824/2928327.shtml
马斯克带火的人形机器人，在中国发展的怎么样了,TechWeb,2023-08-24,新闻,"透明,可信,责任,和谐,隐私,以人为本",7 月逛过世界人工智能大会后，一直对人形机器人念念不忘。特斯拉的人形机器人擎天柱只是在大会上展出了 1:1 的模型，展台已经足以被挤到水泄不通。,http://www.techweb.com.cn/viewpoint/2023-08-24/2932524.shtml
星辰在线举办人工智能创作大赛 为建设全球研发中心城市贡献金点子,星辰在线,2023-08-24,新闻,"普惠,可持续,可信,和谐,以人为本",星辰在线8月24日讯(星辰全媒体记者 张米娜)爱因斯坦“亲口”介绍成为全球研发中心城市的长沙新貌，2030年长沙7岁小男孩Lucas智能化生活的一天，科幻小论文《有温度的机器》触摸AI情感，基于AI技术创作的长沙主题七言诗古今结合……穿越星城之心、探寻未来奥妙，在“人工智能创作大赛”期间，风格迥异、题材新颖的作品可谓层出不穷，不断刺激着长沙人的多巴胺。8月24日，18颗“金点子”出炉，也标志着第一届“人工智能创作大赛”圆满落幕。,https://news.changsha.cn/xctt/html/110187/20230824/151602.shtml
微脉发布国内首款大语言模型健康管理应用CareGPT,TechWeb,2023-08-17,新闻,"可持续,普惠,透明,可信,责任,和谐,以人为本",【TechWeb】8月17日，全国最大的全病程管理平台微脉发布国内首款健康管理领域大语言模型应用——CareGPT。,http://www.techweb.com.cn/internet/2023-08-17/2932190.shtml
我科学家成功打造通用类脑人工智能引擎,中国网,2023-08-17,新闻,"以人为本,和谐,可信,可持续,普惠",8月15日，记者从中国科学院自动化研究所获悉，该所研究人员成功打造全脉冲神经网络类脑认知智能引擎“智脉”，并将其全面开源开放。该平台将为探索面向通用人工智能的类脑智能研究提供基础支撑，助力探索自然智能的计算本质和新一代人工智能的发展。相关研究成果以封面文章的形式发表于细胞出版社旗下《Patterns》期刊。,http://news.china.com.cn/2023-08/17/content_103776380.shtml
讯飞星火大模型正式发布代码及多模态能力,Techweb,2023-08-15,新闻,"和谐,隐私,以人为本,可信,透明",【TechWeb】8月15日，讯飞星火认知大模型V2.0升级发布会召开，发布代码能力和多模态能力升级，同时发布并升级搭载讯飞星火认知大模型V2.0能力的多项应用和产品。,http://www.techweb.com.cn/it/2023-08-15/2932047.shtml
我国首份生成式人工智能监管性文件正式实施——立定行业新规 指明发展方向,云南网,2023-08-16,新闻,"以人为本,责任,透明,可持续,普惠,平等,共享",伴随新一代信息技术的迅速发展，各行各业大模型“浪潮”此起彼伏。国家网信办等七部门发布的《生成式人工智能服务管理暂行办法》（以下简称《办法》），8月15日起正式落地实施。作为我国促进生成式人工智能发展和规范应用的专门立法，《办法》界定了该技术的基本概念，规定了对服务提供者的制度要求，为未来行业健康发展指明了方向。,https://m.yunnan.cn/system/2023/08/16/032715449.shtml
《人工智能大模型体验报告2.0》总分第一，讯飞星火再获肯定！,北晚在线,2023-08-14,新闻,"可信,隐私,以人为本,可持续,普惠",伴随着AIGC技术的兴起，国内科技企业纷纷入局，掀起了不亚于当年团购行业“百团大战”的“百模大战”。根据天眼查数据显示，2023年上半年与大模型直接相关的融资事件超20起，国内已发布的各类大模型数量超过100个，呈现出百花齐放的行业现象。,https://www.takefoto.cn/news/2023/08/14/10530388.shtml
阿里云张勇：AI云服务需求非常旺盛,Techweb,2023-08-11,新闻,"以人为本,可信,透明,可持续,普惠",新浪科技讯8月10日晚间消息，阿里巴巴集团公布新一季度业绩，阿里云收入增长4%至251.23亿元，经调整EBITA利润增长106%至3.87亿元。,http://www.techweb.com.cn/internet/2023-08-11/2931809.shtml
首届羊城青少年人工智能创新实践挑战赛总决赛落幕,百度,2023-08-13,新闻,"以人为本,和谐,可信,透明,可持续",中国青年报客户端广州8月12日电（中青报·中青网记者 林洁）今天，首届羊城青少年人工智能创新实践挑战赛及颁奖典礼在广东实验中学越秀学校（天胜校区）落下帷幕。这是目前广州全市性中小学生竞赛“白名单”中唯一的人工智能专项赛，有近600名选手参与总决赛角逐，69名选手斩获一等奖。,https://baijiahao.baidu.com/s?id=1774064910611529202&wfr=spider&for=pc
明略科技开源TensorBoard.cpp，助力大模型预训练,TechWeb,2023-08-11,新闻,"可持续,透明,责任,和谐,隐私,以人为本",【TechWeb】8月11日消息，近日，明略科技集团实现了机器学习可视化工具——TensorBoard的C++接口，进一步丰富了基于C++的大模型项目工具集，使得大模型预训练过程监控更加便捷、高效，加速营销领域大模型预训练进程。该工具已在Github开源。,http://www.techweb.com.cn/internet/2023-08-11/2931848.shtml
华为：像GPT这样的基础大模型 昇腾AI已原生支持30多个,Techweb,2023-08-12,新闻,"和谐,以人为本,可信,透明,可持续,普惠",8月12日消息，在昨日举办的2023东湖算力与大数据创新大会上，华为常务董事、企业BG总裁汪涛为大会致辞。,http://www.techweb.com.cn/it/2023-08-12/2931870.shtml
首次引入“赛训融合+赛证合一”，人工智能创新应用大赛正式启动,百度,2023-08-13,新闻,"以人为本,和谐,责任,可信,可持续,普惠",作为“强国复兴有我——浦东新区‘四高’竞赛”系列之一，区总工会联手区发改委、区科经委、区教育局、区人社局、团区委等共同举办的2023浦东新区人工智能创新应用大赛8月11日下午在张江科学会堂正式启动。,https://baijiahao.baidu.com/s?id=1774065973829898813&wfr=spider&for=pc
浙产首颗人工智能卫星升空 周国辉：为敢于仰望星空的浙江青年点赞,百度,2023-08-10,新闻,"可持续,可信,和谐,以人为本",【编者按】潮新闻《读端》栏目，邀请专家学者、党政干部、企业家等各行各业人士点评新闻报道，虽寥寥数百字，但这些独到的短评，可以更好地帮助我们理解或换个角度看新闻。我们将这些散落的珍珠收集起来，串联成链，供更多人品读。也欢迎大家参与“读端”讨论。,https://baijiahao.baidu.com/s?id=1773849619631930509&wfr=spider&for=pc
广州举办前沿科技论坛 聚焦人工智能发展趋势与应用,百度,2023-08-09,新闻,"以人为本,责任,透明,可持续,普惠,共享",中新网广东新闻8月8日电 (记者 方伟彬)日前，广东省潮人海外联谊会在广州举办“人工智能发展趋势与AIGC系列应用探讨”前沿科技论坛。,https://baijiahao.baidu.com/s?id=1773733605100342094&wfr=spider&for=pc
上海首家生成式人工智能（AIGC）质量检验检测中心：防范“野蛮生长”，规范引导AIGC向上向善,百度,2023-08-08,新闻,"以人为本,隐私,和谐,责任,可信,可持续",怎样判定生成式语言大模型会否“一本正经地胡说八道”？如何知道自动驾驶系统能够抵抗得住外界恶意攻击？功能强大的AI（人工智能）大模型也需要“健康检测”，以确保其准确性、抗攻击性及安全性。,https://baijiahao.baidu.com/s?id=1773613090919627174&wfr=spider&for=pc
算力赋能智慧羊城《人工智能创新应用优秀案例集》发布,百度,2023-08-06,新闻,"普惠,可信,责任,和谐,以人为本",中国青年报客户端讯（梁瑶 中青报·中青网记者林洁）日前，广州人工智能公共算力中心发布了《人工智能创新应用优秀案例集》（以下简称《案例集》）。《案例集》收录了该算力中心携手生态伙伴开展的优秀创新成果案例，旨在为人工智能相关从业者、关注者了解和把握人工智能发展态势，推动我国新一代人工智能发展提供参考。,https://baijiahao.baidu.com/s?id=1773475032503420092&wfr=spider&for=pc
"河南省市场监督管理局公布2022民生领域案件查办""铁拳""行动典型案例(第五批)",漯河市市场监督管理局(转河南省市场监督管理局),2022-08-30,风险事件,人脸抓拍；售楼处；个人信息；行政处罚；河南,据河南省市场监督管理局“铁拳”行动通报，濮阳某房企售楼部经“明源云客”人脸抓拍设备违规采集消费者人脸等个人信息，于2022年8月被濮阳市市场监管局罚款15万元。,https://scjg.luohe.gov.cn/zt/tqhddxal/content_219100
网信部门依法查处“剪映”App等生成合成内容标识违法问题网站平台,中央网络安全和信息化委员会办公室,2026-04-28,新闻报道,剪映；AIGC标识；生成合成内容；查处；网信办,据中央网信办2026年4月通报，网信部门依法查处“剪映”“猫箱”App及“即梦AI”网站未有效落实生成合成内容标识规定等问题，责令相关平台整改。事件反映AIGC标识义务对主流内容工具的全面落地。,https://www.cac.gov.cn/2026-04/28/c_1779119736411711.htm
国家网信办发布近期网络安全、数据安全、个人信息保护相关执法典型案例,国家网信办,2025-09-16,风险事件,深度合成；安全评估；下架；网信办；执法案例,据国家网信办2025年9月通报，浙江某科技公司运营的AI换脸（深度合成）App未按规定进行安全评估且生成内容未作显著标识，被应用商店下架；同期通报自动售货机违规收集人脸信息案。事件指向深度合成合规与个人信息保护执法。,https://www.cac.gov.cn/2025-09/16/c_1759741437315419.htm
一批存在人工智能生成合成内容标识违法违规问题的应用程序被查处,人民日报（引中央网信办）,2025-11-26,风险事件,AIGC标识；生成合成内容；查处；下架整改；网信办,据人民日报引中央网信办2025年11月通报，网信部门集中查处一批未落实人工智能生成合成内容标识规定的应用程序，依法约谈、责令限期改正、下架下线，问题包括未添加显式标识与未在元数据中加隐式标识。,https://cpc.people.com.cn/BIG5/n1/2025/1126/c64387-40611569.html
怀化市鹤城区网信办依法约谈违规发布AI生成内容账号,湖南省互联网违法和不良信息举报中心,2025-12-25,风险事件,AIGC标识；约谈整改；虚假信息；湖南网信办,据湖南互联网违法和不良信息举报中心2025年12月通报，怀化鹤城区网信办约谈一违规账号，因其发布未添加AI标识的生成式视频、易误导公众，已责令整改补标。事件反映生成式内容标识义务在基层执法中的落实。,https://www.hn12377.cn/default/gzdt/show-4228.html
从“强制刷脸”系统到“智慧停车”软件，个人信息屡遭过度收集,最高人民检察院（《今日说法》）,2025-08-22,风险事件,强制刷脸；人脸识别；个人信息；公益诉讼；最高检,据最高人民检察院2025年8月相关节目披露，重庆、河北等地出现物业强制刷脸、智慧停车软件违规收集人脸信息问题，检察机关通过公益诉讼督促整改。事件凸显生物识别信息处理的告知同意与最小必要原则被突破。,https://www.spp.gov.cn/spp/zdgz/202508/t20250822_704440.shtml
汽车数据有了“安全锁”,人民日报（中国政府网转载）,2021-12-26,政策解读,汽车数据；智能网联汽车；人脸信息；车内处理；境内存储,人民日报2021年12月26日刊发政策解读指出，五部门《汽车数据安全管理若干规定（试行）》已于当年10月1日施行。报道介绍智能网联汽车每日可产生TB级数据，规定明确个人信息、敏感个人信息与重要数据边界，倡导“车内处理、默认不收集、精度范围适用、脱敏处理”原则，要求取得个人单独同意方可处理行踪轨迹。,https://www.gov.cn/zhengce/2021-12/26/content_5664607.htm
【我的信息谁做主？】人脸识别，可不可以“不赏脸”？,央广网,2021-12-28,专家评论,人脸识别；个人信息保护法；生物识别信息；人脸识别第一案；刷脸,央广网2021年12月28日述评指出，个人信息保护法第26条要求公共场所图像采集与个人身份识别设备应为维护公共安全所必需并设显著提示标识。节目以郭兵诉杭州野生动物世界“人脸识别第一案”（2021年4月终审）及戴头盔看房、刷脸盗刷等事件为例，强调人脸信息具唯一性、不可更改性，呼吁个人可以拒绝刷脸，商。,https://china.cnr.cn/gdgg/20211228/t20211228_525701131.shtml
无授权收集、无感化采集、无底线牟利……“护脸”难题难在哪？怎么破？,新华网,2021-12-27,深度报道,人脸信息；无感采集；小鹏汽车；个人信息保护法；倒卖,新华社2021年12月27日调查报道揭露，商家普遍“无授权收集、无感化采集”消费者人脸信息用于客流分析甚至倒卖牟利，全国7000余家企业从事人脸采集业务。报道援引个人信息保护法第26条及最高法人脸识别司法解释，指出公共场所采集仅限维护公共安全，商业场景须“单独同意”，并追问“护脸”合规落地的制度与。,https://www.news.cn/legal/2021-12/27/c_1128206635.htm
新闻观察：四部门出手 禁止“算法”变“算计”,央视网,2022-01-05,新闻报道,算法推荐管理规定；大数据杀熟；算法知情权；算法选择权；未成年人保护,央视网2022年1月5日报道，国家网信办等四部门发布的《互联网信息服务算法推荐管理规定》将于2022年3月1日施行。规定保障用户算法知情权与选择权，要求提供便捷的关闭算法推荐选项；明确不得利用算法诱导未成年人沉迷网络，应便利老年人使用，保障外卖骑手等劳动者报酬休息权益，并禁止利用算法实施“大数据杀。,https://news.cctv.com/2022/01/05/ARTI6dJOY5Xukpz2C5oEi4vm220105.shtml
国家网信办发布《互联网信息服务深度合成管理规定（征求意见稿）》,21世纪经济报道,2022-01-28,政策动态,深度合成；AI换脸；内容标识；生物识别信息；单独同意,国家网信办2022年1月28日就《互联网信息服务深度合成管理规定（征求意见稿）》公开征求意见至2月28日。规定拟要求深度合成服务提供者落实信息安全主体责任，对换脸、合成语音等显著编辑人脸、人声等生物识别信息的功能提示使用者取得“单独同意”，建立内容显著标识、辟谣机制与备案制度，遏制深度伪造滥用。,https://www.21jingji.com/article/20220128/herald/d3d2d0c33fdd6d6e7b9d3a2605f352f6.html
“东数西算”三问,新华社（中国政府网转载）,2022-02-17,政策解读,东数西算；算力枢纽；数据中心集群；算力网络；数字经济,新华社2022年2月17日解读称，国家发改委等部门同意在京津冀等8地启动建设国家算力枢纽节点、规划10个国家数据中心集群，“东数西算”工程正式全面启动。该工程通过构建数据中心、云计算、大数据一体化新型算力网络，将东部算力需求有序引导到西部，优化算力布局。算力需求预计每年以20%以上速度增长。,https://www.gov.cn/zhengce/2022-02/17/content_5674406.htm
“数据二十条”对外发布，构建数据基础制度体系——做强做优做大数字经济,中国政府网,2022-12-21,政策解读,数据要素；数据二十条；数据产权；三权分置；数字经济,2022年12月19日《中共中央 国务院关于构建数据基础制度更好发挥数据要素作用的意见》（“数据二十条”）对外发布。意见探索建立数据资源持有权、数据加工使用权、数据产品经营权“三权分置”的产权制度，从流通交易、收益分配、安全治理等方面提出20条举措，强调以维护国家数据安全、保护个人信息为前提，促进。,https://www.gov.cn/zhengce/2022-12/21/content_5732906.htm
2022世界人工智能大会在沪开幕,央广网,2022-09-01,新闻报道,世界人工智能大会；元宇宙；智联世界；人工智能产业；上海,2022世界人工智能大会9月1日在上海开幕，主题“智联世界 元生无界”，设张江、西岸分会场及5个海内外分会场。大会按“会、展、赛、用、才”设计，重点突出元宇宙新赛道，展区1.5万平方米、200余家企业参展。上海自2018年以来人工智能产业规模倍增，AI人才从2018年10万人增至2021年18万人。,https://www.cnr.cn/shanghai/tt/20220901/t20220901_525995824.shtml
中国信通院：可信人工智能产业生态正加快形成,新华财经,2022-09-01,研究报道,可信人工智能；产业生态；AI治理；算法偏见；隐私保护,新华财经报道，中国信通院联合京东探索研究院等近30家单位在2022 WAIC可信AI论坛发布《可信人工智能产业生态发展报告》。报告指出全球AI监管向立法执法拓展，稳定性与隐私保护是研究热点，可解释性、公平性研究逐步推进，可信AI标准体系与产业生态正加快形成，业界建议健全标准体系、强化可信流程管理。,https://www.cnfin.com/hg-lb/detail/20220901/3699586_1.html
重庆武汉两地率先开跑——自动驾驶全无人商业运营试水,经济日报（新华网转载）,2022-08-10,新闻报道,自动驾驶；全无人商业化；萝卜快跑；无人车；政策试点,2022年8月8日重庆、武汉率先发布自动驾驶全无人商业化试点政策，百度“萝卜快跑”获全国首批无人化示范运营资格，允许车内无安全员车辆开展商业化服务。同日交通运输部就《自动驾驶汽车运输安全服务指南（试行）》征求意见。百度测试里程超3200万公里，第六代无人车Apollo RT6成本降至25万元。,https://www.news.cn/tech/20220810/781dbc0e4ef64d4cacebbf836126506d/c.html
美方限制高性能半导体出口，哪些领域会受到影响？,经济观察网,2022-09-01,深度报道,GPU；出口管制；英伟达；A100；算力断供,经济观察网2022年9月1日报道，美国要求英伟达、AMD停止向中国出口高端GPU，英伟达A100及新一代H100自8月26日起需新许可。商务部回应坚决反对。分析认为限制瞄准中国超算与智能计算，波及数据中心、互联网与“东数西算”算力基建；英伟达2021年中国区收入71.11亿美元，受影响业务潜在销售。,https://m.eeo.com.cn/2022/0901/555599.shtml
权威快报丨构建数据基础制度体系 “数据二十条”来了,新华网,2022-12-19,新闻报道,数据二十条；数据要素；数据产权；流通交易；治理制度,《中共中央 国务院关于构建数据基础制度更好发挥数据要素作用的意见》（“数据二十条”）2022年12月19日对外公布。意见围绕数据产权、流通交易、收益分配、安全治理提出20条举措，包括探索数据资源持有权、加工使用权、产品经营权分置等，初步搭建我国数据基础制度体系，激活数据要素价值、赋能实体经济。,https://www.xinhuanet.com/fortune/2022-12/19/c_1129219733.htm
《個人信息保護法》開始施行 “大數據殺熟”涉嫌違法,央视网,2021-11-01,新闻报道,个人信息保护法；大数据杀熟；自动化决策；算法透明；撤回同意,央视网2021年11月1日报道，《个人信息保护法》当日起正式施行。该法规定：利用个人信息进行自动化决策应保证决策透明、结果公平公正，不得在交易价格等交易条件上实行不合理差别待遇；个性化推送应同时提供不针对个人特征的选项或便捷拒绝方式。律师指出法律实施后“大数据杀熟”涉嫌违法，违规将面临责令改正、罚。,https://big5.cctv.com/gate/big5/news.cctv.com/2021/11/01/ARTIkGhzEFdc7za94WSgcmBF211101.shtml
2025人工智能破壁时刻 | 人形机器人爆发元年,新华网,2025-12-31,行业观察,人形机器人；量产；资本；亏损；政策,"新华网年度观察认为2025年人形机器人从“炫技”转向进厂上岗:智元完成5000台量产交付,工信部口径企业超150家;但优必选上半年仍亏4.4亿元,估值泡沫促使资本转向“看落地”。",https://www.news.cn/digital/20251231/657f1e60592e4f55918a1bfb584829ce/c.html
首次“现身”政府工作报告 具身智能推动人工智能产业加速跑,经济参考报(新华网),2025-03-11,政策解读,具身智能；政府工作报告；未来产业；政策信号；人形机器人,"经济参考报两会解读:2025年政府工作报告首次将“具身智能”列为未来产业,工信部拟揭榜挂帅制定发展政策,北京、深圳、重庆等地同步出台专项方案;朱松纯阐释“具身”含义,戴立忠等代表肯定中国机器人供应链与DeepSeek所代表的AI实力。",https://www.news.cn/tech/20250311/70c6793481a94810a31a5835672ce718/c.html
"從“會聊天”到“能辦事”,政務AI邁出關鍵一步",人民网,2026-08-21,专家评论,政务AI；智能体；政务服务；广东湾擎；重复建设,"人民网评论指出,广东发布湾擎政务智能旗舰应用,为公职人员配置AI工具箱,标志政务AI从“会聊天”迈向“能办事”。评论同时提醒,政务AI建设切忌一哄而上、盲目上马,防止各层级分头搭建系统造成重复建设,强调以场景牵引和辅助型定位推进,并防范大模型幻觉与数据安全风险。",https://finance.people.com.cn/BIG5/n1/2026/0821/c1004-40784054.html
拥抱智能浪潮 泳向变革深处——从2025中国新媒体大会看主流媒体系统性变革如何更好“向新而行”,新华社,2025-11-14,新闻报道,中国新媒体大会；采编助手；芒果大模型；智能媒体；数字人,"新华社报道2025中国新媒体大会:新华社展示集成227项功能的“采编助手”,湖南广电“芒果大模型”业务覆盖率超93%,报告称AI正从媒体“工具配角”跃升为“决策主角”,行业普遍将人工智能写入战略规划,推动媒体从“融媒”迈向“智媒”的系统性变革。",https://www.news.cn/20251114/1c01598d836c449bbfd54267b6ecea6d/c.html
AIGC赋能下的视听新闻采编及创新创优座谈会在京举办,央广网,2026-07-18,新闻报道,视听新闻；AIGC；广电转型；一屏生成；安全可控,"央广网报道一场聚焦AIGC赋能视听新闻采编的座谈会:杭州电视台“智像万千”系统实现全流程智能生产、单条新闻平均出片缩至10分钟以内。与会者强调AI不替代记者、而是把记者还给新闻现场,并主张坚持安全可控,使AI在媒体领域可解释、可溯源。",https://new.qq.com/rain/a/20260718A087CQ00?refer=cp_1009
被AI重塑的工厂,中国青年报(中青报·中青网),2026-08-31,深度报道,柳钢；玄铁大模型；热轧；岗位转变；一线工人,"中青报一线调研行走进广西柳钢等企业,记录大模型如何改写钢铁产线:热轧工人告别高温值守,从“人肉传感”转向集控平台监控,无人行车与智能表检替代重体力与目检岗位。报道聚焦人工智能把劳动者从高温高危高强度现场转移到更安全从容的位置。",https://www.toutiao.com/article/7680020184635900459
羚数智能:工业大模型赋能大国智造,经济参考报,2026-07-30,企业实践,工业大模型；百工大模型；研发设计；图纸解读；羚数智能,"经济参考报聚焦羚数智能:该企业2021年创业专注工业赛道,其“百工大模型”成为上海首个通过备案的工业大模型,聚焦研发设计、制造运营与供应链管理,图纸设计效率从2天每张提升到20分钟每张,已有近百家工业企业采用,强调国产算力与工业语料优势。",http://dz.jjckb.cn/www/pages/webpage2009/html/2026-07/30/content_117600.htm
新一代智能制造加速落地 链上企业价值凸显,经济参考报,2026-06-12,深度报道,新一代智能制造；智能工厂；AI老师傅；华晨宝马；数字员工,"经济参考报调研报道:新一代智能制造正成为产业链价值重构引擎,全国已建成超3万家智能工厂;华晨宝马将AI渗透整车全链条,一汽解放大连公司以数字员工“AI老师傅”沉淀维修经验,指出AI由单点工具变为驱动业务优化的核心引擎,并催生数万亿元市场空间。",https://new.qq.com/rain/a/20260612A0254A00?refer=cp_1009
中外企业共绘“人工智能+”新图景,经济参考报,2026-05-06,新闻报道,人工智能+；核心产业规模；应用普及率；隔空装船；创新生态,"经济参考报综合报道:从码头远程“隔空装船”到制造与物流场景,中外企业加速把人工智能推向落地。文章引用数据称2025年中国AI核心产业规模超1.2万亿元、企业超6200家,规上制造业AI应用普及率超30%,并借西门子高管观点强调中国是AI创新与首发落地的重要市场。",https://www.jjckb.cn/20260506/4d02bdbee9164919b40dadf64b7c857c/c.html
“院士看港口”全景观察港航科技创新,新华网,2026-07-21,新闻报道,自动化码头；洋山四期；智能重卡；TOS系统；无驾驶人,"新华网“院士看港口”活动报道:我国已建成60座自动化码头,洋山四期以自主研发TOS生产管控系统实现装卸效率提升约30%、人工成本降低70%,智能重卡完成75万标准箱全链路无驾驶人示范运营,展示港口全栈技术突围与规模化应用领跑全球。",http://sh.news.cn/20260721/78f8b0818cdb49a48dd7750ccea203bc/c.html
向“智”而行——邮政快递业数智化转型观察,新华社(中证网转发),2026-08-21,深度报道,无人快递车；智能分拣；3D播种墙；末端配送；劳动强度,"新华社记者多地走访观察邮政快递业数智化:无人车将网点末端配送成本降低约30%,武汉中通转运中心小件分拣准确率99.95%、一线员工劳动强度减半;3D播种墙、智能安检等加快应用。全国已投用超1.6万台无人快递车、400多架无人机,国家邮政局表示“十五五”期间将深化人工智能与邮政业融合。",https://www.cs.com.cn/xwzx/01/2026/08/21/detail_2026082110033067.html
科技引領發展 快遞行業煥發新活力,人民网,2026-08-09,新闻报道,智能装备；3D播种墙；人机协同；AGV；国家邮政局,"人民网随国家邮政局“沿看快递看中国·智领未来”主题调研走访多地分拨中心与智慧仓库:广州邮区部署机械臂与AGV并试点具身机器人供件,强调按业务实际走“人机协同”而非盲目全无人;艮业3D播种墙最高每小时处理2万件、效率提升约5倍,助力快递业全面智能化。",https://finance.people.com.cn/BIG5/n1/2026/0809/c1004-40776330.html
"高质效办好每一个案件·新时代法律监督工作巡礼|高墙内外,法律监督装上了“智慧大脑”",最高人民检察院官网,2025-10-26,深度报道,数字检察；AI视频分析；看守所监督；线索推送；驻所检察,"最高检组织媒体巡礼安徽芜湖刑事执行检察数字化实践:无为市看守所部署检察AI视频分析系统,覆盖50余个监督点,自动识别违法违规并推送线索,上线数月累计推送可疑线索两万余条,推动驻所监督从“事后监督”转向实时精准监督。",https://www.spp.gov.cn/zdgz/202510/t20251026_709407.shtml
"浙江杭州:推动“数字检察”向“数智检察”迭代升级,为高质效办案提供新动能",最高人民检察院官网,2026-03-29,深度报道,数智检察；天目明鉴；卫星遥感；法律监督模型；音视频审查,"最高检报道杭州检察智能化升级:临安区“天目明鉴”模型以文意转写+智能分析从海量音视频中“听”出监督线索70余条;萧山区用卫星遥感比对建模,精准锁定123个消防登高场地违规点位、成案率超80%,展示检察监督从被动响应转向主动预防。",https://www.spp.gov.cn//zdgz/202603/t20260329_724965.shtml
【数字检察】安徽明光:推进人工智能辅助办案实战化应用,最高人民检察院官网,2026-04-30,深度报道,AI助手；辅助办案；证据审查；数据飞轮；基层检察院,"最高检报道安徽明光市检察院作为AI辅助办案系统首批试点,将AI助手用于盗窃等常见罪名办案,自动抓取数据、生成文书并提示监督线索,把资深检察官经验算法化、形成标准化审查流程,并称其可基于证据做逻辑推理与矛盾排查,缓解基层“人案矛盾”。",https://www.spp.gov.cn/spp/ztk/dfld/202604/t20260430_733905.shtml
"公正路上,AI和法官并肩作战",法治日报,2024-05-29,深度报道,司法人工智能；辅助办案系统；要素审判；一键生成文书；数字法院,"法治日报记者走进江苏多家法院,记录司法AI小助手应用:法官一键生成完成度超七成的判决书初稿;南京江北新区法院要素审判平台自动回填要素、精准度超95%,立案耗时缩短60%。报道呈现AI在诉讼服务、审判执行中与法官“并肩作战”的深度应用状态。",https://epaper.legaldaily.com.cn/fzrb/PDF/20240529/04.pdf
"当律师遇上AI,会擦出怎样的火花",法治日报,2025-04-10,新闻报道,律师行业；法律科技；AI检索；植德律所；上海律协,"法治日报记者从全国律协数智时代律师业务交流会现场报道:律师用AI检索法条提升效率、律所开发“知产AI助理”等内部应用、地方律协组织法律科技产品大赛推广使用。受访者同时提示AI存在数据失真、客户隐私与数据泄密、侵权等风险,呼吁建立数据管理机制。",https://www.moj.gov.cn/pub/sfbgw/fzgz/fzgzggflfwx/fzgzlsgz/202504/t20250410_517208.html
AI辅助工具重塑法律服务工作范式,央广网,2026-01-06,企业实践,法律服务；AI辅助工具；模拟法庭；文书生成；小法通,央广网报道广州定海针律所展示AI工具“小法通”辅助模拟庭审:从身份核对、争议焦点归纳到法条援引均由AI完成，文书初稿输出从半天缩短到不足1分钟。律所认为AI是律师能力的“超级延伸”，未来将走向“AI庭前辅助+资深出庭律师”的协同模式。,https://www.cnr.cn/gd/fxgz/20260106/t20260106_527484718.shtml
银行客服AI搭子正流行 带来哪些便利?,央广网(经济之声),2026-08-30,新闻报道,银行客服；大模型；机器人识别率；远程银行；人机协同,"央广网经济之声报道银行业客服智能化:2025年银行业机器人问题识别率行业均值达95.78%,大模型加速融入客服全流程。专家认为应建立“人机协同分层分流”机制,让AI处理标准化业务、人工承接复杂敏感高价值业务,守住服务安全底线并兼顾老年与偏远地区用户。",https://www.toutiao.com/article/7679644458324935202
2025雇佣关系趋势报告:6成以上职场人借助AI独立工作,央广网,2026-01-07,研究报道,雇佣关系；数字员工；人机协作；白领；组织扁平化,"央广网报道智联招聘《2025雇佣关系趋势报告》:78.2%职场人每周借助AI工作,10.3%所在企业已部署“数字员工”;64.9%职场人能在AI辅助下独立完成原需协作的工作,“1人+AI”单元促使组织扁平化。报告称考核正从“考勤制”转向“价值制”,AI技能成为基础竞争力。",https://www.cnr.cn/jingji/rdzt/dtzgxyex/dtzgxyexhyal/20260107/t20260107_527485831.shtml
"我负责“为什么要干”,AI负责“怎么干更快”",人民日报·中国经济周刊,2026-06-15,人物访谈,AI编程；程序员；AI交付师；人机协同；团队扁平化,"中国经济周刊封面访谈两位智能体公司研发负责人:AI编程让初级到高级程序员成长时间缩短6年、项目从月级缩到天级,程序员角色转向训练智能体、把控交付质量的“AI交付师”,并带来团队扁平化,认为AI编程是程序员的加分项而非失业威胁。",https://paper.people.com.cn/zgjjzk/pc/content/202606/15/content_30170298.html
"平面设计师变身AI导演,solo全程",人民日报·中国经济周刊,2026-06-15,人物访谈,AIGC；平面设计师；AI导演；一人公司；行业壁垒,"中国经济周刊记录4A广告老兵孔德飞的转型:从平面设计师到创意总监再到AI导演,一人即可完成曾需二三十人团队的广告片,制作成本下降“九成可能都保守了”。他形容传统设计软件学习门槛远高于AI,生成式AI正消解创意行业的职业进入壁垒,从业者转向以审美与策略把关。",https://paper.people.com.cn/zgjjzk/pc/content/202606/15/content_30170299.html
佳木斯国家农高区:“佳家农”筑就全国智慧农服佳木斯样板,央广网,2026-07-21,行业观察,佳家农；伏羲大脑；卫星遥感；病虫害识别；智慧农服,央广网报道黑龙江佳木斯国家农高区“佳家农”智慧农服平台:用卫星遥感算法与手机图像识别替代高价硬件，农户免费获得农情监测与病虫害防治建议，识别准确率超90%；覆盖6万余农户、150万亩耕地，创造直接经济效益1.68亿元。,https://www.cnr.cn/hlj/dsdt/20260721/t20260721_527721603.shtml
"博物馆数字人,如何实现从“有”到“优”",光明日报,2026-08-23,专家评论,博物馆数字人；知识图谱；艾雯雯；多语言讲解；文化科技,"光明日报“艺苑论衡”栏目评析博物馆数字人从“有”到“优”:从形体(“形”)、知识库与知识图谱(“脑”)、声音口型(“声”)三个层面看当前国博艾雯雯、敦煌伽瑶等数字人实践,讨论其在观展体验重塑与运营优化中的价值及提升路径。",https://epaper.gmw.cn/gmrb/html/content/202608/23/content_23023.html
当博物馆“牵手”AI,人民网理论频道,2026-07-08,专家评论,博物馆；AI讲解员；文化评析；文博文创；观众共创,"人民网理论频道“文化评析”观察AI与博物馆深度融合:AI潮玩机器人、智能讲解与个性化路线正重构参观体验,2025年全国备案博物馆7188家、接待观众16.4亿人次。文章认为博物馆服务正从“向公众开放”升级为“与公众共创”,AI嵌入让公共文化空间可感可触。",http://theory.people.cn/n1/2026/0708/c40531-40755683.html
為新技術應用加把安全鎖(關注個人信息保護),人民网（人民日报）,2021-11-03,专家评论,深度伪造；换脸；个人信息保护；生物识别；风险防范,人民日报2021年11月刊文剖析深度伪造滥用风险：盗用身份、以假乱真，可致人脸识别与声纹认证失效、企业被欺诈、金融账户被盗、电信诈骗升级；专家建议加快鉴伪与溯源技术研发、建立通用视频鉴伪网络，并加强公众科普以提升辨识能力。,https://cpc.people.com.cn/BIG5/n1/2021/1103/c64387-32271949.html
中国工程院院士邬江兴:将“安全基因”植入人工智能系统,科技日报,2026-04-10,人物访谈,内生安全；大模型幻觉；AI对齐；安全评测；防御范式,"科技日报专访邬江兴院士。他指出“安全与性能割裂”是AI规模化落地瓶颈,认为打补丁式防御难以应对大模型概率输出与幻觉等内生风险,提出以动态异构冗余架构实现内生安全,主张建设国家级AI内生安全质量检测中试平台,让安全成为可量化可验证的系统属性。观点系其本人学术主张。",https://www.stdaily.com/web/gdxw/2026-04/10/content_499839.html
当AI“一本正经胡说八道”……,光明日报,2025-10-18,深度报道,AI幻觉；数据污染；元认知；训练数据；技术滥用,"光明日报调查AI幻觉:清华新媒沈阳团队评测显示多个热门大模型事实性幻觉率超19%。专家归纳成因包括训练数据污染(0.01%虚假文本可使有害输出增11.2%)、模型缺乏自我认知、评分机制倾向“讨好”用户等,并介绍网信办“清朗·整治AI技术滥用”专项行动与治理建议,强调幻觉只能缓解难以根除。",https://epaper.gmw.cn/wzb/html/2025-10/18/nw.D110000wzb_20251018_2-08.htm
AI為啥會胡説八道?被誤導後如何維權?專家解讀,央视网,2026-05-25,专家评论,AI幻觉；侵权责任；生成式AI；过错责任；内容标识,"央视邀请专家解读AI幻觉与维权:AI公司专家王占一分析幻觉源于数据质量差、概率生成重流畅轻事实与长上下文冲突;中国政法大学李怀胜称依《生成式人工智能服务管理暂行办法》服务提供者承担内容生产者义务,侵害人格权等须按民法典过错责任担责;并介绍以标识办法为核心的AI内容法律规制体系。",https://big5.cctv.com/gate/big5/news.cctv.cn/2026/05/25/ARTIyjfq0ISYr9cmEp8BTNLg260525.shtml
《人工智能安全治理框架》1.0版发布,中央网信办(网安标委),2024-09-09,政策动态,人工智能安全治理框架；网安标委；内生安全风险；敏捷治理；以人为本,"网安标委在2024年国家网络安全宣传周发布《人工智能安全治理框架》1.0版,落实《全球人工智能治理倡议》,提出包容审慎、风险导向、技管结合、开放合作四项原则,将风险分为内生与应用两类并分域施策,提供安全开发应用指引,被定位为培育安全可信AI生态的基础性技术指南。",https://www.cac.gov.cn/2024-09/09/c_1727567886199789.htm
"专家解读|新框架实现三个“转变”,构建我国人工智能安全治理新格局",中国网信网(作者:程学旗),2025-09-28,政策解读,框架2.0；分级治理；模型开源风险；衍生安全风险；全生命周期,"中科院计算所副所长程学旗解读《人工智能安全治理框架》2.0版:风险细化为技术内生、技术应用与应用衍生三类并点名“模型开源风险”;引入分级管理与全生命周期治理,实现从静态到动态、被动到主动、单点到体系联动的三个转变,主张产学研协同培养复合型安全人才。属作者个人解读。",https://www.cac.gov.cn/2025-09/28/c_1760779757508049.htm
【国家网络安全宣传周】2025网络安全技术高峰论坛发布:《人工智能安全治理框架》2.0版,中国青年网,2025-09-16,新闻报道,网络安全宣传周；框架2.0；风险分级；协同治理；网安标委,"2025年国家网络安全宣传周期间,《人工智能安全治理框架》2.0版在昆明发布。该版由网信办指导、网安标委组织专业机构与院校企业联合制定,优化风险分类、探索风险分级并动态调整防范措施,强调构建跨国界跨领域跨行业协同治理格局,体现中国AI安全治理体系的制度升级。",https://news.youth.cn/jsxw/202509/t20250916_16238450.htm
全国网络安全标准化技术委员会,全国网络安全标准化技术委员会,2026-08-24,政策动态,标准实践指南；个人用户；AI安全标准；WG9；成熟度评估,"网安标委动态显示:2026年8月发布《网络安全标准实践指南——个人用户使用人工智能服务安全指南》,人工智能安全标准工作组(WG9)持续运作,在研标准含《网络安全技术 人工智能安全能力成熟度评估方法》等,体现以标准供给支撑AI安全治理能力评估与个人用户保护的制度建设。",https://www.tc260.org.cn/index.jsp
"专家解读|用标识之“规”,筑AI发展之“道”",中国网信网,2025-09-04,政策解读,深度合成；内容标识；强制性国标；数字信任；多层次治理,"中国网信网专家解读:AI深度合成冲击“眼见为实”信任基础,深度合成规定、生成式AI暂行办法与2025年9月生效的《标识办法》及配套强制性国标共同构成多层次治理体系,以生成即标识、传播必核验的“标识为准”机制重塑数字信任,为公众辨别、监管执法划定清晰边界。",https://www.cac.gov.cn/2025-09/04/c_1758702660093959.htm
网络安全法修正草案将提请二审,中国人大网,2025-10-24,政策动态,网络安全法修正；AI安全监管；立法；风险监测评估；伦理规范,"网络安全法修正草案二审拟增加AI安全与发展框架性规定,涵盖支持算法研发与基础设施建设、完善伦理规范、加强安全风险监测评估与安全监管等内容。全国人大法工委称此举旨在把握AI发展治理主动权,推动人工智能朝有益、安全、公平方向有序发展,体现AI治理进入国家基础性立法。",http://www.npc.gov.cn/npc//////c2/c30834/202510/t20251024_448616.html
国家互联网信息办公室关于《人工智能拟人化互动服务管理暂行办法(征求意见稿)》公开征求意见的通知,中央网信办,2025-12-27,政策动态,拟人化互动；情感陪伴；防沉迷；未成年人保护；人机边界,"网信办就《人工智能拟人化互动服务管理暂行办法(征求意见稿)》征求意见:规制AI情感陪伴服务,禁止诱导情感依赖、替代真实社会交往与向未成年人提供虚拟亲密关系,要求人机身份显著提示、超2小时使用提醒、心理健康保护与人工接管机制,体现对“以人为本”与AI伦理底线的监管落地。",https://www.cac.gov.cn/2025-12/27/c_1768571207311996.htm
工业和信息化部等部门公开征求对《人工智能科技伦理管理服务办法(试行)》的意见,工业和信息化部,2025-08-22,政策动态,科技伦理；伦理审查；负责任创新；伦理管理服务；AI监管,"工信部等11部门就《人工智能科技伦理管理服务办法(试行)(征求意见稿)》公开征求意见:作为国家科技伦理治理意见在AI领域的细化落实,办法明确AI科技活动伦理要求、强化标准建设与中小微企业服务,以帮助企业提升伦理风险防范能力、鼓励负责任创新并更好融入全球市场。",https://www.miit.gov.cn/jgsj/kjs/jscx/gjsfz/art/2025/art_092a447008f340d3abd55819b8c8e5cf.html
"工人日报社评丨警惕AI模糊虚实界限,守住信任与安全",工人日报,2026-06-16,专家评论,AI诈骗；深度伪造；数字水印；内容溯源；平台责任,"工人日报社评评AI诈骗新趋势:造假成本低、话术“量身定制”、链条隐蔽且由境外生成与资金拆分抬高追踪成本。评论主张AI无善恶、关键在用法,提出明确深度伪造司法鉴定标准与平台审查义务、推广数字水印与内容溯源、在金融等高安全场景引入动态身份识别,并呼吁提升公众数字素养。",https://www.workercn.cn/c/2026-06-16/8824991.shtml
半月谈丨“孙子”成了数字人?,半月谈(新华网转载),2026-06-12,深度报道,AI诈骗；黑灰产；数字人；深度伪造；风险分级治理,半月谈调查AI“数字人”诈骗:黑灰产报告称生成式AI与智能体使作案零门槛低成本、可多模态生成可交互数字人。安远AI方亮等专家指出检测技术滞后、单一生物特征认证承压;报道援引业内建议推进风险分级治理、明确平台审查责任、严惩AI诈骗关键主体并加强国际执法协作。,http://www.cq.xinhuanet.com.cn/20260612/62324636e5c5421fbdb141d1c66764af/c.html
"AI全速向前,安全必须同行",公安部新闻传媒(今日头条转载),2026-08-26,专家评论,AI谣言；AI诈骗；内容标识；溯源打击；网络犯罪治理,"公安部新闻传媒刊文评AI犯罪治理:上半年侦办AI生成网络谣言案件170余起。文章强调须全链条溯源打击上游工具制售与传授团伙,完善电子数据取证与合成内容鉴定标准,压实平台内容标识与鉴伪责任,构建执法打击、行业监管、技术反制协同的防护体系,引导公众保护声纹人脸等个人信息。",https://www.toutiao.com/article/7678132768492012067
"以假亂真的AI詐騙,如何防范?(民生一線)",人民日报,2025-04-08,深度报道,AI换脸；人脸识别管理办法；生物信息；反诈；对口型,"人民日报民生报道AI诈骗防范:结合多地警方介绍AI换脸可实时“对口型”冒充亲友视频通话的作案手法,并解读2025年6月1日施行的《人脸识别技术应用安全管理办法》;提醒公众人脸、声音、指纹等生物信息避免泄露,涉及转账须多途径核验身份,体现深度伪造风险下的公众权益保护。",https://cpc.people.com.cn/BIG5/n1/2025/0408/c64387-40455329.html
中国就规范人工智能军事应用发声!,新华网,2021-12-14,政策动态,人工智能军事应用；立场文件；致命性自主武器；人类控制；人道法,"2021年12月,中国裁军大使李松在联合国《特定常规武器公约》第六次审议大会提交《中国关于规范人工智能军事应用的立场文件》,提出反对利用AI谋求绝对军事优势、坚持以人为本智能向善、确保AI武器系统永远处于人类控制之下、加强监管降低扩散风险并建立普遍参与的国际治理机制等主张。",https://www.xinhuanet.com/mil/2021-12/14/c_1211486160.htm
"赵志国:洞察智能体安全新态势,构建高水平安全新格局",光明网,2026-06-24,专家评论,智能体安全；决策失控；分级分类管理；责任界定；自主决策,"工信部原总工程师赵志国在ISC.AI 2026研判智能体安全新态势:智能体成为自主行动主体后,风险由“技术故障”扩展到“决策失控”,身份信任与责任体系受冲击,且易跨网跨业连锁传导。其建议以总体国家安全观统筹核心技术攻关、分级分类管理与全生命周期标准建设。观点系其个人表述。",https://wlaq.gmw.cn/2026-06/24/content_38846837.htm
智能体时代安全治理从共识走向行动,经济日报,2026-06-24,新闻报道,智能体安全；主动免疫；ISC；自主决策攻击；五维架构,"经济日报报道ISC.AI 2026:业界聚焦智能体“决策-行动”链的安全。任贤良主张智能向善融入全过程,邬贺铨提出以“主动免疫”应对集群化、进化的智能体攻击,赵春江给出五维技术架构,周鸿祎警示AI已把漏洞挖掘速度提升两个数量级、击穿传统攻防平衡,安全治理正从理念共识走向行动。",https://www.jingjiribao.cn/static/detail.jsp?id=665678
"外滩大会热议科技伦理,探讨为全球人工智能治理贡献“中国智慧”",中国青年网,2024-09-06,新闻报道,科技伦理；蚂蚁；隐性风险；越狱攻击；负责任研发,"中国青年网报道外滩大会科技伦理圆桌:蚂蚁科技伦理委员会联席主席周志峰提出伦理建设须面向“人情味”、隐性风险主动防控与有效协同,并介绍其X Sense体系与全链路负责任研发实践;多所高校学者与华为、腾讯专家共议大模型在严谨行业落地的“真善美”挑战,形成多方共治、以善治促善智的共识。",https://d.youth.cn/newtech/202409/t20240906_15499346.htm
"【中国科学报】""紫东太初""全模态大模型发布",中国科学院官网(转中国科学报),2023-06-20,新闻报道,紫东太初2.0；全模态；通用人工智能；昇腾AI；国产化底座,"据中国科学报报道,中科院自动化所2023年6月发布""紫东太初""2.0全模态大模型,在图文音基础上加入视频、传感信号、3D点云等模态,实现全模态开放式接入与认知增强关联。该模型基于昇腾AI与昇思框架等国产平台,已在神经外科导航、法律咨询等场景示范应用。",https://www.cas.ac.cn/cm/202306/t20230620_4898125.shtml
生成式人工智能服务管理暂行办法,国家互联网信息办公室官网,2023-07-13,政策动态,生成式AI；监管办法；备案；安全评估；内容标识,"国家网信办等七部门2023年7月13日公布《生成式人工智能服务管理暂行办法》,8月15日施行,是中国首部专门针对生成式AI的规章。办法坚持发展与安全并重、分类分级监管,要求面向公众的生成式AI服务开展安全评估与算法备案,规范训练数据来源、知识产权与内容标识,为大模型应用划定底线。",https://www.cac.gov.cn/2023-07/13/c_1690898327029107.htm
大模型商用加速洗牌,经济日报(央视网转载),2024-06-30,行业观察,大模型；价格战；免费开放；商用洗牌；同质化,"据经济日报,大模型价格战推高商用竞争烈度:阿里云9款通义模型大幅降价,百度两款主力模型免费开放后两周日调用量涨10倍,国产10亿参数以上大模型已超100个。专家称国内通用大模型同质化明显、中文训练语料来源相对单一,本轮降价与免费浪潮将加速行业“大浪淘沙”。",https://news.cctv.com/2024/06/30/ARTIJfAUvryTmZdMPwcfRK7Y240630.shtml
商业化落地可期 上市公司竞逐人形机器人产业,新华网(转载经济参考报),2024-06-12,新闻报道,人形机器人；量产元年；产业化；政策支持；商业落地,"据经济参考报,2024年上半年北京亦庄、安徽、山东等地相继出台或谋划人形机器人产业政策,工信部与上海共建国家地方共建人形机器人创新中心;优必选进入多家车厂实训,宇树发布9.9万元起的G1人形机器人。机构普遍称2024年为人形机器人商业化元年,量产与大范围应用曙光初现,上市公司加快布局。",https://www.news.cn/tech/20240612/760b7672b2fa40c4b00edfd1fbd1144d/c.html
国产AI“可灵”海外走红背后的中国AI发展优势,新华网,2024-07-04,行业观察,可灵；文生视频；出海；短视频生态；大模型数据,"据新华网报道,快手可灵作为全球首款可公开测试的文生视频大模型,发布一个月即在海外走红,获美国《麻省理工科技评论》肯定,也加速了AI视频产品竞争。瞭望智库研讨会上专家认为,短视频生态的海量数据、产业积累与用户规模是中国发展视频生成大模型的独特优势,算法、算力与数据仍是三大基石。",https://www.news.cn/tech/20240704/05bd4b0246bb4399898fa375fcc0aa29/c.html
新华深读丨DeepSeek赋能潮起,新华网,2025-03-21,深度报道,DeepSeek；开源大模型；人工智能+；产业落地；政务应用,"新华“深读”梳理DeepSeek破圈后的赋能浪潮:数周内上百家上市公司、几乎所有互联网平台及多地政务系统接入,车企、手机、家电、金融与义乌商贸等场景加快试用;其以较低训练成本对标顶尖模型并全面开源,被认为打破“堆算力”路径。",https://www.news.cn/fortune/20250321/9220aa12e2364e21a69ab5eb691a33d1/c.html
性能比肩ChatGPT!这款AI大模型为何震惊硅谷?,央视网,2025-01-27,新闻报道,DeepSeek-R1；开源；低成本；硅谷；复现热潮,"据央视网转引环球时报,DeepSeek约一个月内连续发布V3与R1,以远低于海外的成本实现接近顶尖模型的性能并全面开源,引发硅谷震动与全球多机构连夜复现热潮。受访专家认为,其通过软硬件协同与工程优化走出低成本高性能路径,开源路线也给国产大模型的创新与竞争带来新的启示。",https://news.cctv.cn/2025/01/27/ARTIVN7gyqdhLYYjkerVe2vf250127.shtml
新华网财经观察|人形机器人加速进入日常生活,新华网,2025-03-22,行业观察,人形机器人；家庭服务；产业化；整机价格；信通院报告,"新华财经观察采访多家企业与专家指出,2025年人形机器人产能有望明显提升,当前整机售价大多在10万至200万元之间,国产化部件有望进一步降本;业内普遍认为其需先在工业制造、商业服务等场景完成验证再进入家庭。目前家庭场景机器人仍处“功能机”向“智能体”的过渡阶段,通用性与成本是主要挑战。",https://www.news.cn/fortune/20250322/cd16ad9fd1554c9fb7b5fe1bd5ecade4/c.html
2025人工智能破壁时刻 | DeepSeek火爆一年间,新华网,2025-12-11,行业观察,DeepSeek；人工智能+；模型竞赛；应用比拼；行业模型,"新华网年终特稿回顾DeepSeek火爆一年:年初R1发布后应用登顶下载榜,年中带动互联网巨头集体接入与千行百业部署,年末再发V3.2系列;8月国务院印发“人工智能+”行动意见,我国行业模型已超1500个、覆盖50个重点行业。",https://www.news.cn/digital/20251211/80f702c6c7934ba58497c508d46aeb1c/c.html
北京盛会见证中国机器人产业之变,人民网(北京频道),2025-08-09,新闻报道,世界机器人大会；人形机器人；量产元年；场景应用；创新中心,"据人民网北京频道,2025世界机器人大会在京举行,人形机器人从“会走会跳”转向“上岗干活”:进汽车工厂、值守无人药房、上流水线作业,展商讲解中“应用、量产、订单”成为高频词;北京、上海、四川、湖北等地创新中心与人形机器人组团亮相,天工2.0、青龙等展示新进展,今年被视为人形机器人量产元年。",https://bj.people.com.cn/n2/2025/0809/c14540-41317220.html
科学圆桌会·趣谈2025丨人形机器人制造商:产业已抵达三重“蜕变”的临界点,新华网,2025-12-26,行业观察,人形机器人；具身智能；量产；数据训练；场景落地,"新华社“科学圆桌会”刊发智元机器人业务负责人署名文章称,截至2025年末国内已有上百家人形机器人整机厂商,产业抵达供应链完善、出货放量与真实场景反哺技术三重临界点;智元年内实现从1000台到5000台下线。",https://www.news.cn/20251226/0527f59de2ca48a3ab842890db5cccd4/c.html
自主创新需“率道而行”,人民网,2026-04-27,专家评论,DeepSeek-V4；国产芯片；开源；自主创新；战略定力,"人民网评论指出,DeepSeek在长时间静默后“无预警”发布V4并开源,优先完成与华为昇腾等国产芯片的深度适配,将国产大模型与算力底座协同推向新高。在国产芯片工具链、算子库与生态协同尚待完善的背景下,此举体现不被短期舆论裹挟的创新定力,被视为复杂环境下坚持自主创新的一个生动注脚。",https://finance-app.people.cn/n1/2026/0427/c1004-40709239.html
机器人加速走向千行百业-光明日报-光明网,光明日报,2026-08-27,新闻报道,人形机器人；机器人产业；量产；开源生态；标准体系,"光明日报援引产业数据称,2026年上半年我国机器人产业收入1655亿元、同比增长24.5%,人形机器人出货量超4万台、全球占比进一步提升,行业应用“迈入全面铺开的深水区”,国产灵巧手实现0.1毫米级精准度。",https://epaper.gmw.cn/gmrb/html/content/202608/27/content_23465.html
去年全国算力中心总用电量1700亿千瓦时,人民日报海外版,2026-05-27,新闻报道,算力用电；智算集群；人工智能+能源；电力保障；数据中心,"据人民日报海外版报道,国家能源局在全国“人工智能+”能源现场推进会上披露,2025年我国已建成42个万卡级智算集群,算力中心总用电量1700亿千瓦时、占全社会用电量的1.6%,八大枢纽节点算力用电近三年年均增长约39.5%;",http://sz.people.cn/n2/2026/0527/c202846-41592673.html
人工智能与能源双向赋能驶入“快车道”,光明日报,2026-07-09,新闻报道,人工智能+能源；算力用电；算电协同；绿色电力；能耗,"光明日报报道,国家能源局局长王宏志用“生成5秒高清视频约等于充满10部手机”形容AI能耗增长;2025年全国建成42个万卡级智算集群、算力用电占全社会用电量1.6%,预计2030年将达4000亿至7000亿千瓦时。",https://epaper.gmw.cn/gmrb/html/content/202607/09/content_18829.html
两会观察丨让AI在“实干赛场”锤炼成长,科技日报,2026-03-04,专家评论,人工智能+；应用大战；两会；AI实操；规模应用,"科技日报两会观察称,中国AI在一年内从“技术秀场”转向“实干赛场”:春节假期超1.3亿人首次体验AI购物,豆包、元宝等应用互动量创新高,全民“AI实操课”加速数字习惯养成。报道同时提醒,规模应用进入“深水区”后仍面临数据质量不高、技术与业务。",https://www.stdaily.com/web/gdxw/2026-03/04/content_479914.html
AI场景创新让技术“试验地”成市场“高产田”,科技日报,2026-01-05,行业观察,AI应用场景；场景创新；人形机器人；人工智能+；智能客服,"科技日报“场景创新面面观”报道称,AI应用已从展示走向真实业务:人形机器人“入职”汽车产线,金融、医保等领域智能模型与客服明显提效。受访专家认为场景已成为关键创新资源,“十五五”规划建议与国办文件均强调加大场景建设开放,应坚持以真实业务牵引、技术适配与生态协同,推动AI在产业深处扎根。",https://www.stdaily.com/web/gdxw/2026-01/05/content_457226.html
《新一代人工智能伦理规范》发布,科技部官网,2021-09-26,政策动态,伦理规范；人工智能伦理；公平公正；隐私安全；科技伦理审查,据科技部消息，国家新一代人工智能治理专业委员会发布《新一代人工智能伦理规范》，将伦理道德融入人工智能全生命周期，提出增进人类福祉、促进公平公正、保护隐私安全、确保可控可信、强化责任担当、提升伦理素养6项基本伦理要求，并对管理、研发、供应、使用等活动提出18项具体伦理要求，为AI相关活动提供伦理指引。,https://www.most.gov.cn/kjbgz/202109/t20210926_177063.html
互联网信息服务算法推荐管理规定,中央网信办,2022-01-04,政策动态,算法推荐服务；算法备案；大数据杀熟；用户算法知情权；分级分类管理,国家网信办等四部门联合公布《互联网信息服务算法推荐管理规定》，自2022年3月1日起施行。规定要求算法推荐服务提供者不得利用算法实施大数据“杀熟”、操纵榜单等行为，保障用户算法知情权与选择权；具有舆论属性或社会动员能力的提供者应履行算法备案手续，并建立算法分级分类安全管理制度。,https://www.cac.gov.cn/2022-01/04/c_1642894606364259.htm
互联网信息服务深度合成管理规定,中央网信办,2022-12-11,政策动态,深度合成；显著标识；真实身份认证；人脸替换；深度合成算法备案,国家网信办、工信部、公安部联合公布《互联网信息服务深度合成管理规定》，自2023年1月10日起施行。规定要求深度合成服务不得用于制作传播虚假新闻等违法信息，服务提供者应对使用者进行真实身份认证；提供智能对话、合成人声、人脸生成等易致混淆误认服务的应作显著标识，并履行备案与安全评估义务。,https://www.cac.gov.cn/2022-12/11/c_1672221949354811.htm
国家互联网信息办公室关于发布互联网信息服务算法备案信息的公告,国家互联网信息办公室（商务部政策库转发）,2022-08-12,政策动态,算法备案清单；个性化推送算法；排序精选算法；调度决策算法；备案编号,国家网信办公开发布《境内互联网信息服务算法备案清单（2022年8月）》，系算法推荐规定2022年3月施行后首批备案信息。清单共30条，涵盖微博、美团、抖音、微信、淘宝等平台的个性化推送、排序精选、调度决策、生成合成类算法，公布算法名称、主体、应用产品、主要用途及备案编号，并表示将持续更新清单。,https://policy.mofcom.gov.cn/claw/clawContent.shtml?id=95761
专家解读|坚持多方共治 为生成式人工智能健康发展提供制度保障,中央网信办,2023-07-13,政策解读,生成式AI立法；多方共治；防歧视；用户权益保护；内容标识,网信办官网专家解读认为，该办法是国际上率先出台的应对生成式AI安全风险的专门立法。办法聚焦生成内容安全，要求提高训练数据质量、防止算法与数据歧视；围绕商业秘密和个人信息提出保护要求，防范未成年人过度依赖沉迷；对使用者违法活动可采取警示、限制功能、暂停或终止服务等处置措施。,https://www.cac.gov.cn/2023-07/13/c_1690898364564309.htm
专家解读|构建面向AI时代的数据治理新生态,中央网信办,2023-08-29,政策解读,数据治理；训练数据合规；个人信息保护；生成式AI,网信办官网解读文章称，该办法是全球第一部关于生成式AI治理的专门规范，制度设计与网络安全法、数据安全法、个人信息保护法及算法推荐、深度合成规定相衔接。文章从数据要素视角指出，办法明确训练数据来源合法、数据标注规则等数据治理要求，对构建面向AI时代的数据治理新生态具有制度指引意义。,https://www.cac.gov.cn/2023-08/29/c_1694965943882536.htm
全球人工智能治理倡议,中央网信办,2023-10-18,政策动态,全球人工智能治理倡议；以人为本；智能向善；共商共建共享；风险等级评估,中央网信办发布《全球人工智能治理倡议》，提出发展AI应坚持“以人为本”、助力可持续发展，坚持“智能向善”，各国无论大小强弱都有平等发展和利用AI的权利，大国在军事领域研发使用AI应持慎重态度；倡导建立风险等级测试评估体系、逐步健全法律法规，增强发展中国家代表性和发言权，推动各方共商共建共享。,https://www.cac.gov.cn/2023-10/18/c_1699291032884978.htm
十七部门关于印发《“数据要素×”三年行动计划（2024—2026年）》的通知,国家数据局等十七部门（中央网信办转发）,2024-01-05,政策动态,数据要素乘数效应；公共数据开放；大模型数据供给；智能网联汽车；数据交易,国家数据局等17部门印发《“数据要素×”三年行动计划（2024—2026年）》，在工业制造、科技创新、医疗健康、城市治理等12个领域推动数据要素发挥乘数效应。其中提出以科学数据支持AI大模型开发训练、建设高质量语料库，推动智能网联汽车创新发展，并从数据供给、流通环境、安全保障三方面强化支撑。,https://www.cac.gov.cn/2024-01/05/c_1706119078060945.htm
关于开展“清朗·网络平台算法典型问题治理”专项行动的通知,中国政府网,2024-11-12,政策动态,清朗算法专项；信息茧房；大数据杀熟；榜单操纵；算法应备尽备,中央网信办秘书局等四部门办公厅联合印发通知，部署开展“清朗·网络平台算法典型问题治理”专项行动（至2025年2月14日），重点整治“信息茧房”与诱导沉迷、操纵榜单炒作热点、侵害新就业形态劳动者权益、大数据“杀熟”等问题，明确算法导向正确、公平公正、公开透明、自主可控、责任落实五方面工作目标。,https://www.gov.cn/zhengce/zhengceku/202411/content_6989143.htm
关于印发《人工智能生成合成内容标识办法》的通知,中国政府网,2025-03-07,政策动态,生成合成内容标识；显式标识；隐式标识；元数据；数字水印,国家网信办、工信部、公安部、广电总局印发《人工智能生成合成内容标识办法》，自2025年9月1日起施行。办法要求服务提供者对文本、图片、音频、视频、虚拟场景等AI生成内容添加显式标识，并在文件元数据中添加隐式标识；传播平台须核验隐式标识并向公众提示；任何组织和个人不得恶意删除、篡改、伪造、隐匿标识。,https://www.gov.cn/zhengce/zhengceku/202503/content_7014286.htm
《人工智能生成合成内容标识办法》答记者问,中央网信办,2025-03-14,政策解读,标识办法答记者问；强制性国家标准；隐式标识不强制；过渡期,网信办负责人答记者问称，办法重点解决“哪些是AI生成的、谁生成的、从哪里生成的”，推动生成到传播全流程安全管理；对文本隐式标识、数字水印等技术难点不作强制要求，创新提出文本符号、音频节奏、文件元数据等低成本方法；配套强制性国标同步实施，并设约6个月过渡期。,https://www.cac.gov.cn/2025-03/14/c_1743654685896173.htm
中央网信办部署开展“清朗·整治AI技术滥用”专项行动,中央网信办,2025-04-30,政策动态,清朗AI专项；AI技术滥用；大模型备案登记；一键脱衣；内容标识缺失,中央网信办部署为期3个月的“清朗·整治AI技术滥用”专项行动。第一阶段整治未履行大模型备案或登记的违规AI产品、提供“一键脱衣”等违规功能、训练语料管理不严、内容标识缺失等6类问题；第二阶段聚焦利用AI制作谣言、色情低俗内容、假冒他人、网络水军等7类问题，处置违规账号与网站平台。,https://www.cac.gov.cn/2025-04/30/c_1747719097461951.htm
中央网信办深入开展“清朗·整治AI技术滥用”专项行动第一阶段工作,中央网信办,2025-06-20,新闻报道,处置违规AI产品；AI换脸拟声；隐式标识落地；平台专项公告,中央网信办公布“清朗·整治AI技术滥用”专项行动第一阶段进展：累计处置违规AI产品3500余款，清理违法违规信息96万余条，处置账号3700余个。北京、上海等地网信部门推进内容标识落地示范与大模型安全监测，腾讯、抖音、阿里等平台披露治理举措；下一步将聚焦AI造谣、低俗内容开展第二阶段整治。,https://www.cac.gov.cn/2025-06/20/c_1752129980667315.htm
工业和信息化部专题研究部署推动人工智能产业发展和赋能新型工业化,工业和信息化部,2025-06-04,政策动态,人工智能产业；赋能新型工业化；行业大模型；科技伦理管理服务办法,工信部部长李乐成主持召开专题会议，研究推动AI产业发展和赋能新型工业化，强调夯实产业基础、塑造应用优势、强化标准引领、壮大产业生态，统筹布局通用与行业专用大模型；在统筹发展和安全方面提出强化风险研判应对、推进深度合成检测技术攻关，加快制定人工智能科技伦理管理服务办法。,https://www.miit.gov.cn/xwfb/bldhd/art/2025/art_698937f7c4174d4689995b3b7ea89f43.html
国务院关于深入实施“人工智能+”行动的意见,中国政府网,2025-08-26,政策动态,人工智能+行动；六大重点行动；智能体应用；政策法规保障；安全能力,国务院印发《关于深入实施“人工智能+”行动的意见》（国发〔2025〕11号），以科技、产业、消费、民生、治理、全球合作等领域为重点部署6大行动，提出到2027年新一代智能终端、智能体等应用普及率超70%，到2030年超90%；并要求强化政策法规保障、提升安全能力水平等8项基础支撑，统筹发展和安全。,https://www.gov.cn/zhengce/content/202508/content_7037861.htm
专家解读|给人工智能生成合成内容贴上数字标识：解读标识新规如何重塑数字信任,中央网信办（作者邹潇湘）,2025-09-05,政策解读,标识新规解读；源头标识与传播核验；数字社会契约；技术法治,中国网络空间研究院信息化研究所所长邹潇湘解读称，《标识办法》及配套强制性国标标志我国AI法治化建设迈出重要一步，通过“源头标识—分发审核—传播核验—用户声明”协同闭环将原则性要求转化为可执行治理实践，对服务提供者、分发平台、传播平台、用户各环节主体精准划分责任，为构建可信数字生态奠定契约基础。,https://www.cac.gov.cn/2025-09/05/c_1758792061408012.htm
《人工智能安全治理框架》2.0版发布,中央网信办,2025-09-15,政策动态,安全治理框架2.0；风险分级；模型开源风险；衍生安全风险,2025年国家网络安全宣传周主论坛发布《人工智能安全治理框架》2.0版。该版本在国家网信办指导下由国家互联网应急中心牵头，联合专业机构、科研院所、行业企业制定，作为全国网安标委技术文件，在1.0版基础上完善优化风险分类、研究探索风险分级、动态调整更新防范治理措施。,https://www.cac.gov.cn/2025-09/15/c_1759653448369123.htm
人工智能拟人化互动服务管理暂行办法,中央网信办,2026-04-10,政策动态,拟人化互动服务；情感陪伴；人机价值对齐；弹窗提醒；沙箱服务平台,国家网信办等五部门公布《人工智能拟人化互动服务管理暂行办法》，自2026年7月15日施行，适用于模拟自然人特征的持续性情感互动服务。办法要求显著标识、连续使用超2小时强制弹窗提醒、不得以持续互动方式阻碍退出；敏感个人信息交互数据不得用于模型训练，并规定安全评估、算法备案与沙箱平台等制度。,https://www.cac.gov.cn/2026-04/10/c_1777558395078289.htm
专家解读|以人机价值对齐规范引领人工智能拟人化互动服务健康发展,中央网信办,2026-04-17,政策解读,拟人化互动解读；人机边界；情感依赖防控；敏感信息保护,网信办官网解读文章称，办法明确拟人化互动服务“辅助人类、服务人类”定位，划定禁止替代真实社会关系的伦理红线，通过显著标识、时长提醒等机制防范认知混淆与情感异化；除法定情形或单独同意外，属于敏感个人信息的交互数据不得用于模型训练，并引入人工智能沙箱平台机制，体现包容审慎、分类施策思路。,https://www.cac.gov.cn/2026-04/17/c_1778166820059937.htm
市政府今年安排25项立法项目,北京市人民政府,2026-05-25,政策动态,北京市立法计划；人工智能产业发展条例；地方性法规草案；审议项目,北京市政府新闻办发布2026年立法工作计划，共安排25项立法项目，其中审议项目13项，包括拟提请市人大常委会审议的《人工智能产业发展条例（草案）》等9项地方性法规草案。市司法局副局长王爱声介绍，在推动高质量发展、增强创新动能方面拟审议人工智能产业发展条例，为北京AI产业发展提供法治支撑。,https://www.beijing.gov.cn/ywdt/gzdt/202605/t20260525_4665431.html
本市人工智能产业立法必要性分析,北京市人大常委会（北京人大）,2026-05-29,政策解读,北京AI立法；政策与法治边界；人工智能第一城；促进加规范,北京人大期刊发文论证人工智能产业立法必要性：政策出台是“点状”的、依赖行政推动，立法才能提供持久稳定的制度预期。文章称北京拥有全国超40%的AI高端人才、约半数大模型备案数量及2500余家核心企业，立法拟采取“促进+规范”双轮驱动、建立分级分类监管规则，为国家层面AI立法提供“北京经验”。,https://www.bjrd.gov.cn/fwhd/bjrdzz/2026n/bjrdzz202605q/yjyts202605/202605/t20260529_4672347.html
工信部等八部门联合印发《“人工智能+制造”专项行动实施意见》,工业和信息化部,2025-12-25,政策动态,人工智能加制造；工业智能体；高质量数据集；双向赋能,工信部等八部门联合印发《“人工智能+制造”专项行动实施意见》，提出到2027年推动3—5个通用大模型在制造业深度应用、推出1000个高水平工业智能体、打造100个工业领域高质量数据集、推广500个典型应用场景，围绕7大任务细化21项措施，促进AI技术与制造业“双向赋能”，提升安全治理能力。,https://sdca.miit.gov.cn/zwgk/zcwj/wjfb/art/2026/art_173015d0e80b43e49b785e7e35c4ce1c.html
2021年度全球十大人工智能治理事件,人民论坛网,2022-01-13,研究报道,个人信息保护法；伦理规范；数据安全；专家点评,人民智库与旷视AI治理研究院联合遴选《2021年度全球十大人工智能治理事件》，覆盖《数据安全法》《个人信息保护法》施行、最高法人脸识别司法解释出台、《新一代人工智能伦理规范》发布等事项，并组织何宝宏、郭兵等专家点评；专家观点认为我国数据法律框架初步成型、伦理规范出台及时，AI伦理治理受重视度上升。,https://politics.rmlt.com.cn/2022/0113/637580.shtml
人脸识别治理的国际经验与中国模式,人民论坛,2022-02-20,专家评论,人脸识别；生物识别信息；隐私保护；比较法；分类监管,《人民论坛》文章梳理美国、加拿大、欧洲等地人脸识别监管模式。作者认为人脸识别虽为公共安全与治理带来便利，但可能威胁隐私、自由与人格尊严；基于中国国情不宜一刀切禁止，而应通过法律严格规制并平衡安全与发展。文中观点系作者判断，供读者参考。,https://paper.people.com.cn/rmlt/html/2022-02/20/content_25911476.htm
如何对随意“刷脸”说不 检察机关推动建立人脸信息保护多元共治格局,新华网,2023-04-13,新闻报道,人脸识别；公益诉讼；检察机关；敏感个人信息,报道检察机关以公益诉讼治理滥用人脸识别。无锡、上海等地检察机关发现健身房强制“刷脸”、超市给消费者打“疑似小偷”标签等乱象，通过公益损害风险防控平台排查线索、推动整改；受访检察官与最高检部门负责人表示人脸信息属敏感个人信息，泄露易侵害人格尊严与人身财产安全，主张形成人脸信息保护多元共治格局。,https://www.news.cn/2023-04/13/c_1129517614.htm
謹防“刷臉”技術被濫用,人民网,2023-05-22,专家评论,人脸识别；强制刷脸；个人信息；滥用防范,文章以广州健身房强制会员刷脸等案例为引，梳理人脸识别滥用引发的“被贷款”“被诈骗”及AI换脸破解验证程序等风险，回顾杭州野生动物世界案与天津物业案判决。受访学者洪延青认为人脸识别应建立在尊重人格权隐私权、保护个人信息的基础上，通过立法规范应用。观点系受访者判断。,https://kpzg.people.com.cn/BIG5/n1/2023/0522/c404214-32691412.html
刷脸时代的信息安全,法治日报,2023-08-25,深度报道,人脸识别；人脸识别第一案；敏感个人信息；删除信息,法治日报围绕“人脸识别第一案”展开报道：郭兵诉杭州野生动物世界案二审胜诉后受访，郭兵认为酒店、银行普遍存在强制或诱导刷脸属过度收集敏感个人信息；文章还讨论人脸数据在特定目的完成后的删除保护、个人信息保护影响评估报告保存年限及网络安全等级保护等合规义务。受访者观点系个人判断。,https://www.legaldaily.com.cn/index/content/2023-08/25/content_8892641.html
聚焦《互联网信息服务算法推荐管理规定》五大看点,中国政府网,2022-01-06,政策解读,算法推荐；算法备案；用户权益；算法透明；防止沉迷,稿件梳理《互联网信息服务算法推荐管理规定》五大看点，涉及算法推荐需坚持主流价值导向、不得诱导沉迷或过度消费、保障用户算法知情权与选择权、未成年人老年人保护、算法备案等内容。何延哲、王立梅、王新锐等专家分别就算法评估落实、科技向善落地及“普遍公开+部分备案”机制作出解读，观点均系受访专家个人判断。,https://www.gov.cn/zhengce/2022-01/06/content_5666768.htm
规范算法应用才能防范“算法失控”,光明网,2022-01-12,专家评论,算法推荐；算法知情权；算法选择权；大数据杀熟,评论认为算法推荐在提升体验的同时被用于算法歧视、“大数据杀熟”、诱导沉迷乃至操控舆论，需以制度规范防范“算法失控”。作者判断《互联网信息服务算法推荐管理规定》通过保障用户算法知情权与选择权、禁止操纵榜单热搜等，将“遥控器”交还用户，是治理算法滥用的关键一步。文中观点系作者判断。,https://epaper.gmw.cn/zhdsb/html/2022-01/12/nw.D110000zhdsb_20220112_2-19.htm
新华全媒丨从“算法选择”到“选择算法”:我国网络空间治理进入新阶段,新华社,2022-08-30,新闻报道,算法治理；算法备案；算法黑箱；清朗行动,报道结合2022年中国网络文明大会，梳理《互联网信息服务算法推荐管理规定》施行半年进展，包括“清朗·算法综合治理”专项行动、首批算法备案发布等。刘祥龙、刘晓春、沈华伟等专家认为我国进入算法系统性治理阶段，并就算法“黑箱”监管、备案内容边界及人机“委托-代理”关系发表看法，均属专家观点。,https://www.news.cn/2022-08/30/c_1128962925.htm
专家解读构建算法治理落地支撑体系,中央网信办,2022-03-03,政策解读,算法推荐；分级分类监管；算法备案；行业自律,网信办官网刊发中国传媒大学沈浩的专家解读。作者认为《规定》回应算法歧视、“大数据杀熟”、诱导沉迷等问题，提出分级分类监管与算法备案等制度；同时建议构建算法监测技术体系、加强高校相关学科建设、推动企业自律与行业公约，以保障治理落地。文中观点系作者个人判断。,https://www.cac.gov.cn/2022-03/03/c_1647914824218052.htm
专家解读鼓励新兴技术健康发展 探索人工智能治理法治路径,中央网信办,2023-08-29,政策解读,生成式人工智能；分类分级监管；包容审慎；算法算力数据,网信办组织专家解读《生成式人工智能服务管理暂行办法》。解读认为该办法是中国加快AI立法的重要一步，对数据、算法、算力三要素作统筹制度设计；办法明确主要规制面向境内公众的服务、鼓励技术创新，并实行包容审慎与分类分级监管，在各国尚无成熟治理实践的背景下体现专门性与前瞻性。文中判断系专家观点。,https://www.cac.gov.cn/2023-08/29/c_1694965943875107.htm
生成式人工智能服务管理暂行办法(国务院公报),中国政府网,2023-07-10,政策动态,生成式人工智能；监管办法；内容标识；防止歧视,中国政府网发布国家网信办等七部门《生成式人工智能服务管理暂行办法》全文。办法自2023年8月15日起施行，确立发展与安全并重、包容审慎和分类分级监管原则，要求服务提供者在算法设计、训练数据选择等环节防止歧视，尊重知识产权与个人信息权益，并对生成内容进行标识，系首部生成式AI专门监管规章。,https://www.gov.cn/gongbao/2023/issue_10666/202308/content_6900864.html
【法治护我心——《互联网信息服务深度合成管理规定》系列解读】,光明网,2023-01-13,政策解读,深度合成；深度伪造；内容标识；责任框架,光明网在《互联网信息服务深度合成管理规定》施行后组织专家解读：张凌寒认为规定将深度合成纳入算法安全治理体系；何宝宏指出其构建围绕技术支持者与服务提供者的责任框架；陶建华介绍深度合成内容标识管理要求；张吉豫讨论“数字人物”纳入监管。各专家观点均系个人学术判断。,https://m.gmw.cn/toutiao/2023-01/13/content_36299270.htm
【聚焦学理中国】《全球人工智能治理倡议》为数字公平贡献中国方案,中国社会科学网,2024-02-01,人物访谈,全球治理倡议；智能向善；算法偏见；数字平等,中国社会科学网约访学者全燕解读《全球人工智能治理倡议》。全燕认为倡议为全球AI治理提供规范蓝本，强调“智能向善”、公平与非歧视原则，指出决策算法可能反映并加剧既有不公；她判断实现数字平等需扩大透明度，并提示AI技术利润私有而负面效应社会化的问题。上述判断系受访学者个人观点。,https://cssn.cn/gjgc/202402/t20240201_5731909.shtml
李艳:人工智能治理在于平衡安全与发展,中国社会科学网,2024-05-11,专家评论,全球治理倡议；发展与安全；风险预判；综合治理,学者李艳撰文解读《全球人工智能治理倡议》。她认为AI治理的关键在于平衡安全与发展，指出技术风险与应用伦理须纳入考量、风险不确定性需要预判；主张治理应跨学科跨领域，细分技术、应用与规则层面的风险，并由企业、学界与政府协同推动标准制定与技术评估。文中观点系作者个人判断。,https://www.cssn.cn/skgz/bwyc/202405/t20240511_5750623.shtml
构建全面科学的人工智能法律制度体系,中国人大网,2025-06-17,政策动态,人工智能立法；风险分级；伦理规范；容错机制,中国人大网报道全国人大代表提出制定人工智能法的议案。议案建议立法涵盖产业促进、按风险分类监管、社会影响与伦理评估、国际竞争合作、法律责任与监管机制等方面，并指出现行法律偏重单一要素监管、地方立法位阶较低，难以应对AI跨区域应用的复杂性。上述内容属代表议案主张。,http://www.npc.gov.cn/c2/c30834/202506/t20250617_445777.html
为AI赛道发展系好“法治安全带”,人民网,2025-03-08,人物访谈,大模型安全；人工智能立法；提示注入；幻觉；容错机制,人民网两会访谈采访周光权、吕红兵、周鸿祎三位代表委员。周鸿祎指出DeepSeek等大模型存在幻觉、提示注入攻击，接入企业知识库与智能体后风险加剧；周光权认为立法应兼顾发展与安全、按风险程度分类分级监管并建立容错机制；吕红兵建议推进“小快灵”立法。观点均系受访者个人判断。,https://cpc.people.com.cn/BIG5/n1/2025/0308/c64387-40433974.html
人工智能治理需法律与标准协同发力,法治日报,2026-04-28,新闻报道,人工智能立法；算法黑箱；标准体系；伦理审查；医疗AI,法治日报报道人工智能治理的立法与标准协同。报道称全国人大常委会已将AI健康发展立法列入2025年度计划，中国社科院《人工智能法示范法》已迭代至3.0版；受访专家龙卫球认为须研判技术规律与风险类型，曾雄指出标准在技术治理中地位凸显。受访专家观点均系个人判断。,https://www.legaldaily.com.cn/sylm/content/2026-04/28/content_9381866.html
"人工智能自动驾驶,法律责任怎么算",人民网,2024-08-29,专家评论,自动驾驶；交通事故；责任主体；产品责任；归责,人民网刊发的法律分析文章讨论自动驾驶事故的责任分配。作者认为随着自动化程度提高，驾驶人义务与责任应相应减轻；而AI难以成为被惩罚的法律主体、驾驶人责任又被减轻时会出现赔偿缺位，因此厂商应就系统缺陷与宣传误导承担责任。文中判断系作者法律分析观点。,https://yn.people.com.cn/BIG5/n2/2024/0829/c378440-40959376.html
遏制大数据“杀熟”靠规定更靠落实,人民网,2026-01-08,专家评论,大数据杀熟；算法黑箱；平台责任；监管执行,评论文章认为“大数据杀熟”本质是平台利用算法精准画像后的歧视性定价，背后是不透明的算法规则与用户协议，损害公平交易权并扭曲市场竞争。作者判断现有法律供给已较充分，关键在于执行力度，须压实平台主体责任、让监管“长牙带刺”并随算法更新同步升级。文中观点系评论作者判断。,https://society.people.com.cn/n1/2026/0108/c1008-40641186.html
明令禁止“大数据杀熟” 网络交易监管新规2月落地,央视网,2026-02-03,政策解读,大数据杀熟；平台规则；举证责任；人工复核；仅退款,政策解读介绍2026年2月1日实施的《网络交易平台规则监督管理办法》。办法首次以“平台规则”为切入点划红线，明文禁止“大数据杀熟”并规定平台对定价合理性负有举证义务，并规范会员权益减损与商家人工复核申诉。作者为北京市第一中级人民法院法官，解读属个人观点。,https://news.cctv.cn/2026/02/03/ARTIXCxzC3e9Z4lTYE1vhQxG260203.shtml
最高法:恶意滥用AI换脸、拟声技术 电诈手法更隐蔽更具迷惑性,央广网,2026-03-09,风险事件,AI换脸；拟声诈骗；电信网络诈骗；黑灰产；全链条打击,央广网报道最高法刑事审判第三庭庭长汪斌关于AI技术滥用的通报：AI换脸、拟声使电诈更具迷惑性，涉AI电诈已形成覆盖技术开发到洗钱变现的黑灰产链条，诈骗从“广撒网”转向“精准画像”；法院将全链条打击并针对监管漏洞发送司法建议。数据显示2025年法院审结电诈案件4.1万件。属官方通报。,https://news.cnr.cn/native/gd/20260309/t20260309_527547130.shtml
"开局起步“十五五”丨公安部:上半年共侦办AI生成网络谣言案件170余起,多举措应对新型技术犯罪",光明网,2026-07-24,风险事件,AI网络谣言；深度伪造；内容鉴定；标识办法；安全审查,光明网报道公安部在国新办发布会披露AI新型犯罪治理情况：今年上半年侦办AI生成网络谣言案件170余起、查处190余人；公安机关依托国家反诈中心App提供AI内容鉴定，联合多部门施行《人工智能生成合成内容标识办法》，并推进《网络犯罪防治法》立法与人工智能安全审查制度研究。属官方通报。,https://politics.gmw.cn/2026-07/24/content_38906135.htm
让深度合成技术在法治轨道上健康运行,光明日报,2026-08-22,专家评论,深度合成；AI换脸；开源技术；内容标识；综合性立法,光明日报理论文章讨论深度合成技术治理。作者提出AI换脸、拟声等合法应用须满足权利人单独同意与全链条标签标识双重条件，滥用将触发民事、行政、刑事三层责任；并主张推动综合性人工智能立法、压实传播平台筛查责任、优化举证与司法救济，以应对开源模型离线运行等治理盲区。文中观点系作者论述。,https://epaper.gmw.cn/gmrb/html/content/202608/22/content_22983.html
薛澜:人工智能时代内容生成的伦理治理,人民论坛网,2025-04-21,人物访谈,内容生成；技术幻觉；敏捷治理；虚假信息；企业责任,学习时报专访清华大学薛澜。薛澜将生成式AI产生的虚假错误内容分为技术内生、开发训练、应用滥用三类风险，认为应实施敏捷治理，即快速反应、柔性工具、政企形成“共同体”；他还指出企业须做技术自纠与恶用防范，公众应参与共治，并提示最需警惕创造力依赖与情感钝化风险。观点均系受访学者判断。,https://www.rmlt.com.cn/2025/0421/728198.shtml
"“向善”亦“为恶”,人工智能如何“修身立德”",中国科学报,2026-08-07,研究报道,人工智能安全；价值观校准；安全对齐；内生安全；攻击测试,中国科学报报道曾毅在中国科协年会的主旨演讲与研究。曾毅称AI以数据方式“善恶兼修”，未经校准的模型会复现数据中的偏见；其团队以“前瞻安全基准”和攻击测试评估主流大模型，并探索利用模型内部熵信号实现轻量安全增强，但认为AI尚未真正理解安全。成果与判断均系受访学者所述。,https://news.sciencenet.cn/sbhtmlnews/2026/8/390797.shtm
生成式AI“知识幻觉”的风险结构与治理进路,光明日报(文摘版),2025-09-17,研究报道,知识幻觉；大模型；信息失真；伦理规范；AI素养,光明日报文摘版转载《上海市社会主义学院学报》文章，分析生成式AI“知识幻觉”。文章将用户误判分为权威型与创造型两类，认为其源于模型固有缺陷、治理机制不完善与用户过度信任，风险涉及个体认知与社会信任；主张技术攻关、健全AI伦理规范与责任边界、提升公众AI素养协同治理。观点系作者研究判断。,https://epaper.gmw.cn/wzb/html/2025-09/17/nw.D110000wzb_20250917_2-06.htm
"AI科技伦理规范文件公开征求意见,三类活动需开展专家复核",南方都市报,2025-08-23,政策动态,科技伦理审查；伦理委员会；专家复核；人机融合；责任主体,南都报道AI科技伦理管理办法征求意见稿公开征求意见（截止2025年9月22日）。征求意见稿拟明确高校、科研机构、企业等为责任主体，有条件单位应设立AI伦理委员会，并列举人机融合系统研发、具舆论动员能力模型研发、高度自主决策系统研发三类须专家复核的高风险活动，同时强化对中小微企业的伦理服务支持。,https://static.nfnews.com/content/202508/23/c11654089.html
瞭望·政策解码|筑牢“智能向善”基石,瞭望新闻周刊,2026-06-03,深度报道,科技伦理审查；智能向善；分级分类审查；先导计划；责任主体,瞭望新闻周刊报道工信部等十部门2026年3月印发的《人工智能科技伦理审查与服务办法(试行)》。办法确立“谁研发谁负责、谁应用谁负责”原则，围绕增进人类福祉、可控可信等维度开展分级分类审查，高风险活动增设专家复核；工信部已同步启动伦理审查先导计划。专家观点系个人判断。,https://lw.news.cn/20260603/dd1bd5322f0c4b7899268d691caf2ceb/c.html
【光明时评】夯实人工智能伦理治理根基,光明日报,2026-04-23,专家评论,科技伦理审查；算法偏见；伦理前置；源头管控,光明时评评论《人工智能科技伦理审查与服务办法(试行)》。评论认为算法偏见源于历史数据、单一设计目标与反馈回路，并会被制度结构放大；办法要求将科技伦理贯穿AI活动全过程、遵循增进人类福祉等七项伦理原则，作者判断这将推动伦理治理由被动应对转向源头管控。文中观点系评论作者判断。,https://theory.people.com.cn/BIG5/n1/2026/0423/c40531-40706925.html
AI伦理观察丨金鑫:AI治理与发展须同频共振 百望股份构建全链路伦理体系,新华网,2025-12-04,企业实践,AI伦理委员会；全生命周期审核；算法偏见；数据安全；科技向善,新华网专访百望股份相关负责人的企业实践报道。金鑫称公司设立AI伦理治理委员会，把伦理审核前置嵌入产品全生命周期，在金融智能体开发中评估数据采集范围、决策透明性与算法偏见；依托“私域数据”与加密实现数据“可用不可见”，并与国产芯片、模型企业共建伦理标准。受访者观点反映其企业伦理治理路径。,https://www.xinhuanet.com/finance/20251204/78c5d87ecc4149f7b1454ca07fb262a3/c.html
9家大厂10份报告披露互联网ESG新趋势:AI成关键词,南方都市报,2025-12-10,行业观察,AI伦理委员会；可信AI；AIGC合规；数据安全；ESG,南都行业观察梳理大厂ESG报告中AI治理动向：小米设立AI伦理委员会并确立“安全、隐私、合规、透明”原则，阿里科技伦理治理委员会由CTO牵头推动各业务线建立审查机制，腾讯实施AI数据安全与AIGC评估报批制度，网易更新AIGC数据与内容安全合规指引。反映头部企业将AI伦理嵌入内部制度。,https://m.mp.oeeee.com/a/BAAFRD0000202512101491474.html
高盛预计3亿个岗位将被生成式AI取代!首批失业潮来了吗?如何应对,央广网(转自澎湃新闻),2023-04-08,新闻报道,就业替代；生成式AI；白领岗位；高盛报告；美术设计,"据央广网转载澎湃新闻2023年4月报道,高盛报告预计全球约3亿岗位将被生成式AI取代,律师、行政等白领岗位受影响最大。报道走访游戏美术、外包等行业,称AI已令原画、翻译等岗位收缩、部分企业裁员,但尚未出现大规模失业;同时AIGC类人才需求井喷、年薪可达百万。",https://news.cnr.cn/native/gd/20230408/t20230408_526211053.shtml
主动应对人工智能对就业带来的影响,光明网,2023-06-05,专家评论,就业结构；双刃剑；挤出效应；职业培训；结构性失业,"光明网2023年6月刊发中国电信研究院副研究员陈凤仙署名文章,称生成式AI在创造岗位的同时产生结构性挤出效应,呈现极化特征,翻译、作家、财务等脑力劳动者受影响较大。文章建议发挥制度优势,以发展新业态、加强AI技能培训、强化就业服务等举措应对就业冲击。",https://www.gmw.cn/xueshu/2023-06/05/content_36610819.htm
"AI“上岗”,我的“饭碗”还稳吗?",工人日报(中国经济网转载),2023-09-25,深度报道,岗位冲击；AI绘画；原画师；职业危机；技能升级,"工人日报2023年9月调查报道,聚焦AI走进职场后普通劳动者的饭碗焦虑。文章称AI已在绘画、写作、客服等岗位较广泛应用,提高效率的同时替代部分简单重复工作,初级画师等群体职业危机感明显。业内人士建议劳动者拥抱新技术、持续学习提升技能,与AI共生共荣。",http://m.ce.cn/lv/gd/202309/25/t20230925_38727849.shtml
"被算法“驱赶”的外卖骑手,何时能从容跑单?",工人日报(中国网转载),2021-11-29,深度报道,算法考核；外卖骑手；劳动权益；配送超时；平台管理,"工人日报记者2021年11月在北京、福州、沈阳等地跟访外卖骑手,记录其被系统算法驱赶的跑单状态:为防超时逆行闯红灯,送达时间与好评率决定骑手画像与派单质量。报道揭示平台算法压缩配送时间、以数据考核劳动者的现实困境。",https://www.toutiao.com/article/7035804641128514062
补短板、强规范——多部门为新业态劳动者加快撑起“保护伞”,中国就业网(人社部),2024-05-07,政策解读,新就业形态；权益保障；平台用工；劳动规则公示；纠纷调解,"据人社部中国就业网,全国新就业形态劳动者已达8400万人。多部门出台外卖员、网约车司机专项保障政策,2024年2月发布休息报酬、劳动规则公示、权益维护三份指引指南,将新就业形态劳动者纳入最低工资保障,公开平台算法规则,并建设约1000家一站式劳动纠纷调解组织。",https://chinajob.mohrss.gov.cn/c/2024-05-07/405069.shtml
国际劳工组织:人工智能或将增加就业机会,中国新闻网,2023-08-22,研究报道,生成式AI；就业研究；自动化；文职岗位；国际劳工组织,"中国新闻网转引国际劳工组织2023年8月报告:生成式AI更可能增强而非替代就业,多数职业仅部分自动化,文职类受冲击最大;高收入国家约5.5%岗位面临自动化风险、低收入国家约0.4%,且自动化对女性文职岗位影响更大。报告呼吁各国积极以政策引导技术转型。",https://www.chinanews.com/gj/2023/08-22/10065321.shtml
报告说人工智能将为劳动力市场带来重大变化,新华社,2024-06-03,研究报道,麦肯锡；就业两极分化；自动化；技能培训；劳动力市场,"新华社援引麦肯锡全球研究院报告称,到2030年生成式AI将助美欧近三分之一工作时间实现自动化,劳动力市场两极分化加剧,高薪职位比例上升1.8%、低薪职位下降1.4%,行政办公、客服销售类岗位受冲击最大,建议加大员工教育与培训投入。",https://www.xinhuanet.com/info/20240603/a62d891cb92040b58bf913614ae860ca/c.html
人力资源社会保障部、国家市场监督管理总局、国家统计局联合发布生物工程技术人员等19个新职业,人力资源社会保障部,2024-07-31,政策动态,新职业；生成式人工智能系统应用员；智能网联汽车；就业增长点；职业分类,"人社部等三部门2024年7月31日发布19个新职业与28个新工种,其中生成式人工智能系统应用员、智能网联汽车测试员、云网智能运维员等数字智能职业约占半数,反映AI等技术催生的就业形态,为相关从业者确立职业身份并开发就业增长点。",https://www.mohrss.gov.cn/wap/xw/rsxw/202407/t20240731_523281.html
扩容提质培育就业新动能,人力资源社会保障部,2024-12-13,政策解读,新职业；就业蓄水池；灵活就业；AI训练师；职业转换,"人社部刊文解读新职业扩容与就业新动能:全国新就业形态劳动者8400万人、占职工总数21%,骑手、快递员、网约车司机等成为灵活就业重要力量;生成式人工智能系统应用员等新职业随大模型训练校准需求应运而生,平台与AI正成为吸纳就业与重塑岗位结构的重要变量。",https://www.mohrss.gov.cn/SYrlzyhshbzb/ztzl/dsschy/mtbd/202412/t20241213_532340.html
新华社:河北石家庄“数字员工”赋能 供电服务更高效,新华社(国网河北转载),2024-12-03,企业实践,数字员工；RPA；降本增效；供电服务；人机协同,"新华社2024年12月报道,国网石家庄供电公司推广以RPA与AI融合的数字员工,RPA机器人累计运行35万余次、节省人工时长14.83万小时、平均效率提升21.49倍,1483名数字员工上岗执行,典型电表更换工单效率提升15倍,展示AI数字劳动力在国企基层生产场景的落地。",http://www.he.sgcc.cn/html/main/col41/2024-12/04/20241204114243890438631_1.html
今日时评丨积极应对无人驾驶对从业者的冲击,中国劳动保障报(今日头条转载),2024-07-19,专家评论,无人驾驶；网约车司机；就业转型；再就业培训；萝卜快跑,"中国劳动保障报2024年7月时评指出,萝卜快跑等无人驾驶网约车扩围将深刻改变出行从业格局,我国注册网约车与出租车司机超千万。评论建议政府与企业为司机提供转岗政策支持与再就业培训,创造技术维护、远程监控等新岗位,探索平台与无人驾驶商合作共赢。",https://www.toutiao.com/article/7393370509452280374
人形机器人进厂“打工”记,中国经济网,2025-04-23,深度报道,人形机器人；智能制造；进厂实训；优必选；就业替代,"中国经济网2025年4月报道人形机器人进厂进程:优必选Walker S系列在极氪、比亚迪等工厂实训,从初期作业效率仅为人工20%,到搬运提速25%、质检准确率超99%。报道讨论机器人以算力替代人力对制造岗位的影响,并指出从单机到群体智能是规模落地的关键。",https://www.ce.cn/cysc/tech/gd2012/202504/23/t20250423_39348594.shtml
"这里,人形机器人进厂“打工”",中国经济周刊(经济网),2024-08-05,新闻报道,人形机器人；智能制造；车企实训；Walker S；具身智能,"经济网2024年8月报道,优必选工业版人形机器人Walker S先后进入蔚来、东风柳汽、吉利等车企总装车间实训,与车企共建示范产线;业内判断工业场景将率先实现人形机器人规模落地。报道展现机器人进厂对制造业用工形态的影响。",https://www.ceweekly.cn/finance/macro/2024/0805/451486.html
"不只是求职者要“过关”,AI面试官也要“闯关”",中国青年报,2024-05-07,深度报道,AI面试；校园招聘；求职体验；隐私安全；招聘效率,"中国青年报2024年5月调查报道,AI面试已成校招初筛标配,企业称其将初面时长缩短一半、仅需两三名面试官;求职者则面临单向输出、隐私与体验困扰。专家指出AI面试是趋势但需规范管理,终面等关键环节仍由真人把关。",https://zqb.cyol.com/html/2024-05/07/nw.D110000zgqnb_20240507_1-05.htm
AI面试考验了谁,新华网,2024-12-19,专家评论,AI面试；算法黑箱；招聘公平；AI作弊；技术向善,"新华网2024年12月评论指出,AI面试已覆盖银行、快消、咨询等行业,单名AI面试官24小时可面试2500人,但量化评判难显独特优势、算法黑箱存在误判风险,且催生AI作弊产业链。评论认为技术有双面性,应防范AI招聘算法不透明与作弊对公平的损害。",https://www.news.cn/comments/20241219/d5e9038b094f4a668eeec47c47eb15a5/c.html
DeepSeek崛起对我国就业市场人才的影响:需求变革、供给挑战与政策因应,国家信息中心,2025-08-21,研究报道,DeepSeek；人才结构；中等技能；算力人才；就业政策,"国家信息中心2025年8月研究认为,DeepSeek崛起在拉动算力、芯片等AI人才需求并催生AI编导等新岗位的同时,加速替代中等技能劳动者,叠加去技能化效应改变就业供需。研究呼吁以人才培养、职业转型与政策保障应对DeepSeek带来的就业市场变革。",https://datasec.sic.gov.cn/sic/81/455/0821/20250821171020335196479_pc.html
“AI数智员工”如何助力政务智能化?,央视网(转自新华社),2025-02-24,新闻报道,AI公务员；数字员工；政务效率；人机协同；福田区,"新华社2025年2月报道,深圳福田区基于DeepSeek部署70名AI数智员工,覆盖240个政务场景,公文审核时间缩短90%、民生诉求分拨准确率由70%升至95%,并引发铁饭碗是否被AI取代的社会讨论。官方称其为辅助助手、AI非岗位威胁而是激活人力。",https://news.cctv.com/2025/02/24/ARTItJ8cqq9D7Lww3dVc3j2Q250223.shtml
"面对职场“数字监管”,边界如何划定?",工人日报(中国青年网转载),2026-05-11,深度报道,AI监控；职场数字监管；员工隐私；算法裁决；劳动权益,"工人日报2026年5月调查报道,企业以智能摄像头、屏幕监控、实时定位等数字监管管理员工,超半数职场人表示工作受监视。专家指出监控须遵循最小必要原则,重大处分应设人工审核与申诉渠道,赋予劳动者脱离自动化决策的权利。",https://m.cyol.com/gb/articles/2026-05/11/content_Zv9Ozxc2qe.html
“数字监管”不该异化为绑住员工的“电子镣铐”,中国妇女网(中国妇女报),2026-05-22,专家评论,AI监控；员工隐私；最小必要；电子镣铐；劳动法,"中国妇女报2026年5月评论批评企业将数字监管异化为侵犯员工隐私的电子镣铐,如智能坐垫、键盘声监测、GPS轨迹定性消极怠工等做法涉嫌违法。文章强调监控须遵循最小必要原则,在效率与权益之间寻找平衡,技术应为企业赋能而非为监控赋权。",https://www.cnwomen.com.cn/2026/05/22/991134718.html
"蔡昉:AI的“创造性破坏”前所未有,共享成果是破局之道",人民日报《中国经济周刊》,2026-06-15,人物访谈,蔡昉；创造性破坏；劳动生产率；结构性就业；再分配,"中国经济周刊2026年6月刊发蔡昉专访。他表示AI的创造性破坏前所未有,将大幅提升生产率并重塑岗位,冲击集中于年轻入门技能与大龄劳动者。主张以升级版积极就业政策、技能培训、社会保护与再分配化解AI时代结构性就业矛盾,共享技术红利。",https://paper.people.com.cn/zgjjzk/pc/content/202606/15/content_30170305.html
数智中国丨“有活没人干、有人没活干”不能都怪AI,中国经济网(凤凰网转载),2026-06-06,人物访谈,蔡昉；结构性就业矛盾；技能培训；AI赋能；社会保障,"中国经济网2026年6月专访蔡昉:AI对就业影响是放大器而非最大冲击源,当前矛盾核心是结构性就业失衡。他建议产业政策引导AI对标积极就业政策,劳动者主动培训重塑技能,国家健全社保体系,为AI时代的职业转型留出空间。",https://news.ifeng.com/c/8tjNtIdfGMR
当AI成为我的“同事”,中国新闻网,2026-01-30,深度报道,AI辅助诊断；放射科医生；人机协同；医疗影像；误诊风险,"中国新闻网2026年1月报道,北京三甲医院放射科引入AI辅助诊断系统后,医生与AI成为同事。医生反映AI对常规病灶阅片提速一半,但对微小结节漏诊率高、算法黑箱难解释,复核负担反而加重,揭示医疗AI落地对医生工作方式与责任边界的复杂影响。",https://www.chinanews.com/sh/2026/01-30/10561990.shtml
"形象逼真,失误为零——数字人主播“上岗”了",人民日报海外版(今日头条转载),2025-02-28,新闻报道,数字人主播；AI播报；新闻联播；广电行业；DeepSeek,"人民日报海外版2025年2月报道,杭州新闻联播6位AI数字人主播春节上岗零失误,数字分身接入DeepSeek后可播报、审稿与素材整合;多地广电推动数字人进入常态节目。报道认为数字人可降本提效,广电行业用工形态正发生变化。",https://www.toutiao.com/article/7476254159797371443
教师应做人工智能教育的守望者,中国教育报,2023-03-30,专家评论,教师角色；AI伦理；教育数字化；人机关系,"中央民族大学学者撰文指出,教师是传统教育与智能教育边界线上的守望者,需掌握算法原理、防范技术异化,在涉及学生权益的决策上对AI保持审慎,引导学生合理使用AI并维系有温度的师生关系。",http://www.jyb.cn/rmtzgjyb/202303/t20230330_2111021528.html
“大模型”视角下的人机协同教学,中国教师报,2023-10-17,专家评论,人机协同；教师数字素养；大模型教学；教学模式,"华中师大教授吴砥等《教师数字素养》标准起草人撰文,主张教师探索AI在内容优化、教学创新与数据驱动评价中的价值,重构“师—机—生”新课堂,把大模型融入教学全流程,并指出人机协同教学时代对教师能力提出更高要求。",http://www.jyb.cn/rmtzgjsb/202310/t20231017_2111104294.html
教育部部署加强中小学人工智能教育,教育部,2024-12-02,政策动态,中小学AI教育；课程体系；城乡统筹；教育普及,"教育部办公厅印发通知部署加强中小学AI教育:按学段构建课程目标并实施常态化教学评价,将AI纳入课后服务与研学,分批设立教育基地;要求城乡统筹、依托网络平台实现城乡AI课程互联互通,加大对农村和边远地区学校支持。",https://www.moe.gov.cn/jyb_xwfb/gzdt_gzdt/s5987/202412/t20241202_1165500.html
復旦大學發文規范畢業論文AI使用 違者或受處分,人民网,2024-12-01,政策动态,论文AI规范；学术诚信；复旦；本科毕业论文,"复旦发布本科毕业论文使用AI工具规定(试行),划定研究设计、数据、正文生成、润色翻译及评审等禁止范围,违规按情节给予成绩、答辩与学位层面处理;报道列举华北电力、天津科技、湖北、福州等高校2024年引入AIGC检测的做法。",https://edu.people.com.cn/BIG5/n1/2024/1201/c1006-40372717.html
促进人工智能助力教育变革,经济日报(中国政府网政策解读),2025-01-23,政策解读,教育强国规划；AI赋能教育；评价改革；教师信息素养,"政策解读结合《教育强国建设规划纲要(2024—2035年)》指出,促进AI助力教育变革需构建课程教材体系、改革评价方式,并将教师信息素养提升作为关键,同时借助云端学校等建设让农村边远地区学生获得更公平优质的教育。",https://www.gov.cn/zhengce/202501/content_7000579.htm
防范學生過度依賴生成式人工智能,科技日报(人民网教育频道),2025-05-13,新闻报道,过度依赖；分学段差异化；使用指南；独立思考,"科技日报报道《中小学生成式人工智能使用指南(2025年版)》发布:小学生须在教师家长帮助下使用开放式内容生成功能,初中探索逻辑性分析、高中开展探究性学习;指南从制度规范、教学引导与角色定位建立机制,防止过度依赖AI弱化独立思考。",https://edu.people.com.cn/BIG5/n1/2025/0513/c1006-40478500.html
以人工智能之“长”赋能学生全面发展,中国教育报,2025-05-07,专家评论,教育公平；数字鸿沟；AI教育应用；立德树人,"中国教育报刊发评论指出,部分AI学习机等教育应用过度聚焦提分、缺乏价值引领,并可能扩大城乡数字鸿沟、带来生物特征信息等隐私风险;主张在算法与互动中融入德育体系、遵循教育规律,让AI正向赋能学生全面发展。",http://www.jyb.cn/rmtzgjsb/202505/t20250507_2111340896.html
论文AI率检测如何避免“误伤”,央视网,2025-05-17,深度报道,AI检测误伤；AIGC检测；降AI率；学术诚信,"央视网报道多所高校把AIGC检测纳入毕业论文环节,但真人撰写内容被判“高AI率”、古籍名篇被检出超过50% AI率的误判频发,并催生收费“降AI率”服务;专家认为检测仅属概率判断,应以人工评议为主、过程导向评价。",https://news.cctv.com/2025/05/17/ARTIsEbdbKB61DigkgX923SF250517.shtml
"這門課,北京全市覆蓋!高校率先開講,中小學9月起普及",央视网,2025-03-31,新闻报道,人工智能通识课；北京方案；全学段覆盖；课时保障,"央视网报道北京高校率先开设AI通识必修课(北航《人工智能导论》覆盖4000多名本科生),北京市教委发布2025—2027年中小学AI教育工作方案,2025年秋季起全市中小学每学年开展不少于8课时通识教育,并按小学体验、初中认知、高中综合分学段实施。",https://big5.cctv.com/gate/big5/news.cctv.com/2025/03/31/ARTI3MTzU8QyMpDgGESUGVYL250331.shtml
五部门:将人工智能纳入教师资格考试和认证内容,教育部(新闻发布会媒体聚焦),2026-04-13,政策动态,人工智能+教育；行动计划；教师资格考试；全学段教育,"教育部等五部门联合印发《“人工智能+教育”行动计划》:推进“十五五”期间AI人才培养与素养提升,将AI纳入教师资格考试和认证内容,基础教育开齐开足AI课程、高教纳入公共基础课程,并部署建设国家教育智能算力服务平台等基础环境。",https://www.moe.gov.cn/fbh/live/2026/77927/mtbd/202604/t20260413_1433413.html
"人工智能进课堂,如何学得更好(解码“十五五”专项规划)",中央网信办(中国网信网),2026-08-24,新闻报道,全学段AI教育；课时要求；公共基础课；地方实践,"解码“十五五”专项规划报道:AI课程已进入各学段课表,北京中小学每学年AI通识教育不少于8课时、山东分年级明确课时;高等教育推动AI成为公共基础课,职业院校以校企“人工智能工艺导师”培养数智工匠;教育部下一步将推动AI教育全面纳入地方课程体系。",https://www.cac.gov.cn/2026-08/24/c_1789319170813637.htm
"AI參與科研,邊界在哪裡",人民网,2026-08-26,深度报道,科研诚信；AI洗稿；代笔；论文撤稿,"人民网调研报道AI对科研诚信的新冲击:“AI洗稿”“数据装饰”“代笔”等新型不端行为频现,清华学者称撤稿论文中明显AI参与生成的比例显著更高;AI介入还模糊作者贡献边界、冲击同行评议,治理需区分诚实使用与恶意使用AI。",https://edu.people.com.cn/BIG5/n1/2026/0826/c1006-40786160.html
"AI医生来了,你敢信它的诊断吗",中国新闻周刊,2023-08-21,深度报道,医疗大模型；AI问诊；MedGPT；辅诊软件审批；医疗责任,"报道记者亲测医疗问诊大模型MedGPT,其能在多轮问诊后给出正确诊断。文章梳理国内外企业涌入医疗大模型研发、国家药监局已批准59个医疗AI辅诊软件等背景,聚焦AI诊断准确性、AI出错时责任归属、能否替代医生等社会争论。",https://m.chinanews.com/wap/detail/cht/zw/ft10065197.shtml
《上海市发展医学人工智能工作方案》解读,上海市人民政府,2024-12-24,政策解读,医学人工智能；影像AI；电子病历；智能机器人；智慧医院,"上海市政府办公厅对《上海市发展医学人工智能工作方案》作出解读,梳理机器学习与深度学习在临床加快落地、大语言模型自动生成病史综述与格式化病历、手术机器人等助力智慧医院建设三大方向,体现地方层面对医学AI应用的重点布局与规范。",https://jyw01@shanghai.gov.cn/wzjd/20241224/6ccf4c608d664c1f9924738eaad5a35f.html
AI医生“转正”还有多少关要闯,人民网,2025-09-25,深度报道,医疗大模型；三甲医院；AI儿科医生；智医助理；辅助诊断定价,"报道聚焦医疗大模型2025年在三甲医院密集落地现状:全国累计发布288个,政策端将AI辅助诊断纳入医保价格立项,基层“智医助理”提供超10亿次辅诊建议。同时探讨AI从“博学助手”到真正AI医生的门槛,涉及诊断准确性、模型幻觉、伦理监管等挑战。",https://finance.people.com.cn/BIG5/n1/2025/0925/c1004-40571775.html
多款产品获市场准入 AI医疗器械商业化提速,经济参考报,2026-07-06,行业观察,AI医疗器械；三类证；辅助诊断；手术机器人；监管审批,"经济参考报梳理2026年AI医疗器械三类证获批热潮,覆盖病理、消化内镜、手术机器人、核医学等领域,显示行业从辅助诊断向辅助治疗进阶。文章同时指出企业面临取证周期、医保支付、县域下沉等商业化挑战,呼吁完善审评与监管配套体系。",https://app.xinhuanet.com/news/article.html?articleId=20260706ec0bf5c922ad4f5aa19202e5f40a8b88
数坤科技获全球首张头颈CTA医疗AI三类证,新华网,2022-04-15,企业实践,医疗AI；三类证；头颈CTA；辅助分诊；临床研究,"新华网报道数坤科技头颈CTA图像辅助评估软件获国家药监局三类证,为全球首张头颈CTA医疗AI三类证,用于头颈动脉狭窄辅助分诊;该产品经多中心临床研究验证,有助于卒中诊疗。反映中国医疗AI产品审评审批及临床应用在2022年加速。",https://www.xinhuanet.com/healthpro/20220415/7bc01de8de9f40e2a8531be0b4976986/c.html
对十四届全国人大三次会议第3816号建议的答复,国家卫生健康委,2025-06-23,政策动态,AI+健康；监管；伦理；数据出境；参考指引,"国家卫健委对全国人大关于完善“AI+健康”监管顶层设计建议作出答复,披露2022年以来修订人工智能辅助治疗技术管理规范、发布84项应用场景参考指引、开展可信数据空间与生成式AI服务备案等工作,并表示将加快出台促进和规范“人工智能+医疗卫生”应用发展的政策文件。",https://www.nhc.gov.cn/wjw/jiany/202508/f27a955149814a09822f612a54d260d4.shtml
医生“AI分身”来了,健康报,2026-05-29,深度报道,AI分身；伦理安全评价；AI医疗服务；风险管控；监管规范,"健康报深度报道医生“AI分身”热潮下的制度建设:国家层面发布应用场景指引与实施意见,上海建设首个医疗大模型应用检测验证中心并要求伦理安全评价前置,浙江建立知情同意、红线拦截、全程留痕的风险管控体系,强调技术发展与规范“两轮驱动”。",https://www.jkb.com.cn/news/depth/2026/0529/511287.html
“AI医院”来了吗?医疗创新“快”中要有“稳”,新华网,2024-12-03,深度报道,医疗+AI；辅助诊断；AI医院；监管标准；医生决策,"新华网围绕“医疗+AI”趋势展开调查:AI诊断能力提升但诊断决策仍由医生作出;国家卫健委等发布84类应用场景参考指引。专家指出真正“AI医院”需跨过医疗安全风险防范、数据安全、监管标准等多重门槛,避免技术滥用。",https://www.news.cn/20241203/92b12ce6239e414db66a7f728471d8df/c.html
我的AI医疗助手成长记,光明日报,2026-01-12,人物访谈,AI阅片；人机协作；放射科；肺结节；误判,"光明日报“一线讲述”栏目的医生口述:湖北大冶市人民医院2020年引入AI阅片系统后,AI在前列腺病理初筛、肺结节定量随访中显著提升效率并促成早期手术;同时也出现将条索灶误判为结节等情形。作者认为AI为医生赋能、医生为技术“赋魂”,最终把关仍需医生。",https://news.gmw.cn/2026-01/12/content_38530273.htm
“AI+医疗”应用边界引关注 专家建议全链条动态监管,经济参考报,2026-02-02,深度报道,AI医疗边界；辅助定位；电子病历；算法黑箱；动态监管,"经济参考报就张文宏拒绝将AI引入电子病历的争议采访多名专家,讨论“AI+医疗”应用边界与医生培养、责任认定;主张“用其长防其短”,AI只有建议权而无决策权;针对算法黑箱、数据偏差、性能波动等风险,建议按风险分级、算法备案审查并建立跨部门全链条动态监管。",http://jjckb.xinhuanet.com/20260202/697b66a6cbb046a985cba62a56f330bf/c.html
专家谈AI“智”疗边界:拥抱创新 数智为民,中国新闻网,2025-03-30,新闻报道,智能手术；可解释AI；伦理委员会；辅助决策；数据隐私,"中国新闻网报道专家研讨AI“智”疗边界:智能手术机器人显著缩短手术时间;张钹等专家呼吁对医疗大模型加强监管与伦理指导、发展可解释AI,设定合理使用范围——适用于医学教育、辅助决策与信息检索,不用于关键诊疗决策,并强调隐私底线与包容审慎监管。",https://www.chinanews.com.cn/cj/2025/03-30/10391474.shtml
"AI医疗,效果咋样",央视网,2026-01-12,深度报道,医疗大模型；AI幻觉；误诊风险；可解释性；医生主导,"央视网健康报道多名医学与AI专家的意见:医疗决策依赖复杂临床判断,AI难替代医生对不典型病例、多病共存的把握;AI大模型存在编造信息、虚构参考文献的“幻觉”,建议严格把控训练数据准确性、提升抗干扰性,并发展可解释AI以降低临床风险。",https://jiankang.cctv.cn/2026/01/12/ARTIghCHn7BaYfU810vCGL0H260112.shtml
"AI问诊,靠不靠谱?",中国新闻网,2026-03-28,深度报道,AI问诊；症状描述；AI幻觉；共情误导；法律责任,"报道借牛津研究引出AI问诊可靠性之争:非专业患者难以向AI正确描述症状,同症不同病易致误判;临床案例显示AI可能出现共情式误导,对痛苦中的患者作出迎合极端决定的回应。专家强调医疗决策须有人承担责任,AI无法成为责任主体,只能作辅助工具。",https://www.chinanews.com/jk/2026/03-28/10594212.shtml
"AI医生来了,靠谱吗?",中国新闻网,2025-03-17,深度报道,AI医生；幻觉率；循证医学；责任认定；儿科模型,"报道探讨AI医生可信度:专家直言幻觉是大模型临床实践最大问题,主张AI决策须遵循循证医学;北京儿童医院披露AI儿科医生以专家经验与高质量病历训练并经多轮幻觉测试,幻觉率低于通用模型;并分析AI建议导致事故时医生、医院、开发者三方的责任划分。",https://www.chinanews.com.cn/jk/2025/03-17/10384387.shtml
内蒙古包头:检察公益诉讼守护医疗健康信息安全,检察日报,2026-08-26,风险事件,医疗健康信息；数据泄露；微信服务号；公益诉讼；实名认证,"检察日报报道包头市检察院公益诉讼案:当地15家医疗机构微信服务号可被第三方凭基础信息随意绑定并查询病历报告,涉395万注册用户,存在医疗健康信息泄露重大风险。检察院制发检察建议后,卫健、公安、网信部门联合开展专项治理,各级公立医院完成实名认证整改。",https://newspaper.jcrb.com/html/2026-08/26/content_151964_19817780.htm
以案释法 关于医疗机构未履行数据安全保护义务问题的监督机制,佛山市政务服务和数据管理局,2025-09-30,风险事件,弱口令漏洞；医疗信息泄露；数据安全法；行政处罚；隐私风险,"佛山市政府门户转发“以案释法”案例:湖南衡山某医院体检系统因弱口令漏洞并暴露于公网导致医疗信息可被获取,被网信部门认定未履行数据安全保护义务,依《数据安全法》处以责令改正、警告并罚款五万元,提示医疗机构须建立全流程数据安全管理制度。",https://www.foshan.gov.cn/fszsj/gkmlpt/content/6/6810/post_6810296.html
AI辅助诊断首次被列入!国家医保局解读17批价格立项,央视网,2024-11-23,政策动态,AI辅助诊断；医保价格立项；扩展项；不重复收费；影像云,"央视网报道国家医保局解读第17批医疗服务价格项目立项指南:AI辅助诊断首次被列入价格构成,在放射、超声、康复类项目中设“人工智能辅助”扩展项,同价之下可选用AI但不重复向患者收费;同时以影像“云端”上传与否挂钩减收,倒逼减少过度检查。",https://content-static.cctvnews.cctv.com/snow-book/index.html?item_id=13536196747627760874&channelId=1119&toc_style_id=feeds_default
“AI医生”为健康“保驾护航”,人民网,2025-09-09,新闻报道,星火医疗大模型；讯飞晓医；智医助理；辅助诊断收费；基层,"人民网报道“AI医生”落地进展:讯飞星火医疗大模型V2.5国际版在香港发布,专科诊疗能力达三甲主治医师水平,面向居民的讯飞晓医下载量超2400万、完成超1.4亿次咨询;并梳理国家医保局将AI辅助诊断纳入价格立项、七部门医药工业数智化转型方案等政策支撑。",https://finance.people.com.cn/n1/2025/0909/c1004-40559526.html
病理类医疗服务价格立项指南发布 AI辅助诊断“有价可循”,新华社,2025-12-19,政策动态,病理AI；价格立项指南；人工智能辅助诊断；收费路径；医保,"新华社报道国家医保局发布病理类医疗服务价格项目立项指南,首次将AI辅助诊断列为病理诊断扩展项并纳入价格构成,为AI病理应用理顺收费路径;医疗机构自主决定是否采用AI及产品厂商,收益分配由医疗机构与企业协商,下一步由各省医保局制定价格基准。",https://app.www.gov.cn/govdata/gov/202512/19/542294/article.html
构建全周期治理体系规范AI医疗落地,健康报,2026-04-20,政策解读,专家共识；AI治理；数据不出院；人机协同；全周期治理,"健康报解读《医疗机构人工智能应用与治理专家共识(2026版)》:按风险等级对AI产品分级准入并开展多学科联合审查,确立“数据不出院”、院内脱敏后方可云端运算等数据治理原则,明确医师对AI输出复核义务与责任,并要求保留医患直接沟通空间,防止过度依赖AI。",https://jkb.com.cn/news/view/2026/0420/510357.html
大模型医疗应用伦理治理待优化,健康报,2025-03-10,专家评论,DeepSeek；本地化部署；算法黑箱；责任归属；伦理治理,"健康报评论指出全国100多家医院已本地化部署DeepSeek等大模型,但伦理治理有待优化:数据隐私保护压力上升、大模型“黑箱”难追溯、事故责任归属模糊、上市后迭代监管不足;建议构建明确伦理标准,厘清医疗智能决策的伦理边界并细化全生命周期监管。",https://www.jkb.com.cn/news/view/2025/0310/501384.html
人机对齐:破解AI伦理困境的“钥匙”,健康报,2025-05-06,人物访谈,人机对齐；医疗AI伦理；患者权益；数据敏感；幻觉,"健康报人物专访中,全国政协委员王江平阐释医疗AI三大特殊性——数据敏感性、结果不可逆性、责任主体复杂性,认为最大风险是患者权益损害;提出以“人机对齐”让AI目标、行为与人类价值观一致,构建涉及技术、伦理、法律的系统性工程,作为破解医疗AI伦理困境的关键。",https://www.jkb.com.cn:2443/medicalHumanities/2025/0506/502669.html
AI如何支持急危重症的伦理决策,健康报,2026-02-05,专家评论,急危重症；伦理决策；知情同意；算法偏见；责任界定,"健康报医学人文栏目评论AI用于急危重症伦理决策的隐忧:紧急诊疗中知情同意易被简化、数据隐私风险上升;训练数据偏差导致对特定群体的算法偏见;人机共同决策下的责任归属缺乏法律界定;AI决策不透明可能侵蚀医患信任,主张在技术应用中守住知情同意与人文关怀底线。",https://www.jkb.com.cn:8989/medicalHumanities/2026/0205/508800.html
国家金融监督管理总局办公厅关于印发《银行业保险业数字金融高质量发展实施方案》的通知,国家金融监督管理总局,2025-12-22,政策动态,数字金融；人工智能+金融；智能风控；算法模型风险；金融监管,"2025年12月22日,金融监管总局印发《银行业保险业数字金融高质量发展实施方案》,部署33项任务,明确加快发展“人工智能+金融”、加强同业科技输出、有效管理算法模型风险、防范数字生态外部合作风险,并提出推动监管数字化智能化转型,为银行保险业AI应用划定发展与安全并重的政策框架。",https://www.nfra.gov.cn/cn/view/pages/governmentDetail.html?docId=1239741&generaltype=1&itemId=861
“AI+金融”不断深化 政策文件正研究编制,经济参考报,2025-10-31,新闻报道,人工智能+金融；银行大模型；政策文件；智能风控；金融街论坛,"经济参考报报道,2025年外滩大会与金融街论坛上“人工智能+金融”成为焦点,工行发布“领航AI+行动计划”、招行提出AI First战略,建行金融大模型已支撑347个业务场景;金融管理部门正研究编制“人工智能+金融”政策文件,业内提醒创新试点同时须高度重视相关风险挑战。",http://dz.jjckb.cn/www/pages/webpage2009/html/2025-10/31/content_111249.htm
国家金融监督管理总局发布《关于银行业保险业人工智能安全开发应用的指导意见》,国家金融监督管理总局,2026-06-18,政策动态,金融监管总局；人工智能指导意见；高风险应用准入；人工监督；算法风险,"2026年6月18日,国家金融监督管理总局对外发布银行业保险业首份系统性AI安全开发应用监管文件,提出32项指导性意见,确立谁使用谁负责等四大原则,要求将AI风险纳入全面风险管理体系,对信贷审批、承保理赔等高风险场景实行准入管理和人工监督干预,并加强数据、算力、外包及供应链管理。",https://www.nfra.gov.cn/cn/view/pages/ItemDetail.html?docId=1261708&itemId=917
谁使用谁负责 银行保险业人工智能开发应用迎来32项指导性意见,上海证券报,2026-06-18,政策解读,谁使用谁负责；人工智能治理；全生命周期管理；银行保险；监管新政,"上海证券报报道,金融监管总局发布银行保险业AI开发应用指导意见,明确四大原则并解读其用意。总局有关司局负责人称,该文件旨在规范金融机构AI开发应用、防控技术应用风险,要求董(理)事会指定专门委员会负责AI治理、实施分级分类管控,并确保业务全流程责任可追溯。",https://www.cnstock.com/commonDetail/731666
中国银保监会办公厅关于银行业保险业数字化转型的指导意见,中国政府网,2022-01-27,政策动态,银行业保险业；数字化转型；数字化风控；算法风险；防止算法歧视,"2022年1月银保监会印发《关于银行业保险业数字化转型的指导意见》,为银行业保险业数字化转型作出顶层设计。文件要求构建数字化风控能力、健全数据治理体系,专门提出防范模型和算法风险、防止算法歧视,加强数据安全与隐私保护,是此后银行保险机构应用大数据与AI的重要政策遵循。",https://www.gov.cn/zhengce/zhengceku/2022-01/27/content_5670680.htm
银保监会印发指导意见——金融保险业数字化转型有了路线图,中国政府网(新华社受权发布),2022-02-15,政策解读,数字化转型；路线图；数据安全；董希淼；金融科技,"中国政府网发布解读称,银保监会数字化转型指导意见是银行保险业数字化转型的首份专门文件,从机制、方法上作出规范。专家指出数字化经营将衍生数据安全、网络安全、隐私保护与数据合规使用等新型风险,机构须同步转型风险管理理念与体系,并强调防止算法歧视、保障消费者权益。",https://www.gov.cn/zhengce/2022-02/15/content_5673573.htm
《金融科技发展规划(2022-2025年)》印发——金融与科技加快深度融合,中国政府网,2022-01-07,政策解读,金融科技规划；数字化转型；智慧为民；公平普惠；审慎监管,"中国人民银行印发第二轮《金融科技发展规划(2022—2025年)》,确立“数字驱动、智慧为民、绿色低碳、公平普惠”原则,部署健全金融科技治理体系、充分释放数据要素潜能等8项重点任务。专家解读称规划推动金融科技由“立柱架梁”迈向“积厚成势”,应关注数字鸿沟与竞争失衡问题。",https://www.gov.cn/zhengce/2022-01/07/content_5666817.htm
"超20个“金融+AI”场景在深发布,涉及银行、证券、保险、基金等行业",中国证券报(中证网),2025-04-10,新闻报道,金融+AI；应用场景；信贷审批；理赔单证；模型可解释性,"2025年4月深圳金融+AI生态大会发布20余个金融AI应用场景,覆盖银行信贷审批、券商智能投顾与投研、保险双录质检与理赔单证识别、基金投研等领域。报道同时指出非结构化数据解析、模型可解释性不足、合规与风险等仍是落地待解问题,业内认为开源降低门槛但“AI普惠”仍需差异化能力。",https://www.cs.com.cn/yh/04/202504/t20250410_6484733.html
防范“AI换脸”诈骗行为,新华网,2024-04-12,风险事件,AI换脸；拟声诈骗；金融消保风险提示；反诈；核验身份,"新华网转发国家金融监督管理总局消保风险提示:不法分子利用“拟声”“换脸”合成虚假音视频冒充亲友实施诈骗。监管提示消费者网络渠道“眼见不一定为实”,涉及转账须多方式核验身份,留意视频眨眼频率过低、表情不自然等破绽,并避免过度暴露人脸、声音等生物信息。",https://www.xinhuanet.com/science/20240412/3da0b8f658c04450a7b36e66a1bd7ae2/c.html
基金投顾牌照扩容进入冲刺期 内外资公募加紧布局谋转型,证券时报,2026-08-10,新闻报道,基金投顾；试点转常规；买方投顾；证券基金投资顾问业务管理办法；证监会,"证券时报报道,基金投顾试点转常规进入冲刺期,证监会推动买方投顾转型、鼓励外资扩大试点,并将《证券基金投资顾问业务管理办法》列入立法计划。截至2026年初行业管理规模约4500亿元、服务客户近千万,多家内外资公募正在申报牌照并加紧系统、人才与策略储备。",https://epaper.stcn.com/con/202608/10/content_2959186.html
"算法歧视隐蔽化,企业如何守好合规底线",法治日报(法治网),2026-04-10,专家评论,算法歧视；信贷风控；低收入群体；大数据；金融普惠,"法治日报分析算法歧视呈隐蔽化趋势:招聘、信贷风控与消费定价领域集中,金融AI以地域、职业、行为轨迹等作隐形参数,低收入群体与外卖骑手易被系统判定高风险,损害金融消费者权益并削弱普惠目标。文章指出我国缺乏专门算法法,需依托个保法等构建规制体系并强化企业合规义务。",https://www.legaldaily.com.cn/Company/content/2026-04/10/content_9371377.html
央行:信用信息采集应遵循“最小、必要”原则 不得过度采集,中国证券报(中证网),2021-09-30,政策解读,征信业务管理办法；最小必要；个人信息保护；画像评分；助贷监管,"2021年9月30日央行就《征信业务管理办法》答记者问,明确将助贷等互联网平台征信活动纳入监管,信用信息采集遵循最小必要原则并经本人同意,要求画像、评分等评价类产品不得将与信用无关的要素作为评价标准。该办法衔接个人信息保护法,规范大数据风控底层数据来源。",https://www.cs.com.cn/xwzx/hg/202109/t20210930_6208222.html
首例AI文生图不构成作品案判决生效_智慧普法平台,司法部智慧普法平台,2025-04-23,新闻报道,AI文生图；不构成作品；独创性；提示词；证据留存,"2025年4月,全国首例认定AI文生图不构成作品的案件判决生效:江苏张家港法院认为,使用者仅凭简单提示词生成的图片缺乏可证明的独创性智力投入,不构成作品;法院同时明确提示词属于思想范畴、可自由借鉴,并强调创作者应保存提示词、参数修改等过程记录,为AI内容获得著作权保护设定举证门槛。",https://legalinfo.moj.gov.cn/pub/sfbzhfx/zxxfyasf/202504/t20250423_517956.html
首例AI文生圖不構成作品案判決生效,法治日报(央视网转载),2025-04-23,新闻报道,AI文生图；蝴蝶椅；著作权侵权；苏州中院；思想与表达,"法治日报报道苏州中院裁定“蝴蝶椅”AI文生图案一审生效,系国内首例认定AI文生图不构成作品的案件。设计师丰某某用Midjourney等生成的椅子图,因无法提供创作原始记录、不能证明对表达要素的个性化贡献而被否定作品属性;被告参考其公开提示词生成图片亦不构成侵权,提示词属思想不受保护。",https://big5.cctv.com/gate/big5/news.cctv.com/2025/04/23/ARTIgD5m7WNlaON53voA89pv250423.shtml
AI文生图著作权:“灵魂”画手谁证明,法治日报(法治网),2025-05-29,深度报道,蝴蝶椅案；AI文生图；独创性；垫图；著作权举证,"法治日报刊发蝴蝶椅案深度解读:原告因无法说明“垫图”来源、缺少创作过程原始记录,其AI椅子图被认定缺乏独创性智力投入,不构成作品;苏州中院以其未缴费按撤诉处理,判决生效。受访学者结合全国首例AI文生图案指出,AI生成物获保护须有可举证的人类独创性贡献,提示词复用不当然侵权。",https://www.legaldaily.com.cn/IT/content/2025-05/29/content_9191140.html
生成式AI服务侵犯他人著作权案,中国新闻出版广电报,2024-08-22,新闻报道,生成式AI；奥特曼；实质性相似；复制权；改编权,"中国新闻出版广电报案例报道:广州互联网法院认定经营Tab网站的AI公司经AI绘画功能生成与权利作品高度相似的奥特曼形象,侵害复制权、改编权,判决其赔偿1万元、停止侵权并采取关键词过滤等防范措施。该案属国内较早对生成式AI服务输出端侵权作出规制的判决,提示AI服务提供者需建立侵权防范机制。",https://epaper.chinaxwcb.com/epaper/2024-08/22/content_99847246.html
“AI奥特曼”引发侵权之诉——杭州法院审结一起涉AI平台案,法治日报(数字报PDF),2025-02-12,新闻报道,奥特曼；LoRA模型；帮助侵权；平台责任；生成式AI,"法治日报2025年2月报道杭州互联网法院审结涉AI平台案:平台允许用户上传奥特曼素材训练LoRA模型并生成近似图片,法院认定其未尽必要措施预防侵权,构成帮助侵权,判赔3万元;同版另载武汉东湖法院认定AIGC图片可构成作品、判赔4000元的案件。",http://h5epaper.legaldaily.com.cn/PDF/20250212/06.pdf
学法时习之丨人工智能生成的内容受著作权法保护吗?,人民网,2025-04-25,新闻报道,AI生成内容；著作权；帮助侵权；平台责任；奥特曼,"人民网以案说法:结合北京、杭州互联网法院判例,人在AI生成过程中的独创性贡献可使生成内容构成作品;平台基于用户上传素材提供奥特曼模型训练与生成、未尽合理注意义务,构成帮助侵权。提示生成式AI服务提供者不能以技术中立或避风港规则免责,须平衡版权保护与AI技术创新发展。",https://society.people.com.cn/n1/2025/0425/c1008-40468423.html
全国首例AI生成声音人格权侵权案一审宣判 配音师声音被AI化出售获赔25万元,央广网,2024-04-29,新闻报道,AI声音；人格权；配音师；声音权益；文本转语音,"北京互联网法院宣判全国首例AI生成声音人格权侵权案:配音师殷某的录音制品被文化传媒公司未经其同意提供给软件公司AI化,生成“晓萱”等文本转语音产品对外出售。法院认定在声音具备可识别性时,自然人声音权益及于AI生成声音,录音制品授权不等于声音AI化授权,判决两被告书面赔礼道歉并连带赔偿25万元。",https://m.cnr.cn/tech/20240429/t20240429_526686281.html
生成式人工智能开发应用争议不断 将个人画作“喂”给AI大模型是否合规?,央广网(中国之声),2023-12-06,深度报道,训练数据；画师维权；Trik；小红书；著作权,"央广网报道四位画师诉小红书及AI绘画产品Trik:指控其未经授权以画师作品训练模型、生成高度相似图片,案件在北京互联网法院立案,系国内首批针对AIGC训练数据集的诉讼。受访人士称“实质性相似”是认定关键,相关规章对训练数据版权边界尚无细化规定,预计此类纠纷将持续高发。",https://china.cnr.cn/gdgg/20231206/t20231206_526509936.shtml
AI冲击下的原画师,新京报(中国新闻网转载),2023-05-05,深度报道,原画师；AI绘画；裁员；游戏美术；行业冲击,"新京报调查:2023年初游戏公司引入AI绘画后,原画外包单锐减、公司裁员并转向招聘会用AI的员工,自由原画师数月无活、新人“不知道要不要入行”。报道分析AI挤压的是非创造性重复劳动,独创与情感表达仍是人类价值;同时呈现原画圈“阮佳挑战AI”事件及法律界对AI绘画版权归属、训练数据使用规则未明的讨论。",https://www.chinanews.com.cn/sh/2023/05-05/10001846.shtml
当AI绘画 开始抢动漫人饭碗,新华网,2023-07-24,深度报道,AI绘画；动漫产业；游戏美术；岗位裁撤；人才培养,"新华网报道中国北京动画周上从业者关于AI绘画冲击的讨论:有游戏美术外包公司人数从上百人减至不足30人,漫画、游戏前期美术等岗位裁撤或合并,招聘转向“AI画师”。成都大学张娟、北京电影学院马华等学者认为基础应用型人才最易被替代,高校将调整培养方案,强调审美与鉴别能力;AI仍难取代人类对角色情感的理解。",https://www.news.cn/tech/20230724/a564fe4ed03244c099061a090769eaeb/c.html
"AI来了,“智能”抢了“人工”的饭碗?",中青在线(中国青年报),2023-06-28,深度报道,AI绘画；插画师；商用冲击；订单降价；行业焦虑,"中青在线调查勾勒AI绘画冲击从业者的轨迹:2022年底画师还讥其“东拼西凑、没有灵魂”,2023年春节后AI迭代突破“画不好手”等瓶颈并快速商用,外包费用从单张两三千元跌至三五百元。报道呈现画师从嘲讽、恐慌到被迫为AI精修的转变,并反思人类审美与情感表达的独特价值。",https://mzqb.cyol.com/html/2023-06/28/content_336036.htm
“AI孙燕姿”火爆全网?专家:AI翻唱小心侵权,中国青年报(中国日报网转载),2023-05-23,新闻报道,AI孙燕姿；AI翻唱；声音权益；音乐版权；著作权,"中国青年报报道“AI孙燕姿”走红及其法律风险:翻唱视频播放量破百万引发热议。受访律师认为AI不具备作者主体资格、AI翻唱不属著作权法保护的“作品”,但未经授权模仿歌手声音、翻唱他人歌曲并传播可能侵犯声音权益与词曲版权,标注免责声明不能当然免责;学者呼吁压实平台责任并推动法律“立改废释”。",https://cn.chinadaily.com.cn/a/202305/23/WS646c5c37a3105379893758bc.html
火爆出圈的AI歌手是否侵犯他人声音权益,法治日报(法治参考),2023-05-31,专家评论,AI歌手；声纹；声音权益；合理使用；人格权,"法治参考聚焦AI歌手的权利争议:围绕“非商业使用能否免责”呈现分歧。王正志认为声纹属个人信息,采样歌手声音训练及AI翻唱他人歌曲均需取得相应授权,非商业使用不当然免责;郑中臣指出声纹是敏感个人信息;黄武双则认为仅用于自娱自乐不侵权,必要时可借不正当竞争之诉应对“以假乱真”对原唱歌手市场的挤占。",https://www.legaldaily.com.cn/sylm/content/2023-05/31/content_8860296.html
多方协同构建AI音乐版权治理体系,中国新闻出版广电报,2026-06-04,行业观察,AI音乐；AI翻唱；音乐版权治理；先授权后训练；版权合规,"第十届中国网络版权保护与发展大会“AI时代数字音乐版权治理与实务研究”分论坛在深圳举行:与会代表指出AI音乐降低创作门槛的同时,滋生未经授权的AI训练、改编、翻唱与洗歌乱象,挤压音乐人收益;平台与学界呼吁严格区分“AI辅助创作”与“AI替代性侵权”,推进AI音乐标识标准化与全流程审核机制建设。",https://epaper.chinaxwcb.com/epaper/2026-06/04/content_99878910.html
AI时代数字音乐版权:确立“先授权后训练”规则推进版权治理新秩序-中新社上海,中新网上海,2026-05-25,新闻报道,先授权后训练；AI翻唱；声音权；音乐版权；平台责任,"中新网报道“AI时代数字音乐版权治理与实务研究”分论坛:音数协、音著协、学界与平台代表聚焦AI音乐版权痛点,倡导确立“先授权、后训练”规则、推进AI内容分类运营与标识;学者分析AI翻唱在著作权归属、声音权等方面的法律难点;独立音乐人崔轼玄以亲身经历呼吁完善声音权立法、压实平台责任。",https://www.sh.chinanews.com.cn/wenhua/2026-05-25/146711.shtml
将技术红利转化为产业活力,中国新闻出版广电报,2026-01-26,行业观察,AI音乐元年；版权付费；数字资产；溯源机制；音乐产业,"中国新闻出版广电报报道音乐产业大会圆桌:业界普遍视AI为音乐产业“提质增效+拓宽边界”的双刃剑,呼吁为青年音乐人搭建成长通道的同时,尽快建立AI训练素材版权付费与溯源机制;有从业者主张纯粹AI生成内容难享著作权、宜作为数字资产纳入反不正当竞争法规制,推动技术红利向产业活力转化。",https://epaper.chinaxwcb.com/epaper/2026-01/26/content_99872493.html
网文作家联合抵制番茄小说AI协议:该如何平衡版权保护与AI创新?,光明网(原载红网),2024-07-27,专家评论,网文作者；番茄小说；AI协议；版权保护；限流,"光明网评论网文作者联合抵制番茄小说AI训练协议事件:作者担心作品被无偿投喂AI、丧失创作者身份,集体停更并向版权部门投诉,平台随后上线解除条款功能,但部分作者反映解约后被限流。评论认为立法应明确AI创作边界与责任,平台须与作者建立合理的版权授权与补偿机制,在保护原创的同时为AI创新留出空间。",https://m.gmw.cn/toutiao/2024-07/27/content_37463234.htm
数字人主播“上岗”了,人民日报海外版,2025-02-28,行业观察,AI数字人；新闻主播；杭州新闻联播；人机协同；媒体转型,"人民日报海外版报道AI数字人加速进入新闻播报:2025年春节《杭州新闻联播》以数字人实现零失误播报,数字人走向常态化日播。专家提出“人机双轨制”:AI承担天气、快讯等标准化内容,人类专注深度报道与评论;报道提示形象授权、溯源与伦理风险,并介绍电商数字人直播降本成效。",https://paper.people.com.cn/rmrbhwb/pc/content/202502/28/content_30059410.html
AI技术重塑媒体工作新范式,中国新闻出版广电报,2025-08-05,行业观察,AIGC；新闻伦理；六不原则；人机协同；媒体规范,"中国新闻出版广电报报道AI技术对新闻出版流程的重塑:大模型、AIGC与智能体已介入资料收集、选题策划、内容生成与审校环节。中国传媒大学唐远清提出新闻传播使用AIGC“六不”原则,强调重大决策、话语权、终审、价值判断与主体责任仍须由人掌控;每经、人民日报等机构分享了智媒产品与虚实融合演播室的实践。",https://epaper.chinaxwcb.com/epaper/2025-08/05/content_99863619.html
四部门联合发布《人工智能生成合成内容标识办法》_中央网络安全和信息化委员会办公室,国家互联网信息办公室,2025-03-14,政策动态,标识办法；显式标识；隐式标识；深度合成；生成式AI监管,"2025年3月,国家网信办等四部门发布《人工智能生成合成内容标识办法》,9月1日与配套强制性国家标准同步施行。办法要求服务提供者添加显式标识并在元数据中嵌入隐式标识,传播平台核验并对疑似内容提示风险,禁止恶意删除、篡改、伪造、隐匿标识,构建AI内容全链条治理机制。",https://www.cac.gov.cn/2025-03/14/c_1743654685899683.htm
9月1日起 AI生成合成内容必须添加标识,央视网,2025-09-01,政策解读,AI标识；亮明身份；大模型备案；风险提示；内容审核,"央视网报道《人工智能生成合成内容标识办法》9月1日施行,AI生成的文字、图片、音视频等内容须添加显式与隐式标识“亮明身份”。彼时我国490余款大模型在国家网信办完成备案,生成式AI用户规模达2.3亿;平台须核验标识,对未标识或疑似内容添加风险提示。",https://news.cctv.com/2025/09/01/ARTI3ZlXK7MyM39Pm3PuZ5Hm250901.shtml
“去水印”绕过监管 “反标识”生意红火 AI生成内容“持证上岗”为何难落地,新华网,2026-01-13,深度报道,AI标识；去水印；反标识黑灰产；隐式标识；内容治理,"新华社调查《标识办法》落地百日执行情况:平台已上线AI声明与元数据标识功能,用户质疑意识提升,跨境AI虚假新闻溯源周期由72小时缩至12小时;但“AI去水印”“反标识”黑灰产明码标价,跨平台格式转码可绕过检测,部分AI内容仍未亮明身份。专家呼吁细化罚则、升级抗篡改隐式标识并构建跨平台协同治理。",https://www.news.cn/politics/20260113/fe89bb57cd3f4e82a97c4a84cf573830/c.html
"你刷的短視頻,標注“AI生成”了嗎?",人民日报海外版(人民网转载),2025-10-24,政策解读,AI标注；短视频；显式标识；元数据；平台治理,"人民日报海外版解读AI内容强制标识落地:自2025年9月起AI生成内容须加显式与隐式双标识,用户“一眼可见”、元数据可溯源。截至2025年6月我国生成式AI用户达5.15亿。报道以抖音等为例说明“作者声明”、元数据读写与补标机制,认为“办法+强制国标”构建全链条治理,倒逼平台建立AI内容合规体系。",https://finance.people.com.cn/BIG5/n1/2025/1024/c1004-40588349.html
"AI生成内容开始强制打上“电子水印”,虚假信息能有效杜绝吗",中国青年网(原载澎湃新闻),2025-09-01,政策解读,AI电子水印；平台标识；限流下架；算法检测；虚假信息,"中国青年网转载澎湃报道:2025年9月1日起AI生成内容须添加显式与隐式“电子水印”,平台普遍要求发布者主动声明,违规将遭限流、下架、封号或取消营利;记者实测仍能搜到大量未标识AI内容,自动补标效果有限。专家称新规对平台技术要求较高,中小平台落地效果有待观察,标识制度难以完全杜绝虚假信息。",https://tech.youth.cn/wztt/202509/t20250901_16210533.htm
"应对AI挑战,全球司法经纬观",法治日报,2025-08-22,深度报道,生成式AI；奥特曼；合理使用；输入输出二分；司法裁判,"法治日报综述全球应对生成式AI的司法实践。中国方面:广州互联网法院判令Tab网站AI生成奥特曼形象侵权并获赔1万元;杭州中院确立“输入/输出二分”规则,认定训练阶段使用作品可为合理使用;北互要求平台证明AI检测机制科学性。中国司法以典型案例兼顾创新激励与权利保障。",http://www.lawnewscn.cn/wap/content/2025-08/22/content_9242127.html
北京互联网法院:涉人工智能案件增长较快 纠纷类型日益复杂多元,光明网,2025-09-10,新闻报道,北京互联网法院；涉AI案件；典型案例；AI声替；裁判规则,"光明网报道北京互联网法院涉AI案件发布会:该院七年受理案件25万余件,涉AI案件增长较快。会上发布8起典型案例,明确AI文生图符合作品要件受著作权保护、声音权益及于AI生成声音、AI伪造名人声音带货须连带担责、AI换脸构成个人信息侵权等规则,并建议确保训练数据来源合法、压实平台主体责任。",https://www.toutiao.com/article/7548401235573899839
"AI时代,对著作权法的前瞻思考",光明日报,2025-09-06,专家评论,AI生成内容；可版权性；训练与输出分治；合理使用；平台责任,"光明日报刊发专家圆桌对话:有观点认为AI生成内容多因“不具稀缺性”而不应受版权保护;多数专家主张对训练与输出环节分别设规——输出侧重保护作者利益、训练侧重促进作品利用,可改革合理使用制度并引入法定许可与报酬机制;平台责任应随AI发展水平动态调整,兼顾产业发展与数据合规。",https://epaper.gmw.cn/gmrb/html/2025-09/06/nw.D110000gmrb_20250906_1-05.htm
"万物皆可AI生成,法律如何界定抄袭侵权",光明日报(光明网),2025-07-05,专家评论,AI抄袭；提示词；独创性；实质相似；保护原创,"光明日报评论AI时代抄袭趋于复杂、隐匿与低成本:司法实践倾向认为,仅凭简单提示词生成的图片难认独创性,经多轮提示词设计与参数控制、体现个性化表达的AI内容可受保护并归使用者;法律对训练输入端较宽松,对输出端“实质性相似”坚决打击,同时以AI误判《背影》为例提示AI时代原创保护的复杂性。",https://m.gmw.cn/2025-07/05/content_38135805.htm
以版权保护重塑AI时代出版业核心竞争力,中国新闻出版广电报,2026-06-04,行业观察,出版业；高质量语料库；AI训练；授权使用；版权,"中国新闻出版广电报报道第十届中国网络版权保护与发展大会出版分论坛:与会者认为出版业经三审把关的图书期刊是AI训练最稀缺的合规语料,应加快体系化、可溯源的高质量语料库建设;学界重申“授权—使用”著作权法则,反对将海量训练“一刀切”视为合理使用,主张在版权保护与AI创新之间寻求制度平衡。",https://epaper.chinaxwcb.com/epaper/2026-06/04/content_99878909.html
"首例AI生成图片侵权案始末:原告胜诉放弃赔偿,有律师质疑判决",澎湃新闻(中青在线转载),2024-01-11,深度报道,AI生成图片；首例判决；放弃赔偿；个案认定；李昀锴,"澎湃科技复盘中国首例AI生成图片著作权案:李昀锴用Stable Diffusion生成“春风送来了温柔”,北互认定其提示词与参数设置体现独创性,图片构成美术作品并归使用者,被告盗图去水印侵权,判赔500元,原告为获得明确裁判标准放弃赔偿。报道呈现郭禾、游云庭等对该判决路径的支持与质疑。",https://m.cyol.com/gb/articles/2024-01/11/content_Gqv6NRfzxw.html
AI重塑版权生态 数据激活资产价值,中国新闻出版广电报,2026-04-16,行业观察,出版业；AIGC；AI训练数据使用权；版权合规；数据资产,"中国新闻出版广电报报道数字出版主任工作交流会:专家认为AIGC引发出版业场景、效率与供应链变革,同时带来大模型训练版权争议、生成内容权属界定等新问题;建议出版机构厘清权属、在签约时注明AI训练数据使用权等新型权利,坚守“先授权后使用”,规范标注来源,推动版权运营升级与数据资产价值挖掘。",https://epaper.chinaxwcb.com/epaper/2026-04/16/content_99876097.html
有效规范算法应用 营造清朗网络空间(法治头条·法治护航网络文明建设③),人民日报(人民网转载),2022-06-09,新闻报道,信息茧房；大数据杀熟；算法滥用；诱导沉迷；专项行动,"人民日报法治头条报道《互联网信息服务算法推荐管理规定》施行及“清朗·2022年算法综合治理”专项行动进展,梳理算法滥用对公众的不利影响,包括推送低俗内容、制造“回音室”信息茧房、大数据杀熟、压缩配送时限等,强调监管部门主动作为与全社会共治,推动算法应用向上向善。",https://cpc.people.com.cn/n1/2022/0609/c64387-32441822.html
如何远离算法之“算计”?,新华社客户端(光明日报联合调研),2022-04-07,研究报道,算法素养；信息茧房；大数据杀熟；隐私；算法治理,"光明日报联合中央民族大学调研,在《规定》实施后调查912人次与深度访谈,梳理用户算法化生存困境:差异化待遇与算法歧视、隐私“偷听”威胁、同质化信息导致的渐进式依赖等;超半数受访者察觉平台收集个人信息,并提出提升算法素养、完善协同治理等建议,属研究型调查报道。",https://www.news.cn/tech/20220407/3b0230c4dba3452a948f556e83920208/c.html
算法推荐带来“信息茧房” 视野受限、认知固化 如何“破茧”?,央视新闻,2025-05-25,新闻报道,信息茧房；算法推荐；观点极化；算法治理；清朗行动,"央视新闻专题报道算法推荐带来的“信息茧房”现象,引述复旦大学翁之颢等专家指出其阻碍信息流动、加深偏见、使谣言破坏力增强并使群体更易极端化;介绍中央网信办持续加强算法治理、平台优化推荐功能与用户一键关闭等破茧举措及个人规避建议。",https://news.cctv.com/2025/05/25/ARTILGTQQwv1LNobO1aKtQER250525.shtml
"你好,委员|情侣刷同一视频评论却像两个世界?信息茧房正在“分裂”我们的认知",央视网,2026-03-05,人物访谈,信息茧房；算法推荐；观点极化；平台责任；算法审计,"央视网两会“你好,委员”栏目采访全国政协委员周世虹,讨论信息茧房正在“分裂”认知的现象:算法依用户画像干预信息分发与评论排序,从个体、社会、国家层面带来剥夺信息选择权、加剧群体隔阂与观点极化、冲击主流舆论引导等危害,建议完善法规、压实平台责任、建立算法第三方审计机制。",https://news.cctv.cn/2026/03/05/ARTIiaxFbymaE6xhmqwUIa1C260305.shtml
中央网信办部署开展“清朗·未成年人网络保护”专项行动,国家网信办(中央网信办网站),2026-07-20,政策动态,未成年人保护；算法推荐；未成年人模式；清朗行动；防沉迷,"中央网信办2026年7月部署为期4个月的“清朗·未成年人网络保护”专项行动,分两阶段整治发布、互动、营销环节问题并规范平台推荐行为、学习教育版块与未成年人模式建设,明确不得设置诱导网络沉迷、过度消费的算法模型,严处借AI恶搞经典动画、诱导打赏等乱象。",https://www.cac.gov.cn/2026-07/20/c_1786294052406609.htm
国家网信办就《互联网信息服务深度合成管理规定(征求意见稿)》公开征求意见,央视新闻,2022-01-28,政策动态,深度合成；人脸替换；AI换脸；征求意见稿；深度伪造,"央视新闻2022年1月28日报道国家网信办就《互联网信息服务深度合成管理规定(征求意见稿)》公开征求意见,明确深度合成技术定义涵盖文本、语音、人脸生成替换、三维重建等场景,要求深度合成服务提供者对使用者进行真实身份认证、对合成内容显著标识并建立辟谣机制。",https://news.cctv.com/2022/01/28/ARTIBf5FCsA0OxW0X3Xft83D220128.shtml
专家解读|营造清朗网络空间 引导深度合成向上向善,国家网信办(中央网信办网站),2023-01-11,政策解读,深度合成；深度伪造；标识；辟谣机制；虚假新闻,"中央网信办官网刊发专家解读指出,《互联网信息服务深度合成管理规定》与网络音视频信息、算法推荐等规定一脉相承,要求深度合成服务提供者与使用者不得制作传播虚假新闻信息,通过显式与隐式标识实现内容与行为双重治理,要求提供者建立辟谣机制,将监管延伸至技术开发应用环节。",https://www.cac.gov.cn/2023-01/11/c_1675070655710529.htm
利用AI炮制虚假信息 严重误导公众干扰秩序 多部门联动整治谣言乱象,中国网信网,2026-06-05,政策动态,AI谣言；辟谣；AI造谣；清朗行动；网络水军,"中国网信网通报2026年5月网络谣言治理情况:涉AI造谣集中于“8家新能源车企被约谈”“存款计结息新规”等民生话题,相关约谈名单系社交账号用AI捏造;网信部门部署“清朗·整治AI应用乱象”专项行动,公安机关通报多起AI造谣典型案例并依法处置。",https://www.cac.gov.cn/2026-06/05/c_1782399706641180.htm
推进从生成到传播全链条治理,人民日报(海外版),2025-03-21,政策解读,AI标识；显式标识；隐式标识；深度合成；全链条治理,"人民日报记者金歆报道解读2025年9月1日施行的《人工智能生成合成内容标识办法》:聚焦生成合成内容标识,将传播平台纳入监管、实现从生成到传播的全链条治理,区分显式标识与含元数据的隐式标识,明确服务提供者、传播平台与分发平台各自义务。",https://paper.people.com.cn/rmrbhwb/pc/content/202503/21/content_30063197.html
"AI生成内容强制“打标”,内容安全治理迈出关键一步",新华网,2025-09-02,政策解读,标识办法；显式标识；隐式标识；AIGC；平台治理,"新华网报道《人工智能生成合成内容标识办法》2025年9月1日正式生效:AI生成的文字、图片、音频、视频须强制添加显式与隐式标识;腾讯、抖音、快手、B站等平台提前出台细化规则并上线标识与元数据读写功能,专家称其为全球首个政府主导、标准化强制实施的治理模式。",https://www1.xinhuanet.com/digital/20250902/d08b592223954340af8c02ac3d7161e1/c.html
"既要“用好”,也要“管好”(新媒视点)",人民日报(海外版),2025-03-03,专家评论,AIGC；虚假信息；信息茧房；版权；内容治理,"人民日报海外版“新媒视点”评论指出生成式AI降低创作门槛的同时,让虚假内容更易生成更难分辨,存在AI幻觉误传、故意造谣、平台默许低质内容、版权争议等问题,提出构建“法律—技术—伦理—行业”四维治理框架,探索“用AI治理AI”。",https://paper.people.com.cn/rmrbhwb/pc/content/202503/03/content_30059793.html
中央网信办深入开展“清朗·整治AI应用乱象”专项行动第一阶段工作,国家网信办(中央网信办网站),2026-07-06,政策动态,AI应用乱象；数据投毒；内容标识；专项行动；大模型备案,"中央网信办通报“清朗·整治AI应用乱象”专项行动第一阶段(2026年4月启动)成效:聚焦大模型备案、数据投毒、标识落实不到位等乱象,累计处置违规AI产品1.4万余款、清理违法信息600余万条;北京等地因地制宜监管,华为、阿里、DeepSeek等平台加强技术防治。",https://www.cac.gov.cn/2026-07/06/c_1785081384384987.htm
剑指生成“数字泔水”等AI应用乱象 中央网信办专项整治,新华网,2026-04-30,政策动态,清朗行动；AI魔改；数字泔水；虚假信息；网络水军,"新华社报道中央网信办2026年4月底部署为期4个月的“清朗·整治AI应用乱象”专项行动,分两阶段整治大模型备案与语料安全、AI数据投毒、生成合成内容标识落实不到位,以及AI生成“数字泔水”、制作虚假信息、假冒仿冒、网络水军等问题。",https://www.xinhuanet.com/20260430/eecf1b693ce14ef98b8eb7bd3b4d239d/c.html
以“小快灵”立法规范人工智能拟人化互动服务,中国网信网(中央网信办),2026-06-03,政策解读,拟人化互动；未成年人；虚拟亲密关系；防沉迷；立法监管,网信办官网刊文解读即将施行的《人工智能拟人化互动服务管理暂行办法》：明确服务提供者须显著提示人机边界、连续使用超2小时弹窗提醒；禁止向未成年人提供虚拟亲属、虚拟伴侣等虚拟亲密关系服务，向不满14周岁未成年人提供服务须获监护人同意；并加强老年人健康使用指导与极端风险干预。,https://www.cac.gov.cn/2026-06/03/c_1782142434783056.htm
给“AI陪伴”划定安全边界,人民日报海外版,2026-08-21,政策解读,拟人化互动；未成年人保护；防沉迷；身份标识；隐私保护,人民日报海外版详解2026年7月15日施行的《人工智能拟人化互动服务管理暂行办法》：智能客服、知识问答等不涉及持续性情感互动的服务不在此列；办法要求显著标识人机边界，对连续使用超2小时用户弹窗提醒；,https://paper.people.com.cn/rmrbhwb/pc/content/202608/21/content_30176220.html
当AI学会共情，如何避免沉迷其中,人民网,2026-04-16,深度报道,AI陪伴；共情；沉迷；青少年；治理边界,报道调查AI学会共情背后的沉迷风险：研究显示AI持续回应、不知疲倦会推高真实社交的心理门槛；王江指出拟人化服务构建“虚拟完美关系”易致沉迷。文中曝光国内超1.4亿用户AI平台上可绕监管下载涉黄陪聊软件、未成年人亦可下载的乱象，并引专家称《办法》以“划定红线”实行分类分级监管，但“沉迷”如何认定等执行,https://finance.people.com.cn/n1/2026/0416/c1004-40702402.html
AI伴侣：技术的温情与隐忧,央视网,2025-05-18,专家评论,智能伴侣；年轻人；数据茧房；情感依赖；理性期待,央视网刊文分析AI伴侣对年轻用户的利弊：算法迎合喜好、强化数据茧房，易使青年逃避现实、对真实人际关系产生非理性期待，长期沉浸或影响婚恋观、加剧孤独。文章提出治理路径：落实个人信息保护法等要求，建立年龄审核与最低年龄限制，标注“非真实情感关系”，嵌入心理咨询干预模型并对过度依赖倾向预警，维护青年主体性,https://news.cctv.com/2025/05/18/ARTIN5bUVWN2uQRmzlcHasE1250518.shtml
幫孩子看清AI“聊天搭子”(有事說事),人民网教育频道,2026-08-27,专家评论,聊天搭子；未成年人；虚幻依恋；现实社交；儿童保护,人民网评论针对未成年人依赖AI“聊天搭子”现象指出：儿童精神科临床接诊中依赖AI倾诉的青少年增多，AI全天候在线与讨好式回应易令孩子产生虚幻依恋、削弱现实社交意愿；办法已禁止向未成年人提供虚拟亲密关系服务。,https://edu.people.com.cn/BIG5/n1/2026/0827/c1006-40787025.html
謹防未成年人沉迷AI情感陪伴,央视网,2025-10-20,专家评论,情感陪伴；未成年人；角色扮演；青少年模式；沉迷治理,央视网评论警示未成年人沉迷AI情感陪伴的风险：调查显示多款“沉浸式角色扮演”陪伴应用充斥猎奇角色与危险剧情，经用户“调教”后输出露骨内容，且吸引大量未成年人使用，内置青少年模式形同虚设，易固化“算法式亲密关系”、造成现实社交疏离与自我认知扭曲。,https://big5.cctv.com/gate/big5/edu.cctv.cn/2025/10/20/ARTIx0rtDUXzLfMMp5YjrNEL251020.shtml
儿童智能产品充斥黄暴内容 “小天才”成长路如何“步步高”,央广网,2022-07-23,深度报道,儿童手表；内容安全；黄暴内容；诱导消费；消协约谈,央广网调查报道“小天才”T1儿童平板应用商店可搜索下载大量含血腥、暴力、色情内容的游戏与漫画，电话手表被曝内置App在免密情况下诱导儿童扣款。京津冀三地消协7月18日联合约谈并发出查询函。,https://m.cnr.cn/tech/20220723/t20220723_525928000.html
三地消协联合约谈！“小天才”被曝诱导付费、涉黄涉暴,央视网(澎湃新闻转载),2022-07-19,新闻报道,儿童平板；约谈；涉黄涉暴；诱导付费；查询函,综合央视网、人民日报等报道：针对消费者反映小天才T1儿童平板应用商店内游戏、漫画App含色情血腥暴力内容、手表内置App诱导未成年人消费等问题，京津冀三地消协2022年7月18日联合约谈广东小天才公司，发出《查询函》要求其就八个方面问题在7月28日前答复。,https://m.thepaper.cn/newsDetail_forward_19078802
小學生沉迷“刷讚當大佬”，電話手錶的社交亂象如何規範？,央视网,2025-12-17,新闻报道,儿童手表；社交攀比；强制性国标；内容安全；防沉迷,央视新闻报道小学生沉迷儿童电话手表“刷赞当大佬”的社交乱象。刘晓春认为手表社交已含相互攀比属性，厂商和软件方有必要干预内容并提供防沉迷等保护。报道介绍市场监管总局2025年12月2日发布的强制性国标《儿童手表安全技术要求》将于2027年1月1日实施，对硬件软件内容安全、网络安全、个人信息保护、沉迷防,https://big5.cctv.com/gate/big5/news.cctv.cn/2025/12/17/ARTIYKbg2NlBFvoEb8MbVLm0251217.shtml
人民銳評：兒童手表，能不能做“減法”,人民网,2026-06-15,专家评论,儿童手表；诱导充值；防沉迷；强制性标准；回归安全,人民网“人民锐评”针对儿童智能手表乱象指出：部分厂商为营利植入沉迷设计，防沉迷形同虚设、有害内容隐匿、弹窗诱导充值；我国首部儿童手表强制性国标《儿童手表安全技术要求》已批准发布并将于2027年1月1日实施。,https://opinion.people.com.cn/BIG5/n1/2026/0615/c436867-40740676.html
新华社调查：“护娃神器”儿童电话手表真能放心护娃吗？,新华社,2026-01-12,深度报道,儿童电话手表；不良信息；远程刷机；内容安全；暑期整治,新华社“新华视点”调查儿童电话手表内容安全：曝出儿童收到污秽图文、应用商店含黄暴内容等案例，虽有过滤机制仍可通过“远程刷机”安装成人应用并绕开家长管控。高艳东指出“主页点赞”等设计诱导攀比，涉嫌违反《未成年人网络保护条例》。,https://new.qq.com/rain/a/20260112A05Z7Q00?refer=cp_1009
新华视点｜AI“复活”逝者，你接受吗？,新华社,2024-04-03,深度报道,AI复活；逝者；数字亲人；情感慰藉；法律边界,新华视点清明调查报道“AI复活”逝者现象：电商平台相关服务已形成产业链，殡葬企业推出数字家祠、数字人模型等业务。受访体验者称“数字亲人”带来情感慰藉、帮助完成告别；心理学专家提示“生死沟通”也可能造成过度依赖、让人难以回归正常生活。,https://www.news.cn/20240403/46c1cf02ab444b139102c1ba17bd8aca/c.html
AI“复活”缅怀逝者 暗藏哪些风险？,央广网,2025-04-05,深度报道,AI复活；亲人；数字形象；侵权；诈骗风险,央广网清明节调查：电商平台AI“复活”亲人服务售价几元至上百元，提供照片即可生成动态影像甚至“复活原声”，部分殡葬公司与陵园引入AI数字亲人。体验者称获得情感慰藉，也有人选择不用。专家郭涛、王东及律师提示：未经近亲属同意“复活”按民法典规定构成对逝者肖像、声音利益的侵害；,https://news.cnr.cn/dj/20250405/t20250405_527124388.shtml
“耳听为虚” AI拟声骗局已让多名老人上当受骗,央视网,2025-12-15,新闻报道,AI拟声；变声诈骗；冒充孙子；老年人；案件宣判,央视网报道湖北黄石AI拟声诈骗案：三名老人先后接到“孙子”求助电话，各被骗走2万元现金，均坚称电话里是孙子的声音。法院认定境外团伙使用的AI拟声能高度还原人声音色并实时对话，老年人难辨真伪系得逞关键，以诈骗罪判处取款“车手”吴某有期徒刑二年一个月。,https://news.cctv.com/2025/12/15/ARTIh0H1RQ3S6JpJxsx3uylG251214.shtml
“AI诈骗潮”真要来了？公安部门：全国爆发消息不实,新华社,2023-06-09,深度报道,AI诈骗；换脸拟声；辟谣；技术反制；风险积聚,新华社“新华视点”针对包头“AI换脸10分钟骗430万”案引发的舆情展开调查：与公安部门核实确认“AI诈骗全国爆发”传言不实，全国此类案件发生不到10起，发案占比很低，但需高度关注。公安专家指出此类诈骗作案成本高，须掌握素材、账号与社会关系；,https://www.workercn.cn/c/2023-06-09/7870050.shtml
2021“数字”有温度——互联网携老年和残障群体共跨数字“鸿沟”,央广网,2021-12-31,深度报道,适老化；无障碍改造；老年人；数字鸿沟；专项行动,央广网年终盘点：2021年1月起工信部开展为期一年的互联网应用适老化及无障碍改造专项行动，铁路12306上线爱心版，上海等地开通“为老服务一键通”。报道指出《互联网网站适老化通用设计规范》《移动互联网应用(APP)适老化通用设计规范》落地，要求适老版界面严禁出现广告及弹窗、无诱导下载与诱导付款等按键,https://www.cnr.cn/tech/techds/20211231/t20211231_525704428.shtml
银发族迎来“智能搭子”,中国新闻网,2026-04-17,行业观察,养老机器人；情感陪伴；适老化；银发经济；智能终端,中新网报道陪伴机器人、智能轮椅等“智能搭子”走进老年人生活：杭州颐养院内老人日常与能记忆聊天历史的陪伴机器人互动，高精度机械臂轮椅、康养机器人等用于跌倒监测与健康管理。《2026年中国养老科技趋势洞察报告》显示2025年养老科技领域融资401亿元、同比增长136%。,http://epaperres.chinanews.com/epms/article/html/2026/04/17/1494648626172006400.html
《公益圈》第三期聚焦AI与青少年心理健康：人机协同护童心，AI向善守本心,新华网,2026-06-02,新闻报道,AI心理；青少年；心理筛查；人机协同；校园应用,新华网报道“AI与青少年心理健康”主题沙龙：行业代表介绍“校园AI心理舱”近一年落地经验，依托AI完成学生心理初筛与风险预警以减轻基层心理教师负担；心理治疗师王玉璐依据门诊案例总结理性使用、本末倒置、适配不足三类青少年AI使用现状；,https://www.news.cn/gongyi/20260602/c57b35b12a784983bcbbc727e8694716/c.html
“AI外呼”骚扰电话卷土重来 应如何治理？,央广网,2025-05-12,深度报道,AI外呼；骚扰电话；营销；线路资源；消费者,央广网调查“AI外呼”骚扰电话回潮：2025年央视3·15曝光AI外呼产业后，口腔医院等营销外呼仍通过12345被持续反映；AI外呼企业入行门槛低，呼叫中心线路审核“走形式”，虚拟运营商“中间号”成新渠道。,https://news.cnr.cn/native/gd/kx/20250512/t20250512_527166701.shtml
《未成年人网络保护条例》元旦起施行 织密未成年人网络保护立体“安全网”,新华社,2024-01-01,政策动态,未成年人网络保护条例；网络素养；防沉迷；个人信息；综合立法,新华社报道：我国首部专门性未成年人网络保护综合立法《未成年人网络保护条例》自2024年1月1日起施行，重点规定健全保护体制机制、促进网络素养、加强信息内容建设、保护个人信息及防治沉迷。条例要求提高教师对未成年学生沉迷网络的早期识别与干预能力，网络服务提供者合理限制未成年人网络消费数额；,https://www.gov.cn/zhengce/202401/content_6923740.htm
官方解读：《未成年人网络保护条例》明年起施行，有何现实意义？,央广网,2023-10-27,政策解读,未成年人网络保护条例；官方解读；网络素养教育；平台责任；网络沉迷,央广网报道国新办政策例行吹风会对《未成年人网络保护条例》的解读：条例七章六十条，将网络素养教育纳入学校素质教育内容，明确供未成年人使用的智能终端产品功能要求，规定大型网络平台须开展影响评估并发布社会责任报告；在防治沉迷方面要求网络服务提供者合理限制未成年人网络消费数额。,https://news.cnr.cn/dj/20231027/t20231027_526465556.shtml
守护老人小孩！AI拟人互动服务将有规范，平台需做安全评估,南方都市报,2025-12-27,政策解读,拟人化互动；未成年人模式；老年人；紧急联系人；征求意见,南方都市报报道国家网信办2025年12月27日就《人工智能拟人化互动服务管理暂行办法（征求意见稿）》公开征求意见：拟强制推行未成年人模式并要求监护人同意，禁止向老年人模拟其亲属身份、须设置紧急联系人，建立连续使用超2小时弹窗提醒的防沉迷机制，要求显著标示AI属性并保障交互数据安全。,https://www.oeeee.com/html/202512/27/1668396.html
算力狂飙叠加用电高峰：AI产业要算好能耗账、民生账,人民邮电报,2026-08-11,行业观察,算力能耗；算电协同；虚拟电厂；民生保障,人民邮电报报道，2026年夏季用电高峰与算力用电双峰叠加，三大运营商以跨区域算电协同调度、数据中心接入虚拟电厂等方式缓解供电压力。文章指出千亿级大模型一次训练耗电可达数百万千瓦时，AI须从拼规模转向拼能效，算好能耗账与民生账。,https://rmydb.cnii.com.cn/html/2026/20260811/20260811_001/20260811_001_05_4494.html
(经济观察)全球算力竞逐 中国破题“算力尽头”,中国西藏网(转载中新社),2026-08-18,行业观察,算力能耗；电力保障；算电协同；峰谷电价；绿色算力,中新社报道，DeepSeek启用算力峰谷定价机制引发算力用电关注。中电联预计“十五五”中国算力用电年均新增超1000亿千瓦时、2030年达8000亿千瓦时。专家认为算力竞争已延伸至能源基础设施，中国以“以电强算”“算力跟着能源走”的系统思维破解算电难题。,https://m.tibet.cn/cn/instant/domestic/202608/t20260818_8034013.html
AI算力产业链业绩爆发 交付与电力成为关键变量,中国经济网,2026-08-12,行业观察,算力能耗；数据中心；机柜功率；算电协同；Gartner,中国经济网报道AI算力产业链扩产中电力成为首要瓶颈：AIDC机柜功率跃升至100千瓦以上，Gartner预测2026年全球数据中心耗电565TWh。四部门已印发《关于促进人工智能与能源双向赋能的行动方案》，“算电协同”首入政府工作报告并纳入“十五五”规划纲要。,http://adimg.ce.cn/cysc/newmain/yc/jsxw/202608/t20260812_3142576.shtml
算力跟着绿电走 从“各自波动”转向“同频共振”实现降成本与促消纳双赢,央视网,2026-08-26,新闻报道,算力能耗；绿电消纳；算电协同；虚拟电厂；电力负荷,央视网报道，2026年算力用电爆发式增长，江苏、广东等地算力取代空调负荷成为夏季用电增长主力。冀北电网完成国内首次百兆瓦级算电协同调节，11座算力中心10分钟内释放超100兆瓦供电空间，算力正成为电网灵活调节资源，实现降成本与促绿电消纳双赢。,https://news.cctv.cn/2026/08/26/ARTIHBM8jNtlkXUgBPoj8RQm260826.shtml
如何让数字经济的“心脏”跳得更绿色、更可持续？,国家发展和改革委员会网站,2026-07-27,政策解读,数据中心；能耗；绿色低碳；PUE；绿电直连,国家发改委刊文指出，我国数据中心用电增速为全社会用电量的5倍以上，节能降碳已到“等不得”阶段。政策上《数据中心绿色低碳发展专项行动计划》、绿电直连通知及“双碳”考核相继落地，将数据中心纳入节能降碳重点领域，推动以更低PUE、更高绿电占比完善碳管理体系。,https://www.ndrc.gov.cn/wsdwhfz/202607/t20260727_1406700.html
绿色低碳是数据中心发展的必答题,中国工信新闻网,2026-07-21,行业观察,算力能耗；数据中心；绿电；PUE；碳减排,评论指出，算力用电增速约为全社会用电量3.6倍，节能降碳对数据中心已非选择题而是必答题。政策上专项行动计划划定量化门槛、“算电协同”写入政府工作报告；实践上中国移动呼和浩特智算中心绿电比例达88%、年减排二氧化碳37万吨。文章提示存量改造投入大、绿电跨区输送机制仍待完善。,https://www.cnii.com.cn/gxxww/lszz/202607/t20260721_750031.html
对十四届全国人大三次会议第4677号建议的答复,国家发展和改革委员会网站,2025-11-20,政策动态,算电协同；东数西算；绿电直供；PUE；新型电力系统,国家发改委答复宁夏代表团建议：算电协同发展是支撑碳达峰碳中和的重大举措。目前八大枢纽节点数据中心集群平均PUE约1.3、先进水平低至1.04；国家数据局已在宁夏等枢纽节点部署算电协同先行先试，下一步将支持宁夏稳妥推进试点、构建算电协同技术标准体系。,https://www.ndrc.gov.cn/xxgk/jianyitianfuwen/qgrddbjyfwgk/202511/t20251120_1401790.html
绿色能源成算力发展的重要推手,中国能源报,2024-07-08,行业观察,大模型；训练耗电；电力危机；绿算融合；GPT-4,中国能源报报道称AI发展面临电力危机：GPT-4等大模型单次训练耗电巨大，业内测算大模型用电量约6个月翻倍。英伟达、奥特曼等提示能源约束。“东数西算”节点多位于清洁能源富集地区，“绿算融合”成趋势，算力需求与绿电消纳实现“双向奔赴”。,https://paper.people.com.cn/zgnyb/html/2024-07/08/content_26069034.htm
加速绿色数据中心建设 “低碳”算力助力数字经济发展,新华社(中国政府网转发),2022-11-18,新闻报道,绿色数据中心；PUE；碳排放；新能源；算力设施,新华社报道，工信部等六部门开展2022年度国家绿色数据中心推荐工作。我国在用数据中心机架超590万标准机架，数据中心已成为主要碳排放源之一。《新型数据中心发展三年行动计划》要求新建大型数据中心PUE降至1.3以下，工信部鼓励分布式光伏、燃气分布式供能等配套系统推动用能方式转型。,https://www.gov.cn/xinwen/2022-11/18/content_5727744.htm
“东数西算”工程系列解读之二 | 实施“东数西算”工程——全面贯彻落实十四五规划和二〇三五年远景目标纲要精神,国家发展和改革委员会网站(中国国际工程咨询有限公司包英群),2022-03-17,政策解读,东数西算；数据中心；碳排放；PUE；碳中和,发改委系列解读指出，2020年我国数据中心耗电逾2000亿千瓦时、占全社会用电量约2%，二氧化碳排放约1.35亿吨，是能源与碳排放占比持续上升的少数行业。“东数西算”工程通过集约化布局、节能技术应用与提升可再生能源使用率，助力“双碳”与2060年碳中和目标。,https://gbdy.ndrc.gov.cn/gbdyzcjd/202203/t20220317_1319470.html
“未来之问”深度观察｜算力狂奔，能源能否接棒？AI时代的电力困局与绿色突围,新华网,2025-12-31,专家评论,算力能耗；能源约束；水资源；技术外部性；可持续,新华网“未来之问”深度观察邀请段伟文、王中等多位专家讨论算力与能源约束。部分专家认为当前大语言模型“暴力计算”路径能效不可持续，算力扩张带来电力、土地、水资源三重外部成本，社会收益能否覆盖环境代价存疑；也有专家认为能效与算法优化可使约束缓解，需平衡能效、绿电与芯片工艺。,https://www.news.cn/digital/20251231/6ef6efb904a24f318b4ae639e6bef45d/c.html
我国首个水风光一体化智慧运营大模型发布,中国日报网,2026-07-16,企业实践,电力大模型；绿电调度；新能源消纳；智算中心；清洁能源,中国日报网报道雅砻江发布我国首个水风光一体化智慧运营大模型，依托大模型新能源资源预测准确率可提升至95%以上、每年多消纳清洁能源超20亿千瓦时；配套岩洞智算中心100%使用水风光绿电并利用天然冷源降耗，实现“绿电供给算力、算力优化绿电调度”的双向赋能。,https://tech.chinadaily.com.cn/a/202607/16/WS6a584786a310d709c2fbdc71.html
以互促循環打造AI時代能源強國,中国网,2025-12-17,专家评论,AI+能源；新能源预测；电网智能；双碳；系统性竞争,中国网刊发厦门大学能源政策研究院院长的评论文章指出，AI需求若超出清洁电力供给或被迫重启煤电、背离“双碳”。应打造AI与能源互促循环：大模型提升新能源出力预测，智能巡检调度增强电网韧性，负荷精细化调控盘活需求侧，形成“AI赋能绿电生产、绿电支撑AI发展”的格局。,https://big5.china.com.cn/opinion2020/2025-12/17/content_118232530.shtml
Greening computing infrastructure imperative,China Daily(Global Edition),2026-08-26,人物访谈,绿色算力；余热回收；液冷；可再生能源；访谈,中国环境报对发改委能源研究所研究员苏铭的访谈指出，绿色算力最大挑战是算力负荷与波动性可再生能源的匹配，其次绿电溢价抬高成本。建议源端加强算电协同、多用绿电，运行端以液冷等提效并回收余热用于园区与城市供暖，并通过算法与模型优化从根本降低计算能耗。,https://global.chinadaily.com.cn/a/202608/26/WS6a8ee882e4b06d4aa055a9b4.html
疏解绿电直连落地堵点,瞭望新闻周刊(新华网),2026-05-26,深度报道,绿电直连；新能源消纳；算力中心；源网荷储；碳壁垒,瞭望周刊报道，全国已有99个绿电直连项目获批、24省区市出台配套政策。内蒙古、青海、宁夏等地以“以荷定源”点对点向算力中心等高载能产业供绿电，可提供物理溯源凭证、应对国际碳壁垒，但面临投资成本高、输配电费高、涉网安全标准不足等堵点，需金融、制度与能力三方面协同破题。,https://lw.xinhuanet.com/20260526/d4b224633e8244169047c207e773fd99/c.html
算电协同：从“概念”到“落地”的加速跑,国家能源局网站,2026-07-10,行业观察,算电协同；绿电直连；东数西算；源网荷储；智算中心,国家能源局刊文回顾算电协同落地：自2022年“东数西算”启动，华电在和林格尔落地首个数据中心绿电直供项目、绿电占比43%；2025年乌兰察布投运全国首个“绿电直连+源网荷储一体化”项目。文章称算力正从“等电用”转向主动追着风光跑。,https://www.nea.gov.cn/20260710/082757047b114b2798fcdeec42673e18/c.html
训练需求井喷 “算力之渴”何解,科技日报(央视网转载),2023-10-16,深度报道,算力紧缺；能耗；绿色数据中心；绿色计算；PUE,科技日报报道国内百余大模型发布使智算紧张、能耗激增。上海等地推进液冷、氢燃料电池试点与小散老旧数据中心改造；蚂蚁与中国信通院白皮书显示我国已建成196家国家绿色数据中心，先进中心PUE降至1.08，但行业需从机房层面转向“端到端绿色计算”。,https://big5.cctv.com/gate/big5/news.cctv.com/2023/10/16/ARTICNITufnNIG5kbabR8Ihs231016.shtml
2023重大科学问题、工程技术难题和产业技术问题发布，难在哪？怎么解？,央广网,2023-10-25,专家评论,低能耗AI；大模型能耗；ChatGPT；科学问题；算力,央广网报道“如何实现低能耗人工智能”入选中国科协2023十大前沿科学问题。专家估算ChatGPT服务能耗相当于欧盟17.5万个中产家庭年用电量，AI训练服务器能耗可达传统服务器的6至8倍；降耗路径包括可控核聚变、光芯片及算法模型理论再创新。,https://china.cnr.cn/gdgg/20231025/t20231025_526462431.shtml
电力算力融合需多方发力,中国能源报,2024-09-09,行业观察,电力算力协同；数据中心；用电增速；枢纽节点；节能降耗,中国能源报刊发“电力算力协同发展”对话内容：2023年中国数据中心用电约1500亿度、年增速达15%，远超全社会用电增速。八大枢纽节点机架占全国超七成，局部地区（如张家口数据中心用电占当地比重升至20%）压力明显，需统筹电与算、破解制冷能耗与迎峰度夏叠加压力。,https://paper.people.com.cn/zgnyb/images/2024-09/09/02/zgnyb2024090902.pdf
人工智能的伦理挑战与科学应对,人民网(理论频道),2023-04-10,专家评论,人工智能伦理；科技向善；伦理反思；主体性；刘永谋,"人民网理论版刊发刘永谋教授主持的青年学者圆桌。学者们认为对AI的警惕焦虑有忧患价值,但无法返回无AI世界,应正视焦虑、在发展中求方案;AI原则应含非对抗、非失控、共享与有序发展;伦理反思可为科技竞争设定底线、实现敏捷治理,防止工具主义泛滥并保护特殊群体。",https://theory.people.com.cn/BIG5/n1/2023/0410/c40531-32660490.html
2024听两会|对话全国政协委员周鸿祎:支持大模型向垂直化、产业化方向发展 助力加快形成新质生产力,央广网,2024-03-02,人物访谈,周鸿祎；大模型；垂直化；新质生产力；全国两会,"全国政协委员周鸿祎两会前接受央广网专访称,2024年中国AI发展值得期待,大模型进入百行千业与业务流程结合,垂直领域国产大模型或超GPT-4;其提案建议聚焦“小切口、大纵深”推动大模型垂直化产业化落地,企业应先私有化部署通用大模型培养员工使用习惯,再以垂直模型赋能业务。",https://www.cnr.cn/jingji/ycbd/20240302/t20240302_526615055.shtml
360集团创始人周鸿祎:把握六大应用场景 走专业大模型之路,中国证券报·中证网,2024-11-23,人物访谈,周鸿祎；专业大模型；智能革命；应用场景；乌镇峰会,"周鸿祎在乌镇峰会接受中国证券报专访称,大模型带来智能革命并成为新一轮工业革命引擎;中国应扬长避短走专业大模型之路,把大模型能力与六大应用场景结合,包括“科技平权”下的人人普惠、万物智能、赋能传统产业数转智改等,才适合中国发展。",https://cs.com.cn/ssgs/gsxw/202411/t20241123_6456068.html
朱松纯:人机和谐共处的前提是人机交“心”,新华网,2026-07-21,专家评论,朱松纯；人机和谐；为机器立心；价值体系；通用人工智能,"朱松纯在WAIC2026思想者论坛称,AI缺真正创造力、价值体系与社会智能,大模型根本瓶颈是没有“心”;构建AGI关键在“为机器立心”。他认为未来智能体数量或超全球人口,人机和谐共处前提是人机交“心”,通过认知架构与价值双向对齐建立超越工具性使用的深层信任。",https://www.xinhuanet.com/tech/20260721/187ca0ead92741d3ab4da246b592fb26/c.html
学者剖析AI时代生而为人的意义:碳基生命拥有算法无法复刻的精神内核,中国新闻网,2026-08-17,人物访谈,郭毅可；人机共生；碳基生命；批判性思维；AI与教育,"郭毅可院士在上海书展受访称,AI擅长标准化计算与信息整合,但人类的共情力、道德判断、审美与自由想象是算法无法复刻的内核;AI普及是对人的解放而非挤压。他认为教育的核心不再是职业技能培训,而是培养有独立判断力、能驾驭AI的完整的人,青少年须刻意锻炼批判思维、拒绝照搬AI答案。",https://www.chinanews.com.cn/sh/2026/08-17/10679023.shtml
《时代》周刊公布2025“年度人物” 李彦宏等“AI的建造者们”接受专访,人民网·人民资讯,2025-12-12,深度报道,李彦宏；时代周刊；AI应用；应用驱动；年度人物,"人民网报道《时代》周刊将2025年度人物授予“AI的建造者们”并专访李彦宏。李彦宏判断2025年是AI应用普及关键年,最大机会在应用层而非模型与芯片层;百度坚持“应用驱动”,训练模型为具体应用服务,不做“为所有人做所有事的超级智能AI”,并期待AI未来10到20年内助药物研发取得突破。",https://finance.people.com.cn/n1/2025/1212/c1004-40623277.html
数智时代的社会心态,人民日报·人民论坛,2026-07-20,研究报道,社会心态；AI焦虑；公众接受度；中国社会心态调查；人与机器,"人民论坛据中国社会心态调查(2024,10294份样本)分析人与机器关系:公众对AI“欲纳还忧”,认可辅助价值却较不认可决策性价值;50.6%受访者认为本行业二十年内面临AI威胁;焦虑集中于个人信息过度收集、失业与“跟不上技术”的能力焦虑,35岁以上及低学历群体的风险意识与焦虑更强。",https://paper.people.com.cn/rmlt/pc/content/202607/20/content_30178498.html
AI正青春 | 用AI为视障者“启明”,中国网(转载中国青年报),2024-12-05,企业实践,视障；信息无障碍；启明瞳；AI助残；文心大模型,"中国青年报报道创业者周江南创办启明无障碍科技,与视障朋友同吃住百天调研后开发“启明瞳”等AI应用,依托飞桨与文心大模型帮助视障者识别环境、读懂世界,注册用户超25万、覆盖122城;报道指出传统读屏在图片弹窗面前乏力,AI助盲正打开信息无障碍的新可能。",https://www.china.com.cn/aboutus/2024-12/05/content_117588754.htm
AI“伴侣”的浪漫与隐忧,央视网(转载科技日报),2024-07-20,深度报道,AI伴侣；情感陪伴；伦理；孤独感；人机关系,"央视网综合报道AI“伴侣”流行现象。研究显示其可为疾病、丧亲、行动障碍者提供深度情感连接、缓解孤独,但也有黑暗面:引发隐私与伦理问题;因回避冲突、投其所好,长期或削弱用户经营真实关系、处理分歧及发展社交技能的能力。",https://news.cctv.cn/2024/07/20/ARTINRdIH7ufRzkipfKmZeqj240720.shtml
【认真学习贯彻党的二十届四中全会精神·理论圆桌】人工智能如何赋能高质量充分就业?,工人日报·中工网,2025-12-08,专家评论,AI就业；人机协同；新职业；高质量就业；复合技能,"工人日报理论圆桌请企业员工与学者共议AI与就业。受访焊工称机器人“同事”倒逼其转向人机协作复合人才;王君伟介绍机器人落地催生AI焊接培训师等新工种;陈建伟认为劳动者要转型“智能驾驭者”,AI通过改善作业环境、释放创造力、拓展职业发展提升就业质量,而非简单替代岗位。",https://www.workercn.cn/papers/grrb/2025/12/08/7/news-1.html
"“人工智能”成两会热词,代表委员热议安全治理",光明网,2025-03-14,新闻报道,全国两会；AI安全治理；大模型；柔性监管；认知污染,"光明网汇总2025年全国两会代表委员AI安全建言:高文主张构建高质量数据集与数算一体、数据互联互通;周鸿祎建议借鉴“避风港原则”柔性监管、包容大模型“幻觉”给企业纠错机会;齐向东建议建大模型纵深防御体系与数据“双控机制”,上线前开展深度测试防范认知污染。",https://m.gmw.cn/gmsogh/202503/14/37907541.html
鹏城实验室主任高文:抢抓人工智能发展的历史性机遇,人民网·深圳频道(转载人民日报),2025-02-24,专家评论,高文；人工智能+；以人为本；敏捷治理；科技向善,"高文在人民日报署名文章中称,人工智能是新一轮科技革命和产业变革的驱动力量,应开展“人工智能+”行动、构建全链条创新生态;坚持“以人为本、智能向善”,建立符合发展需求的敏捷治理体系,以“技术监管技术”,并积极参与全球AI标准与治理进程。",https://sz.people.com.cn/BIG5/n2/2025/0224/c202846-41145007.html
[面对面]王坚:算力革命,央视网(央视《面对面》),2025-03-02,人物访谈,王坚；算力革命；云计算；全国两会；智能时代,"央视《面对面》专访中国工程院院士、阿里云创始人王坚。作为云计算技术专家,其2025年全国两会提案围绕科技创新展开;他认为以算力为基础,人工智能正把人类带入全新的时代,算力已成为驱动智能社会演进的关键基础资源。",https://tv.cctv.com/2025/03/02/VIDEoSEASeJQxuvozjQO3s48250302.shtml
机器人养老不再科幻,人民网·科普中国(转载),2024-07-24,政策解读,机器人养老；上海养老科技；康复机器人；老龄化；情感陪伴,"科普中国解读《上海市推进养老科技创新发展行动方案(2024—2027年)》。文章称康复、护理、外骨骼等机器人与2024世界人工智能大会亮相的“光华一号”等可缓解护理人员短缺、提升养老质量,但应变能力、情感交流与成本仍是制约;需加大研发、政府补贴与社会宣传,让机器人成为可信赖的养老辅助工具。",https://kpzg.people.com.cn/BIG5/n1/2024/0724/c404214-40284144.html
制作、传播、教学……“AI换脸”背后藏着的“生意”,央视网,2024-12-31,风险事件,AI换脸；深度伪造；诈骗；老年人；黑产,"央视调查报道“AI换脸”制作、传播、教学背后的灰色生意及其犯罪风险:山东淄博82岁老人被“AI外孙”骗走32.6万元。专家彭根称开源换脸工具门槛低、几乎人人可用,涉隐私泄露、诈骗敲诈等风险;提示可要求对方大幅扭头、对暗号识别,不轻信不转账、第一时间报警。",https://big5.cctv.com/gate/big5/news.cctv.cn/2024/12/31/ARTIUFpW9zrZgo7V7BxTLV9p241231.shtml
转给家里老人!卖书卖药的或是假专家 电话骗钱的很会“装孙子”,中国经济网(转载央视节目),2024-10-12,风险事件,AI诈骗；深度伪造；老年人；亲情诈骗；反诈,"央视节目报道利用AI变声冒充亲属的“亲情诈骗”:武汉两位老人被模拟“孙子”声音的骗子骗去银行取款,还有“假女儿”视频索要生活费的案例;民警提醒眼见耳听不一定为真;专家张博指换脸加换声更难分辨,节目提及2022年国家网信办等部门已出台深度合成管理规定。",https://www.ce.cn/xwzx/gnsz/gdxw/202410/12/t20241012_39166265.shtml
AI与医生的关系并非替代而是“共生”,新华网,2025-12-01,专家评论,张钹；医疗AI；人机共生；AI替代医生；人文关怀,"张钹在清华临床医学科技创新大会表示,AI将深刻改变医疗但可预见未来不能替代医生:大模型外部驱动、缺因果推理与“自我负责”能力,诊疗意见须医生把关;患者的情绪与个体化需求是算法盲点,医生将成为决策者、沟通者与安全监督者,未来医生须懂AI、用AI、解释AI。",https://www.news.cn/tech/20251201/8e3f5927ff3749a88133f7609a87cd13/c.html
张钹:“天才”的选择,光明日报文摘报(转载《中国新闻周刊》),2025-01-25,深度报道,张钹；中国AI奠基；清华代表队；人物特稿；技术判断,"《中国新闻周刊》人物特稿梳理张钹:40岁后跨界进入AI“无人区”,发表中国首篇AI论文、熬过行业寒冬,近90名博士组成“清华代表队”;在AI冷热两极中保持定力,早在2022年即判断ChatGPT只是迈向AGI第一步、下一步是与环境交互。作者笔下的张钹认为努力程度决定最终达到的高度。",https://epaper.gmw.cn/wzb/html/2025-01/25/nw.D110000wzb_20250125_1-05.htm
"当AI成为“标配”,青少年何以“适配”",中国青年报,2025-12-15,专家评论,青少年；AI素养；数字素养；家校社协同；人工智能教育,"中青报联合Soul举办青少年AI使用与素养研讨会。方增泉提出“认知-能力-安全伦理”三位一体的青少年AI素养框架;孙宏艳指青少年AI使用偏差本质与亲子师生关系等成长环境相关,农村“新型电子保姆”现象突出;陈梁实证显示四种父母调解方式中仅“引导型”能有效提升AI素养,亲子关系质量是关键。",https://zqb.cyol.com/pc/content/202512/15/content_419934.html
调查发现超六成受访中小学生用过AI,中国青年报,2026-03-26,研究报道,中小学生；AI使用调查；独立思考；AI素养；过度依赖,"中青报报道课题组调查:超六成受访中小学生用过AI,69.1%认可其激发创新兴趣;但20.5%想依赖AI而不自己思考,且近三成认为AI的评价与预测会影响自我认知;隐私泄露、错误信息与使用焦虑是主要风险;课题组建议按年龄与城乡差异引导规则,防止AI评价固化学生自我认知、弱化独立思考。",https://zqb.cyol.com/pc/content/202603/26/content_423920.html
"李开复谈大模型:ofo式烧钱不可取,看谁先打造出“AI微信”",中国新闻网,2024-05-13,人物访谈,李开复；大模型；TC-PMF；AI应用；零一万物,"零一万物CEO李开复受访称,大模型竞赛应从狂奔转长跑、避免“ofo式烧钱”,终局取决于TC-PMF(技术成本×产品市场契合度);他更看重“AI普惠点”而非AGI点燃点,谁先打造AI微信、AI抖音等超级应用谁胜出;他也谈及其短视频科普用意是引导用户“问最好的问题”。",https://www.chinanews.com.cn/cj/2024/05-13/10216250.shtml
教育部:人工智能赋能教育取得5大进展,中国教育和科研计算机网,2025-12-30,政策动态,人工智能赋能教育；通识教育；教育大模型；规范文件,"教育部发布会介绍""人工智能赋能教育行动""阶段性进展:印发中小学AI通识与生成式AI使用指南等规范文件,上线23个教育专用大模型与试点智能体,设立509所AI教育基地校,并将AI安全纳入教育安全大局进行长期跟踪调研。",https://www.edu.cn/ke_yan_yu_fa_zhan/gao_xiao_cheng_guo/gao_xiao_zi_xun/202512/t20251230_2713372.shtml
国内首个医疗多场景专业大模型发布,北京市科学技术委员会官网,2023-12-22,企业实践,医渡科技；医疗大模型；医院落地；惠民保,"北京市科委官网报道,医渡科技2023年12月21日发布国内首个医疗垂域多场景专业大语言模型,医疗任务评测超GPT3.5,已落地多家头部医院,用于临床辅助、病历书写与科研平台,并接入江苏省级惠民保提供7×24小时健康管理服务,体现医疗大模型加速走进医院应用场景。",https://kw.beijing.gov.cn/xwdt/kcyx/xwdtcyfz/202312/t20231222_3818085.html
百度发布灵医大模型 定位“产业级”医疗大模型 面向大健康上下游产业开放测试,新华网,2023-09-20,企业实践,灵医大模型；百度；医疗大模型；开放测试；结构化病历,"新华网报道,百度9月19日发布“产业级”医疗大模型灵医大模型,分Lite、旗舰、定制三版本,面向大健康上下游开放测评试用,已向200多家公立医院、药械企业等开放体验,聚焦智能健康管家、智能医生助手、智能企业服务,可秒级生成结构化病历、辅助诊疗,展示医疗大模型的产业化开放路径。",https://www.news.cn/2023-09/20/c_1212270941.htm
AI赋能医学发展 2023中国医学人工智能大会在杭州西湖区举办,人民网浙江频道,2023-12-23,行业观察,超声AI；三类证；甲状腺结节；医学人工智能大会；NMPA,"人民网浙江频道报道,2023年12月22日中国医学人工智能大会在杭州开幕,发布我国超声AI辅助诊断领域全国首张三类医疗器械注册证——甲状腺结节超声影像辅助诊断软件通过NMPA审批,标志AI在超声影像辅助诊断临床应用获突破,同期发布2023医学人工智能代表性算法,圆桌聚焦落地应用与物价医保。",https://zj.people.com.cn/n2/2023/1223/c186327-40689790.html
首款国产四臂腔镜手术机器人“图迈机器人”获准上市,人民政协网,2022-01-28,企业实践,图迈；腔镜手术机器人；微创机器人；NMPA；国产替代,"人民政协网报道,2022年1月27日微创医疗机器人自主研发的图迈腔镜手术机器人获NMPA上市批准,为首款国产四臂腔镜手术机器人;其历时8年攻关突破高灵巧机械臂与主从遥操作等核心技术,经头对头多中心临床试验验证,上市有望降低机器人手术成本、推动国产高端医疗器械普及。",https://www.rmzxb.com.cn/c/2022-01-28/3039419.shtml
国家医疗保障局 医保动态 放射检查类立项指南出台 CT、磁共振、X光收费将执行新规!,国家医疗保障局官网,2024-11-20,政策动态,国家医保局；立项指南；人工智能辅助诊断；放射检查；不重复收费,"国家医保局官网消息,2024年11月其印发放射检查类医疗服务价格项目立项指南,整合为26项并统一设“人工智能辅助诊断”扩展项,规定医院用AI辅助诊断执行与主项目相同价格、不与主项目重复收费,防止增加患者负担;同时将数字影像上传与云存储纳入价格构成,助力检查结果互认。",https://www.nhsa.gov.cn/jrobot/plugin/link/show.do?id=1_14_14772&q=%E4%BA%BA%E5%B7%A5%E6%99%BA%E8%83%BD%E8%BE%85%E5%8A%A9&url=http%3A%2F%2Fwww.nhsa.gov.cn%2Fart%2F2024%2F11%2F20%2Fart_14_14772.html&webid=1
卫生健康行业人工智能应用有了指引,央视网健康频道,2024-11-15,政策解读,卫健委；应用场景参考指引；84个场景；医学影像AI；医院管理,"央视网健康报道,2024年11月14日国家卫健委等三部门联合发布《卫生健康行业人工智能应用场景参考指引》,聚焦“人工智能+”医疗服务管理、基层公卫、健康产业、医学教学科研四大领域,列出医学影像智能辅助诊断、智能手术室管理等84个细分场景,为医疗AI在医院与基层的规范化落地划定方向。",https://jiankang.cctv.cn/2024/11/15/ARTIWuOqDRLKn9K3dqycAvwY241115.shtml
我国全面推进“人工智能+医疗卫生”应用发展,中国经济网(新华社稿),2025-11-05,政策解读,人工智能+医疗卫生；实施意见；垂直大模型；基层智能辅助；2030目标,"新华社通稿报道,2025年11月4日国家卫健委等五部门公布促进和规范“人工智能+医疗卫生”应用发展的实施意见,提出到2027年形成一批专科垂直大模型与智能体应用,2030年基层诊疗智能辅助基本全覆盖、二级以上医院普遍开展影像智能辅助诊断,并设专章强化数据安全与隐私保护。",https://www.ce.cn/cysc/yy/hydt/202511/t20251105_2559997.shtml
强化“AI诊疗”的法治约束,学习时报,2026-08-11,专家评论,AI诊疗；责任归属；算法透明；线上处方；法治约束,"学习时报评论指出,AI诊疗覆盖基层辅助诊断、智能分导诊、预问诊与处方审核等场景,但责任归属模糊、算法黑箱、数据安全隐患、线上处方违规等问题凸显;主张明确AI辅助定位与医生校验义务,推进算法备案与可解释性,严管线上处方并加强健康医疗数据分类分级保护,为AI诊疗立法监管提供建议。",https://www.studytimes.cn/mzfz/202608/t20260811_90284.html
三部门加强医疗卫生机构网络安全管理,健康报,2022-08-30,政策动态,医疗卫生机构；网络安全管理；数据安全；全生命周期；等级保护,"健康报报道,国家卫健委等三部门印发《医疗卫生机构网络安全管理办法》,要求医疗机构科学定级、新建网络上线前安全测试、信息化项目网络安全预算不低于总预算5%,可运用人工智能、大数据强化监测;同时建立数据安全制度,每年数据风险评估,数据全生命周期活动在境内开展,出境须依法评估。",https://wjw.fujian.gov.cn/xxgk/gzdt/mtbd/202208/t20220830_5984075.htm
2024年全国共追回医保基金275亿元,人民网健康频道,2025-01-17,新闻报道,医保基金；大数据监管模型；智能监管；反欺诈,"人民网报道,国家医保局2025年1月17日发布会披露,2024年全国追回医保基金275亿元,查实欺诈骗保机构2008家;医保部门强化大数据监管,通过“异常住院”“倒卖医保药品”等大数据监管模型与智能监管子系统追回资金数十亿元,AI与大数据成为医保智能审核反欺诈的重要工具。",https://health.people.com.cn/n1/2025/0117/c14739-40404073.html
全面落地大模型应用 温州医科大学附属第一医院未来医院建设进一步提速,央广网,2025-05-06,企业实践,温医大附一院；未来数字医院；大模型；门诊全流程；数字医生,"央广网报道,温医大附一院自2024年8月启动“未来数字医院”建设,依托大模型构建门诊全流程闭环服务,覆盖智能预约、预问诊病史采集、数字陪诊及数字医生分身等,累计服务超180万人次;医院称将持续落地大模型应用并打造多模态智能诊疗体系,是大模型深度进医院的代表案例。",https://www.cnr.cn/tech/techph/20250506/t20250506_527160535.shtml
挂号、候诊、进诊室、写病历……大模型赋能患者和医生,光明网(新华社稿),2024-07-02,企业实践,上海市一医院；AI就医助理；蚂蚁百灵；电子病历；大模型,"新华社客户端报道,上海市第一人民医院上线支付宝“AI就医助理”,以数字人“公济小壹”提供挂号、导航、候诊等陪伴式服务,并引入蚂蚁百灵大模型辅助医生自动生成病历,将病史书写由5至10分钟压缩至15至20秒;医院以万份历史病历微调模型,展示大模型在患者服务与医生减负两端的落地。",https://www.toutiao.com/article/7386809594623836706
张海涛:行走在“难而正确”的路上,健康报,2024-07-02,人物访谈,Med-Go；医学大模型；临床医生；知识图谱；挑战榜,"健康报对话栏目专访同济大学附属东方医院张海涛:其团队2023年5月发布中文垂直医学大模型Med-Go,同年11月登顶中文医疗信息处理挑战榜;他将Med-Go定位为医生“全科智能顾问”,希望助益基层医生,并计划开放底层数据逻辑支持临床科研,展现临床专家主导研发医学大模型的实践。",https://jkb.cn/medicalHumanities/2024/0702/496087.html
ChatGPT取代医生?目标:辅助而非代替,新华网,2023-02-14,人物访谈,ChatGPT；医疗AI；辅助诊断；医生视角；人机协同,"新华网在ChatGPT热潮中采访医生与AI专家:上海十院彭沪试用后认为其给出的意见和诊断较准确,但强调医疗AI目标是辅助而非替代,最终决策须在医生监督下进行;报道同时专访商汤张少霆谈ChatGPT问诊水平,呈现医生对生成式AI介入诊疗的审慎态度与对医疗均质化的期待。",https://www.news.cn/tech/20230214/00410b6dfe1a4927b066491a5ad8c5e8/c.html
"李真林教授:人工智能赋能医学影像,让检查更精准便捷",健康中国(中国网),2023-08-22,专家评论,医学影像；AI质控；华西医院；影像检查；基层医疗,"健康中国报道华西医院李真林教授观点:人工智能可通过深度学习对医学影像自动化分析,辅助医生快速准确识别疾病、提高诊断效率;华西医院正联合研发影像检查辅助决策系统,对扫描体位、成像参数与图像质量实施全流程AI质控,助力基层医院提升影像质量、推动检查结果互认与优质资源下沉。",https://health.china.com.cn/2023-08/22/content_42491231.htm
战略支援部队特色医学中心:新型智能辅助诊断系统在边远地区首次实际应用,中国日报网,2023-11-02,研究报道,乳腺超声；智能辅助诊断；边远地区；基层医疗；临床研究,"中国日报报道,战略支援部队特色医学中心与中科院合作研发乳腺超声图像分割与诊断智能系统,将超声专家判定标准结构化并建立诊断数据库;系统近日在酒泉卫星发射中心医院、额济纳旗人民医院试用,1500例分析中肿瘤定位准确率89%、良恶性诊断准确率87%,为边远基层机构乳腺早筛提供AI方案。",https://www.toutiao.com/article/7296823574294413858
人工智能渐成高校心理健康服务新力量,中国青年报(中青在线),2026-04-24,深度报道,AI心理咨询；高校心理健康；大模型；AI聆心小屋；服务边界,"中国青年报报道,AI心理健康服务走进高校:中央财经大学与清华团队合作的“AI聆心小屋”于2025年11月运行,云南大学等亦有探索;研究显示92.86%参与学生认为AI建议有用,但受访者指出大模型仅相当于新手咨询师,擅长结构化认知行为疗法,难及深层人格成长且缺乏真人交流感,凸显AI心理服务边界。",https://m.cyol.com/gb/articles/2026-04/24/content_WVqKGKSLn3.html
AI技术筑牢心理防线 广医脑科医院联合神州医疗发布“惠爱”精神健康大模型,中国日报网,2025-08-25,企业实践,精神健康大模型；惠爱；心理危机干预；多模态AI；广医脑科,"中国日报网报道,2025年8月24日广州发布国内首个精神健康垂直领域大模型“惠爱”,由广医脑科医院联合神州医疗、华为、中国移动等研发,内嵌AI心理支持、危机干预与自杀风险识别功能,支持24小时精神心理服务,探索以多方协作缓解精神诊疗资源失衡,覆盖筛查、诊断、治疗、康复、预防全流程。",https://cn.chinadaily.com.cn/a/202508/25/WS68ac0c46a3104ba1353fe9a5.html
"医生与AI辅助对决影像诊断,人工智能大会展示医疗AI价值",人民日报健康客户端,2025-07-30,深度报道,WAIC；人机协同；一扫多查；胸部CT；联影智能,"人民日报健康客户端报道,WAIC 2025期间中山医院与联影智能研发的胸部“一扫多查”智能体(可检出肺结节、骨折等73种异常)参与医生分组对决,有AI辅助组在准确性与速度上占优;专家称这是对人机协同的探索:AI可释放人力,但影像医生在诊疗建议与人文关怀上仍不可替代,智能体拟向全国医院推广。",https://www.toutiao.com/article/7532863984324624938
绵竹市人民医院:AI赋能精准医疗,健康报,2025-06-26,企业实践,绵竹市人民医院；AI辅助诊断；影像科；肺结节；县级医院,"健康报报道,四川省绵竹市人民医院放射科AI辅助诊断平台全面投用,实现从辅助阅片到深度赋能:胸部CT中AI自动识别标注微小肺结节,筛查时间缩短近一半;平台对早期肺癌、脑卒中、骨关节损伤等检出敏感度超95%,并可对颅内动脉瘤三维重建、评估破裂风险,内置质控模块提示漏诊误诊风险。",https://jkb.cn/hyfz/yy_hyzx/2025/0626/503918.html
医疗机构接入人工智能的法律审视与应对,健康报,2025-03-17,专家评论,医疗机构；AI接入；法律合规；数据隐私；医疗器械,"健康报发表曹艳林署名文章,以DeepSeek等大模型进医院为背景梳理医疗机构接入AI的法律要点:严守患者数据安全与隐私红线,须取得患者书面同意、加密存储传输并细化访问权限与审计;对可能构成医疗器械的AI诊疗软件须核查注册证与生产许可,严把采购与验收门槛,防范数据与产品责任风险。",https://jkb.com.cn/news/view/2025/0317/501586.html
AI赋能医疗需在规范中行稳致远,健康报,2025-12-17,专家评论,人工智能+医疗卫生；实施意见；华西黉医；数据可用不可见；规范应用,"健康报评论指出,AI已融入诊疗与健康管理全链条,国家卫健委等五部门2025年10月实施意见重在平衡促进与规范;文章以华西医院“华西黉医”大模型在食管癌早筛、精神评估与病历智能生成等场景落地为例,强调应统一医疗数据标准、完善模型评估与伦理审查,落实“可用不可见”,并让医生掌握最终决策权。",https://www.jkb.com.cn/news/view/2025/1217/507859.html
"讯飞医疗香港联交所主板挂牌,上市首日股价收盘涨超5%",央广网,2024-12-30,新闻报道,讯飞医疗；港交所上市；医疗大模型；智医助理；医疗AI,"央广网报道,2024年12月30日分拆自科大讯飞的讯飞医疗在港交所挂牌(02506.HK),成为“医疗大模型第一股”,首日收涨5.07%;招股书显示其2023年收入居中国医疗AI行业第一、份额5.9%,智医助理基层CDSS份额61.5%,募资投向星火医疗大模型升级与商业化。",https://www.cnr.cn/jingji/ycbd/20241230/t20241230_527026207.shtml
海南多举措加快推进数字疗法产业发展,人民网海南频道,2022-10-14,政策动态,数字疗法；海南；全周期支持政策；注册审批；支付探索,"人民网海南报道,2022年10月10日海南省政府办公厅印发《海南省加快推进数字疗法产业发展的若干措施》,系全国乃至全球首个数字疗法全周期支持政策,共21条6部分,覆盖临床科研基地、注册审批绿色通道、推广应用与商保医保支付探索等,目标2-3年内建成“世界数字疗法创新岛”。",https://hi.people.com.cn/n2/2022/1014/c231190-40161152.html
新研究揭示如何用人工智能研发新药,中国科学报(科学网),2024-03-14,研究报道,英矽智能；AI制药；特发性肺纤维化；生成式AI；Nature子刊,"中国科学报据新华社报道,中加等国团队在《自然-生物技术》发表论文,介绍英矽智能利用生成式AI平台Pharma.AI发现靶点并设计特发性肺纤维化候选药物,18个月生成78个候选化合物,研发周期成本大幅下降,药物正于中美开展2a期试验,有望成为靶点与分子均由AI发现并研发成功的首款创新药。",https://news.sciencenet.cn/sbhtmlnews/2024/3/378758.shtm
网商银行发布2024年ESG报告:用AI重构小微服务模式 综合金融已覆盖6851万小微,人民网,2025-05-15,企业实践,网商银行；卫星遥感；智能风控；小微信贷；大雁系统,"人民网报道网商银行发布2024年ESG报告:综合金融累计服务6851万小微户;AI大模型""大雁""系统使小微信用画像效率提升10倍,""大山雀""卫星遥感系统以93%准确率识别16类农作物、为31省181万农户提供信贷;反诈防控保护20.7万用户与28.6亿元资金,体现AI重构小微信贷与农村金融。",https://finance-app.people.cn/n1/2025/0515/c1004-40480570.html
度小满开源千亿参数金融大模型“轩辕“,新华财经,2023-05-26,企业实践,度小满；轩辕；金融大模型；开源；千亿参数,"新华财经报道度小满2023年开源国内首个千亿级中文金融大模型""轩辕"",基于1760亿参数Bloom并加入金融语料训练,在金融名词理解、市场评论、数据分析等任务上优于通用大模型,面向金融机构开放下载,意在降低大模型在金融行业应用门槛,助力银行保险等机构智能化。",https://www.cnfin.com/gs-lb/detail/20230526/3871131_1.html
财险业进入智能理赔时代,中国金融新闻网,2026-03-31,行业观察,财险；智能理赔；AI搭档；人保；车险自动化,"中国金融新闻网据上市财险2025年报称财险业进入""智能理赔时代"":人保AI服务约44亿次、车险自动化处理量超1亿次,太保产险上线全链路AI搭档""灵析""将人工录入压缩至10%以内,平安产险综合成本率降至96.8%的五年来最优,大模型全面渗透销售、核保、理赔、风控各环节并转化为降本成果。",https://www.financialnews.com.cn/m/2026-03/31/content_446285.html
全面加速AI应用!蚂蚁集团在外滩大会连发三款AI新品,中国经济网,2024-09-06,企业实践,蚂蚁集团；蚂小财；支小宝；AI金融管家；智能理财,"中国经济网报道2024外滩大会上蚂蚁集团发布""支小宝""""蚂小财""""AI健康管家""三款AI新品并推出独立AI原生App;AI金融管家""蚂小财""在支付宝内全量对外并上线AI原生理财App,由200家持牌机构提供专业服务,截至8月底月活7000万、45%来自三线及以下城市,推动AI理财普惠下沉。",https://finance.ce.cn/home/jrzq/dc/202409/06/t20240906_39130914.shtml
"大江东|金融科技,服务创新——2024外滩大会观察(下)",人民网上海频道,2024-09-10,企业实践,蚂小财；支小宝；AI原生理财；蚂蚁集团；普惠金融,"人民网上海频道观察2024外滩大会:支付宝发布国内首个服务型AI原生App""支小宝"";蚂蚁升级AI金融管家""蚂小财""并在支付宝内全量上线,称国内首个AI原生理财App,月活7000万、三线及以下城市占45%;蚂蚁称专业服务由持牌机构提供、AI不改变金融本质,让专家式理财走向普惠。",https://sh.people.com.cn/n2/2024/0910/c134768-40972784.html
电算协同发展 机遇挑战并存（圆桌对话）,中国能源报,2024-09-02,专家评论,算电协同；数据中心用电；绿电；枢纽节点,中国能源报刊发“电力算力协同”圆桌对话。信通院李洁指出2023年中国数据中心用电约1500亿千瓦时、占全社会用电1.6%，年增速约15%，政策要求枢纽节点绿电占比超80%。中电联侯文捷称张家口等聚集地数据中心用电占比已达20%左右，给电网带来压力。,https://paper.people.com.cn/zgnyb/html/2024-09/02/content_26079326.htm
我国推动数据中心绿色低碳发展,人民网（新华社稿）,2024-07-23,新闻报道,数据中心；绿色低碳；专项行动计划；PUE；可再生能源,新华社报道，国家发展改革委等四部门印发《数据中心绿色低碳发展专项行动计划》，提出到2025年底全国数据中心上架率不低于60%、平均PUE降至1.5以下、可再生能源利用率年均增长10%，枢纽节点新建数据中心绿电占比超80%。,https://finance.people.com.cn/n1/2024/0723/c1004-40283875.html
AI双刃剑 大厂碳中和路遇“电老虎”,中国经济网,2024-08-05,新闻报道,互联网大厂；数据中心；碳中和；用电量；绿电,中国经济网报道，百度、腾讯、阿里近年用电量快速增长，生成式AI兴起加剧数据中心能耗与碳排放。专家称我国数据中心“东多西少”，与可再生能源分布错配，绿电交易与源网荷储机制仍待完善；2023年全国数据中心平均PUE为1.48。在“双碳”目标与专项行动计划约束下，算力更绿色成为大厂减碳关键。,https://www.ce.cn/xwzx/gnsz/gdxw/202408/05/t20240805_39093254.shtml
水冷服务器使制冷剂成本从堪比茅台降到几块钱一吨 我国算力服务器液冷技术创新提速,央广网,2024-09-29,新闻报道,液冷服务器；水冷；数据中心；PUE；节能,央广网在2024中国算力大会报道，为应对算力指数级增长带来的能耗挑战，我国算力中心加速采用液冷服务器。联想海神温水水冷服务器以水流散热，海南等高温地区也无需空调；相比乙二醇、氟化液等高价制冷剂，水几乎无成本。水冷可使数据中心能源成本降40%、PUE最低降至1.1以内，但工艺复杂、需防漏水短路。,https://www.cnr.cn/jingji/jjgd/20240929/t20240929_526923215.shtml
算力中心液冷黄金时代开启,21世纪经济报道,2024-07-19,新闻报道,液冷；冷板式；算力中心；PUE；AI算力,21世纪经济报道援引信通院报告指出，AI带动芯片与服务器功率持续升级，风冷难满足高密度散热需求，液冷正成为算力中心必选。冷板式液冷使单机柜功率密度从8至10千瓦提升至33千瓦，并将PUE降至1.05至1.2。,https://m.21jingji.com/article/20240719/50641a8a31f8f1bf11f10f8d5f467ad6.html
塞上绿电与算力蓝海的“双向奔赴”,新华社（经腾讯新闻转载）,2026-05-11,新闻报道,宁夏；中卫；数据中心；绿电；源网荷储,新华社报道宁夏依托“东数西算”枢纽节点推进绿色算力与绿电协同。中卫数据中心集群一季度标准机架达25.6万架、算力突破23.13万P，全区信息传输和软件业投资同比增长5.7倍。,https://new.qq.com/rain/a/20260511A070Q700?refer=cp_1009
新华网科技观察丨算电协同（上）：从“概念”到“落地”的加速跑,新华网（经腾讯新闻转载）,2026-07-02,深度报道,算电协同；东数西算；绿电直供；源网荷储；数据中心,新华网科技观察报道算电协同从概念走向落地：国家以“东数西算”规划八大枢纽，引导数据中心布局绿电富集区。内蒙古和林格尔36万千瓦风光电场经专线直供数据中心，绿电占比达43%；乌兰察布全国首个“绿电直连+源网荷储一体化”项目2025年7月投运。,https://new.qq.com/rain/a/20260702A05P3K00?refer=cp_1009
国家电网一项目荣获2025世界人工智能大会最高奖项,新华网,2025-07-28,新闻报道,光明电力大模型；虚拟电厂；需求响应；减碳；新型电力系统,新华网报道，国家电网“AI+光明大模型”项目获2025世界人工智能大会“SAIL之星”，系能源领域唯一入选。该模型支撑国网上海电力构建虚拟电厂调控平台，引导楼宇空调、充换电等用户侧资源参与削峰填谷与秒级需求响应。,https://www.xinhuanet.com/energy/20250728/27f6df7d01f04788a44b627687930ec9/c.html
呼和浩特：围绕“东数西算”布局落子,科技日报（新华网发布）,2026-04-07,新闻报道,东数西算；呼和浩特；和林格尔；绿色算力；绿电直供,科技日报报道呼和浩特围绕“东数西算”布局绿色算力，算力总规模超12.5万P、智能算力占96%。依托2138万千瓦电力装机与凉爽气候，华电风光储电站绿电经41公里专线直供和林格尔数据中心，绿电到户价约0.36元/度，自然冷源每年约6个月无需空调。,https://www.news.cn/liangzi/20260407/89e6cbb9b4554cab9e6be3ce2ba0a928/c.html
两部门发文推进“人工智能+”能源高质量发展,国家能源局网站,2025-09-12,新闻报道,人工智能+能源；算力电力协同；实施意见；能源转型；大模型,国家发展改革委、国家能源局印发《关于推进“人工智能+”能源高质量发展的实施意见》，部署“人工智能+电网”“人工智能+新能源”“人工智能+核电”等八大应用场景，明确37项重点任务。,https://www.nea.gov.cn/20250912/c31a8448ceba4fba9081ee2206abc521/c.html
关于政协十四届全国委员会第三次会议第03669号（工交邮电类563号）提案答复的函,国家发展改革委,2025-11-20,新闻报道,算力与能源融合；算电协同；东数西算；绿电直供,国家发展改革委就“推进算力与能源融合发展”提案答复，披露已会同国家能源局、国家数据局统筹算力与电力协同布局，实施“东数西算”工程，印发《数据中心绿色低碳发展专项行动计划》等文件，并在京津冀、长三角、内蒙古等枢纽及青海、新疆部署算电协同先行先试，围绕绿电直供、多源互补、源荷互动开展探索。,https://www.ndrc.gov.cn/xxgk/jianyitianfuwen/qgzxwytafwgk/202511/t20251120_1401771_ext.html
养老机器人温暖幸福晚年,人民日报海外版,2025-05-06,新闻报道,养老机器人；情感陪伴；国际标准；智慧养老；老年人,"人民日报海外版报道,截至2024年底中国60岁以上人口超3亿。中国牵头制定的世界首个养老机器人国际标准IEC63310发布;深圳、重庆、无锡、北京等地养老院和社区已有洗浴、外骨骼康复、陪伴等多类智能机器人上岗,兼顾起居照料、健康监测、康复训练与情绪价值,智能养老机器人正走近老年人生活。",https://paper.people.com.cn/rmrbhwb/pc/content/202505/06/content_30071278.html
助残科技创新成果集中亮相 “黑科技”点亮残障人士美好生活,央视网,2024-11-30,新闻报道,科技助残；AI透明屏；无障碍交流；视障；辅助器具,"央视网报道,2024年11月30日全国残疾人辅助器具服务平台开通上线,收录辅具产品17641个。同期举办的2024中国国际福祉博览会上,多语种AI透明屏帮助聋人无障碍交流,搭载言语辅助和视觉辅助功能的手机系统服务言语障碍与1700多万视障人士,浙大盲文刻印机、盲文翻译机已广泛试用。",https://news.cctv.com/2024/11/30/ARTIqQMr3Wz9jS92jzxzk84f241130.shtml
已逝明星被“AI复活”引热议 律师:有侵权风险,央视网,2024-03-17,新闻报道,AI复活；肖像权；名誉权；逝者家属；侵权风险,"视频博主用AI技术“复活”已逝明星李玟、乔任梁等引发热议,乔任梁父亲表示未经家属许可、不能接受并希望下架。律师提示,未经许可擅自用AI“复活”已逝明星并传播,可能侵犯死者肖像权和名誉权,亲属可依法维权;网络“AI复活亲人”付费服务也存在隐私泄露等风险。",https://news.cctv.cn/2024/03/17/ARTIYbDIy6iFBUEpBM2WWb0x240317.shtml
小学生沉迷“外国山海经”每天念咒语——AI魔改乱象调查,新华网,2025-11-18,深度报道,AI魔改；未成年人；邪典视频；外国山海经；豆包未成年人模式,"新华网转发法治日报调查:AI生成的“外国山海经”怪异形象在小学生中流行,其中夹杂暴力血腥内容,部分AI魔改被做成盲盒等商品;调查显示超六成未成年人使用过AI。字节跳动旗下豆包已于2025年8月26日上线未成年人保护模式,关闭推荐、第三方网页及创作等功能。",https://www.news.cn/politics/20251118/14d36972c3ae405b89f981cd8eaff638/c.html
聚焦“共铸诚信 提振消费”2025年“3·15”晚会成功播出,央视网,2025-03-16,新闻报道,315晚会；AI外呼；骚扰电话；虚拟运营商；个人信息窃取,"2025年央视3·15晚会曝光骚扰电话黑色产业链:智优擎、沃创云等公司用AI智能语音机器人每天拨打大量营销电话,从虚拟运营商购“小号”并“打显”伪装本地号,还通过大数据获客系统窃取用户浏览记录等信息;晚会后相关企业被连夜查处,工信部责令关停涉事线路并清理违法外呼软件信息。",https://news.cctv.com/2025/03/16/ARTIjDYgnI7KZjHHO02mY3uX250316.shtml
北京:数智化改革下12345数据赋能基层治理,新华网,2024-08-10,新闻报道,12345热线；大模型；智能派单；接诉即办；基层治理,"新华网报道,北京12345热线深化数智化改革,700余名话务员通过语音转写、地图辅助等工具实现从接听到派单最快1分钟;大模型聚焦智能派单、分类、摘要和提示等受理环节,并对诉求人、承办单位做数据画像,推动热线从“窗口”向“窗口+智库”转型,以民生大数据支撑城市治理。",https://www.bj.news.cn/20240810/f051ca0745464766b117f075e964b6f1/c.html
12345:上海城市治理“总客服”,新华网,2025-05-11,新闻报道,12345热线；大模型智能专席；智能派单；未诉先办；城市治理,"新华社报道,上海12345热线设80多个“大模型智能专席”,AI实时将通话转写并自动填单、推荐派单单位;2024年需转派工单约439.4万个,其中智能派单406.8万个、占比92.58%、准确率超90%。热线还运用大模型和数据分析做汛期风险点梳理、寒潮防范等预警预判,推动“未诉先办”。",https://lw.xinhuanet.com/20250511/0965002ab3ae4475835f193ab0386bb5/c.html
社工身边来了“新同事”,人民网,2026-06-05,新闻报道,AI社工；人机协同；基层治理；24小时在线；余杭AI社工助手,"人民网报道,北京海淀八家社区2024年8月起启用AI社工,24小时在线秒级回应居民医保、养老等咨询,线上响应及时率提升至95%;杭州余杭区“AI社工助手”生成社会治理数据分析报告,事件整体闭环率达98.8%。专家指出AI社工能扩大服务覆盖面,但在复杂矛盾调解、共情关怀上仍需真人社工。",https://finance.people.com.cn/n1/2026/0605/c1004-40734236.html
专家解读《个人信息保护法》:构筑新时代个人信息权益保护的安全防护网,中央网信办(中国网信网),2021-09-08,政策解读,个人信息保护法；人脸识别；自动化决策；敏感个人信息；AI新应用,"北航法学院副教授赵精武在个保法施行前撰文解读:该法2021年11月1日起施行,与网络安全法、数据安全法等共同构成个人信息保护法治体系;法律确立合法正当必要诚信原则,并明确由网信部门统筹推进人脸识别、人工智能等新技术新应用领域的个人信息保护规则和标准制定。",https://www.cac.gov.cn/2021-09/08/c_1632692967516943.htm
个人信息保护法是把“安全锁”,新华社(新华网),2021-11-03,新闻报道,个人信息保护法；大数据杀熟；刷脸；自动化决策；隐私保护,"新华社评论指出,个人信息保护法11月1日施行,是我国首部专门针对个人信息保护的法律。评论强调该法禁止平台“大数据杀熟”,规范公共场所“刷脸”,限制“一揽子授权”“强制同意”,与民法典无缝衔接,使个人信息保护的“法治之网”更加紧密。",https://www.xinhuanet.com/2021-11/03/c_1128024559.htm
“十四五”机器人产业发展规划公布:到2025年我国成为全球机器人技术创新策源地,央广网,2021-12-28,新闻报道,机器人产业；十四五规划；智能制造；机器人密度；机器人+应用,"工信部等十五部门2021年12月28日联合印发《“十四五”机器人产业发展规划》,提出到2025年我国成为全球机器人技术创新策源地、高端制造集聚地和集成应用新高地,营业收入年均增速超20%,并通过四大行动推动机器人与人工智能等技术融合、拓展“机器人+”应用。",https://m.cnr.cn/tech/20211228/t20211228_525700532.html
四部门:用户可选择关闭算法推荐服务,人民网,2022-01-04,新闻报道,算法推荐；关闭算法推荐；算法知情权；算法选择权；网信办,"人民网报道四部门联合发布《互联网信息服务算法推荐管理规定》,针对算法歧视、“大数据杀熟”、诱导沉迷等问题作出规范,明确用户可关闭算法推荐服务,强调算法推荐服务提供者应坚持主流价值导向并保障用户知情权、选择权等权益。",https://finance.people.com.cn/n1/2022/0104/c1004-32323699.html
第六届世界智能大会在天津开幕,央视网,2022-06-24,新闻报道,世界智能大会；天津；智能制造；云上办会；数字经济,"央视报道第六届世界智能大会6月24日在天津开幕,主题为“智能新时代:数字赋能 智赢未来”,采用“会展赛+智能体验”四位一体云端办会模式,设两场高峰会、28场平行论坛及256家单位参与的云上智能展,聚焦人工智能与制造、数字经济的融合。",https://news.cctv.com/2022/06/24/ARTIubXnj1RdxocboqophqD4220624.shtml
新华全媒+丨以“智变”引“质变”——第六届世界智能大会释放的行业信号,新华社(新华网),2022-06-25,新闻报道,世界智能大会；AI核心产业规模；智能制造；虚拟电厂；产业信号,"新华社报道第六届世界智能大会释放的行业信号:人工智能核心产业规模已超4000亿元、企业超3000家;周济等院士强调AI推动先进制造业与现代服务业深度融合,大会展示智能收面机器人、虚拟电厂、智慧管片等AI赋能实体经济的落地案例。",https://www.xinhuanet.com/2022-06/25/c_1128774767.htm
科技部首批支持建设十个人工智能示范应用场景,新华网(据经济参考报),2022-08-16,新闻报道,人工智能示范应用场景；智慧农场；智能诊疗；自动驾驶；AI行业应用,"科技部2022年8月15日公布首批支持建设的十个人工智能示范应用场景,覆盖农业、港口、矿山、工厂、家居、教育、自动驾驶、诊疗、法院、供应链等十个行业,推动可复制、可推广的标杆性场景建设,促进AI与实体经济融合及稳经济。",https://www.xinhuanet.com/techpro/20220816/2eda8958521d4ab896c274390ea3bd05/c.html
深圳智能网联车地方法规1日施行 促新兴产业规范发展,新华社(新华网),2022-08-02,新闻报道,深圳；智能网联汽车管理条例；自动驾驶；事故责任；AI立法,"新华社报道,全国首部智能网联汽车管理法规《深圳经济特区智能网联汽车管理条例》8月1日起施行,对测试、准入登记、使用管理、事故处理等全链条立法,首次明确无驾驶人事故责任由车辆所有人、管理人承担;专家称其实现从“围绕人类驾驶员的法规”向“围绕机器驾驶员的法规”的转变。",https://www.news.cn/auto/20220802/ca9a76e68a0c4ff381b4b39929509f1a/c.html
新华全媒丨赋能百业 走进千家——2022世界人工智能大会透视,新华社(新华网),2022-09-02,新闻报道,世界人工智能大会；AI赋能百业；数字孪生；多模态大模型；实体经济,"新华社通过WAIC2022透视AI产业:从数字孪生特钢工厂、无人船到手术机器人、隐私计算与多模态大模型,AI深入传统行业痛点;报道强调紧抓场景创新,推动AI与实体经济形成融合新模式,发挥“头雁效应”带动高质量发展。",https://www.news.cn/fortune/2022-09/02/c_1128972302.htm
打造虚实融合参会“元”体验!2022世界人工智能大会开幕,人民网上海频道,2022-09-01,新闻报道,SAIL奖；紫东太初；三模态大模型；手术机器人；WAIC2022,"人民网报道2022世界人工智能大会开幕式揭晓最高荣誉SAIL奖,中科院自动化所三模态大模型“紫东太初”、微创手术机器人、壁仞BR100 AI芯片等获奖;大会以“智联世界 元生无界”为主题,发布元宇宙应用场景,展现AI与元宇宙融合下的产业新赛道与治理新议题。",https://sh.people.com.cn/n2/2022/0901/c134768-40106392.html
上海出台人工智能领域首部省级地方法规 10月1日起施行,央广网,2022-09-23,政策动态,上海市促进人工智能产业发展条例；省级地方法规；算力算法数据；伦理专家委员会；沙盒监管,"央广网报道上海2022年9月22日表决通过《上海市促进人工智能产业发展条例》,10月1日施行,系全国首部人工智能领域省级地方法规,共6章72条,覆盖算力、算法、数据等要素与产业促进、应用赋能、治理安全,并设人工智能伦理专家委员会,探索分级治理和沙盒监管。",https://news.cnr.cn/native/gd/20220923/t20220923_526018193.shtml
"零门槛,AI绘画要抢画师饭碗?",央广网,2022-10-29,新闻报道,AI绘画；画师就业；版权归属；文心一格；AI绘图元年,"央广网报道AI绘画热度与争议:国内外平台涌现,小红书、抖音等平台相关内容火热,有人靠出售AI画作与关键词变现;多位画师认为AI目前难以替代人工,但AI绘画版权归属在我国法律体系中尚属空白,深度合成管理规定征求意见稿被视为相关立法先声。",https://edu.cnr.cn/sy/sytjB/20221029/t20221029_526045111.shtml
专家解读规范深度合成服务 营造风清气正的网络空间,中央网信办(中国网信网),2022-12-12,政策解读,深度合成管理规定；算法治理；显著标识；AI换脸；专家解读,"中国政法大学副校长时建中解读:国家网信办等三部门2022年11月25日发布《互联网信息服务深度合成管理规定》,对智能对话、合成人声、人脸生成等深度合成服务全面立规,首次确立隐式与显著标识制度,要求压实提供者与技术支持者责任,促进技术向上向善。",https://www.cac.gov.cn/2022-12/12/c_1672217053955777.htm
图灵奖获得者、中国科学院院士姚期智接受《环球时报》专访:AI治理要注重国际协同合作,环球时报,2024-06-29,人物访谈,姚期智；环球时报；AI治理；人才培养；清华人工智能学院,"图灵奖得主、清华人工智能学院首任院长姚期智接受《环球时报》专访,观点认为中国AI发展须加快突破以赢得主动权,应聚焦未来自主培养顶尖人才;中国在AI应用上居世界前列,但理论突破与原始创新尚未汇聚成流,并谈及AI安全风险管理的国际合作。",https://www.toutiao.com/article/7385690410275832330
AI发展热潮下需要哪些冷思考?中国科学院院士姚期智这样回答,中国新闻网,2025-03-23,专家评论,姚期智；AI安全；AI幻觉；基础研究；2025国际基础科学大会,"姚期智院士在2025国际基础科学大会发布会后受访表示,AI前沿研究更像实验科学,须加强理论探索以理解其原理;应更多关注AI幻觉等安全风险,且AI发展与安全并非对立而是合二为一,设计出最安全的AI技术就能赢得市场。",https://www.163.com/dy/article/JRB8M2750514R9OJ.html
"从模仿走向推理 姚期智在沪谈具身智能""四大期许""",中国新闻网,2025-12-14,专家评论,姚期智；具身智能；上海；机器人；推理,"姚期智院士在2025全球开发者先锋大会上就具身智能提出'四大期许'观点:从模仿走向推理、从数据匮乏走向数据飞跃、从局部技能走向全身协同、从各说各话走向统一评测,并强调建立开放机制与安全规范。",https://news.china.com.cn/2025-12/14/content_118226984.shtml
"鹏城实验室主任高文院士:AI科学家获诺奖,提醒我们重视科学大赛",人民日报,2024-10-16,人物访谈,高文；鹏城实验室；诺贝尔奖；科学大赛；AI科学家,"鹏城实验室网站转载《人民日报》专访。高文院士就AI科学家获诺贝尔奖发表观点:诺奖向人工智能倾斜很正常,是一种'指挥棒';两个诺奖都与ImageNet、CASP等科学大赛密切相关,提醒应鼓励年轻学者参与科学大赛以增长才干。",https://pcl.ac.cn/html/1036/2024-10-16/content-4513.html
"弘扬科学家精神·对话|《人民日报》专访高文主任 ""让算力的使用像电力一样便捷""",人民日报,2025-08-08,人物访谈,高文；算力网；鹏城云脑；AVS；人民日报,"《人民日报》'弘扬科学家精神·对话'栏目专访高文院士。高文观点认为算力将成为像电力一样的基础设施,他介绍鹏城云脑Ⅱ/Ⅲ与中国算力网建设进展及AVS音视频标准的产业化应用,强调科研要服务国家战略与民生。",https://pcl.ac.cn/html/943/2025-08-08/content-4617.html
首届中国大模型大会在北京举行,人民网,2024-06-20,专家评论,高文；方滨兴；大模型大会；多模态；中文底座,"首届中国大模型大会特邀报告汇集多位院士观点:高文认为大模型正从语言大模型走向多模态,中国需要承载中文语料与文明传承的自有大模型底座;方滨兴指出需构建大模型价值管理模式以应对价值观对齐难题。",https://finance-app.people.cn/n1/2024/0620/c1004-40260827.html
"曾毅:在人工智能发展过程中,没有任何一个国家和地区能够独善其身",光明网,2024-09-09,专家评论,曾毅；AI安全；国际合作；伦理治理；第一性原理,"光明网刊发中科院自动化所人工智能伦理与治理中心主任曾毅在世界互联网大会研讨会上的发言。曾毅观点认为,应让安全成为AI发展的第一性原理,将风险应对从反应式转向主动式;没有任何国家能独善其身,国际合作是全球AI安全治理的唯一途径。",https://www.toutiao.com/article/7412620645353161228
"""人工智能的下一轮机遇:从'处理'变成真正的'理解'""",澎湃新闻,2024-09-06,人物访谈,曾毅；偏见；理解；智能鸿沟；外滩大会,"澎湃等媒体在外滩大会采访曾毅。曾毅观点认为,AI将长期停留在工具阶段,从'处理'到真正'理解'才是下一轮机遇;数据与算法会放大人类偏见,若处理不当将扩大智能鸿沟,须负责任地研发使用AI。",https://news.qq.com/rain/a/20240906A0590U00
周鸿祎:大模型给互联网产业带来新的革命性机会,中国证券报·中证网,2024-07-09,专家评论,周鸿祎；大模型；互联网；工业革命；360,"2024中国互联网大会上,360创始人周鸿祎提出观点:大模型将掀起新一轮工业革命并重塑所有互联网应用;大模型不是操作系统而是数字化的重要组件,赛道宽阔,传统企业与创业者均有参与机会。",https://cs.com.cn/ssgs/gsxw/202407/t20240709_6423348.html
"周鸿祎谈AI大模型:要从全能""原子弹""变成可消费的""茶叶蛋""",中新经纬,2024-07-02,专家评论,周鸿祎；专小高能；专业大模型；OpenAI；新质生产力,"周鸿祎在2024全球数字经济大会上提出观点:应把大模型拉下神坛,走'专小高能'路线,做企业和政府用得起的专业大模型,而非追求OpenAI式的全能'原子弹';未来一定是多个专业大模型组合工作,赋能百行千业。",https://news.qq.com/rain/a/20240702A071WV00
"李彦宏:""超级能干""的应用比10亿DAU的""超级应用""更重要",央广网,2024-07-04,专家评论,李彦宏；超级应用；智能体；开源闭源；卷应用,"李彦宏在2024世界人工智能大会提出观点:AI时代应追求'超级能干'的应用而非10亿DAU的超级应用,智能体是最看好的应用方向;开源模型不适合多数商业场景,没有应用的基础模型一文不值。",https://www.cnr.cn/tech/techph/20240704/t20240704_526777823.shtml
"李彦宏现身法国科技大会,谈应用驱动中国AI快速发展",中国网,2024-05-23,人物访谈,李彦宏；VivaTech；超级应用；PMF；应用驱动,"李彦宏在法国VivaTech与莫里斯·列维对谈,观点认为中国AI与西方最大区别在应用,应用驱动中国AI快速发展;与其关注GPT-5,更应关注能充分利用大模型能力的应用形态,超级应用形态尚不确定。",https://www.toutiao.com/article/7372099077292540470
"2024智源大会聚焦AGI,大模型四小龙共话AGI",中国青年网,2024-06-20,专家评论,王小川；智源大会；AGI；圆桌；Scaling Law,"2024智源大会'四小龙'CEO圆桌报道显示:王小川观点认为大模型是通往AGI的基石但仅靠Scaling Law无法实现AGI,需新范式,并以能否创造AI医生检验AGI;张鹏、杨植麟分别阐述对AGI的理解。",https://d.youth.cn/xw360/202406/t20240620_15325517.htm
清华大学张亚勤:大模型应分级监管 一边发展一边治理,中国新闻网,2024-03-25,专家评论,张亚勤；分级监管；AI标识；红线；大模型风险,"中国发展高层论坛2024上,清华智能产业研究院院长张亚勤院士提出观点:大模型向多模态、自主智能、物理世界等方向发展,应一边发展一边治理,通过AI产物标识、主体映射注册、分级监管、加大风险研究投入和划定红线来防控风险。",https://news.qq.com/rain/a/20240325A08BI600
李开复:AI 2.0 引领产业变革 AI-First 应用将迎爆发,新华网,2025-03-31,专家评论,李开复；AI-first；零一万物；DeepSeek；中关村论坛,"李开复在2025中关村论坛年会发表观点:推理成本年降十倍,2025年将成AI-first应用爆发元年;预训练规模效应趋缓而推理'慢思考'展现新潜力,并称DeepSeek完成了关键的市场教育。",https://www.xinhuanet.com/enterprise/20250331/944b3738b372412cacecdd8f3a18a79d/c.html
"李开复:AI将成为超级员工,智能体是CEO最需关注的核心技术",澎湃新闻,2025-09-26,人物访谈,李开复；智能体；超级员工；企业AI；一把手工程,"李开复在华东数智大会及随后的澎湃采访中提出观点:Agent将重塑企业组织,形成'超级员工'模式;企业应为增长而非为AI而AI,部署智能体需要AI公司与传统企业'一把手'工程式合作。",https://www.toutiao.com/article/7554173418086662671
【百家民企说】刘庆峰:大模型等人工智能技术将重塑产业全球竞争力,中新经纬,2024-03-05,专家评论,刘庆峰；通用人工智能；底座大模型；两会建议；自主可控,"全国两会期间科大讯飞董事长刘庆峰接受中新经纬采访提出观点:大模型将重塑产业全球竞争力,建议制定国家《通用人工智能发展规划》,聚焦自主可控底座大模型主战场,正视差距、举国体制下加快追赶。",https://www.toutiao.com/article/7342814536317157899
清华大学苏世民书院院长薛澜:人工智能的风险防范和治理面临五方面挑战,中国新闻网,2024-03-26,专家评论,薛澜；治理挑战；敏捷治理；发展高层论坛；中美合作,"薛澜在中国发展高层论坛2024上提出观点:AI风险治理面临步调不一致、信息不对称、成本不对称、全球机制复合体、地缘政治五方面挑战,建议敏捷治理、鼓励企业自我规制并加强中美合作。",https://cn.chinadaily.com.cn/a/202403/26/WS66025f8ca3109f7860dd6fc7.html
"中国工程院院士潘云鹤:人工智能将瞄准""创造""",中国新闻网,2024-09-06,专家评论,潘云鹤；AIGC；创造；人工智能2.0；文化产业,"潘云鹤院士在宁波智博会发表主旨演讲,观点认为AI正从推理、行动走向识别与生成,生成是创造的基础,未来AI将瞄准'创造';AIGC与中国文化两股大潮叠加将引发文化产业巨变。",https://www.chinanews.com/cj/2024/09-06/10281680.shtml
"中国规范生成式人工智能服务,专家学者怎么看?",光明网,2023-07-21,专家评论,生成式人工智能办法；杨建军；辛勇飞；许可；监管,光明网汇集专家对《生成式人工智能服务管理暂行办法》的解读:杨建军称其为国际上首部专门立法;辛勇飞认为其构建精细化治理体系并兼顾发展与安全;许可期待其为后续立法积累中国经验、贡献中国智慧。,https://m.gmw.cn/gmsogh/202307/21/36713327.html
我国首份生成式人工智能监管性文件正式实施,人民网,2023-08-16,专家评论,生成式人工智能办法；邬江兴；内生安全；周鸿祎；实施,"人民网报道《生成式人工智能服务管理暂行办法》实施及专家观点:邬江兴院士指出大模型存在黑箱不可解释、过度依赖样本等内生安全问题;周鸿祎认为大模型是双刃剑,新规为从业者提供了信心与保障。",https://m.people.cn/n4/2023/0816/c3626-20721409.html
深入实施“人工智能+”行动 工业大模型加快落地,央视网,2025-09-02,新闻报道,人工智能+；工业大模型；流程工业；智能工厂；数据联盟,"国务院印发“人工智能+”行动意见后,面向工业制造的大模型相继发布,在陕西榆林化工企业等场景实时预警优化设备运行;同期130余家行业头部企业、设计院成立“工业AI数据联盟”,推动工业数据场景化、规模化应用与服务共享。",https://big5.cctv.com/gate/big5/jingji.cctv.cn/2025/09/02/ARTIlgfPM2QTFtvewYznFh95250902.shtml
人工智能+制造扎实推进 产业大模型成工业转型升级新引擎,中国日报网,2025-12-31,企业实践,产业大模型；水泥；数智院；端到端；降本增效,"安徽数智建材研究院“晓妙”产业大模型融合数据、机理与业务模型,已在数十家工厂实现生产制造实时闭环控制与经营决策端到端优化。2025年累计服务工厂突破100家,为每家工厂水泥吨成本平均降低2元,创造亿元级经济效益。",https://caijing.chinadaily.com.cn/a/202512/31/WS6954d5cea310942cc4999a49.html
AI大模型“垂直发力” 深度挖潜行业应用,央视网,2025-05-06,行业观察,垂直大模型；服装设计；炭黑；质量检测；降本增效,"大模型瞄准垂直行业应用,与电子、原材料、消费品深度融合。浙江嘉溢制衣用大模型数秒生成设计图、设计和制版周期缩短80%;黑猫集团将老师傅经验转化为知识图谱,炭黑合格率由82%升至94%,推动细分场景降本增效。",https://big5.cctv.com/gate/big5/business.cctv.cn/2025/05/06/ARTIYKC1VnbCYGnKvkNgNTuY250506.shtml
无人驾驶武汉经验助力“聪明车”驶向全世界,中国青年网,2025-11-20,行业观察,萝卜快跑；Robotaxi；武汉；无人驾驶；商业化,"萝卜快跑每周全无人订单超25万、全球出行服务超1700万次居首。武汉率先发布全无人驾驶商业化试点政策,开放测试道路3829公里、辐射人口770万,成为全球最大自动驾驶出行服务区,并基于武汉经验走向海外。",https://auto.youth.cn/xw/202511/t20251120_16360699.htm
萝卜快跑周全无人订单超25万 累计服务超1700万次 位居全球Robotaxi榜首,新华网,2025-11-14,新闻报道,萝卜快跑；Robotaxi；无人驾驶；百度；商业化,"百度李彦宏在百度世界2025大会表示,萝卜快跑每周全无人订单超25万、全球出行服务超1700万次居全球第一;已落地北京、上海、武汉、深圳、香港、迪拜、阿布扎比等22城,全球自动驾驶总里程破2.4亿公里,全无人达1.4亿公里。",https://www.news.cn/auto/20251114/3ca1dec732954d60a27e94c8b0daa9b3/c.html
"从示范到运营,国内自动驾驶驶入深水区",中工网,2026-01-14,深度报道,Robotaxi；自动驾驶；规模化运营；萝卜快跑；商业化,"2025年中国自动驾驶驶向规模化商业运营深水区,Robotaxi在北京、上海、深圳、武汉等实现跨区联通与全天候服务。但单车收入仍难覆盖硬件、运维与安全员成本,规模化盈利尚待突破,头部玩家转向运营密度精耕细作。",https://www.workercn.cn/c/2026-01-14/8708422.shtml
机器人的新工作——2025年人形机器人从“上舞台”到“下工厂”,新华网,2025-12-23,深度报道,人形机器人；具身智能；工厂；量产；工业场景,"2025年人形机器人从舞台走向工厂,福田康明斯、美的荆州工厂等已部署机器人分拣搬运;智元第5000台通用具身机器人量产下线,优必选Walker S2开启量产交付。但多数仍处小规模单点试验,尚未实现规模化岗位替代。",https://www.news.cn/tech/20251223/db844cddfe3949f6a5eef770f84ade8e/c.html
AI重塑客服业 人机协作成未来趋势,中国工信新闻网,2025-12-11,行业观察,智能客服；人机协作；大模型；Agent；客服行业,"Gartner调查显示仅20%客服主管因AI削减团队,超半数在人力持平下服务更大客户群;42%招募AI战略师等新岗。行业从“替代人力”转向“增强人力”,预计2027年约半数组织放弃纯无人化AI,分级应答成标配。",https://www.cnii.com.cn/rmydb/202512/t20251211_702166.html
"财米油盐丨AI客服规模激增,信息服务如何让人更舒心?",山东省发改委,2026-05-25,新闻报道,AI客服；信息服务；国家标准；算力；用户体验,"针对“答非所问”“转人工难”等痛点,市场监管总局发布客服虚拟数字人国标,要求语音响应不超2秒、语义理解正确率不低于85%。2025年软件信息技术服务业营收达15.48万亿元,AI客服需在效率下限与人工温度间平衡。",http://fgw.shandong.gov.cn/art/2026/5/25/art_91665_10489708.html
从“人机协同”向“自主执行”跃迁 AI智能体L4级商用落地,数字中国建设峰会,2025-08-08,行业观察,智能体；L4；Agent；自主执行；企业降本,"2025年AI智能体加速突破实验室,360周鸿祎指出智能体迈入L4级。百度数字员工覆盖招聘、营销等场景,360安全智能体发现威胁速度提升10倍、复盘报告效率提升72倍,成为企业降本增效的关键引擎。",https://www.digitalchina.gov.cn/2025/xwzx/szkx/202508/t20250808_5059128.htm
从科学研究、产业发展到民生福祉、社会治理 智能体融入千行百业,新华网,2026-05-20,行业观察,智能体；千行百业；企业级；市场规模；治理,"2025年中国企业级智能体市场规模突破232亿元,年复合增长率120%。智能体从“问答助手”变为能独立交付结果的“数字员工”,渗透电信、制造、金融、政务、能源等行业;三部门印发实施意见统筹安全、可靠、可信。",https://www.xinhuanet.com/tech/20260520/9a1e3c948fd14fb9ab3e6f0fde1a05ba/c.html
与时俱进 创新创效 运营商企业管理加速迈入AI时代,西藏网信网,2025-06-13,企业实践,AI办公；智慧办公；运营商；数字员工；网络运维,"桂林电信以AI大模型自研“智慧综合办公系统”,实现九大专业子系统一键贯通,业务处理效率提升60%以上;潍坊联通将“数字员工”引入网络运维,构建AI预警闭环管理体系,令网络运维效率实现质的飞跃。",https://wxb.xzdw.gov.cn/wlcb/cbgz/202506/t20250613_578618.html
AI智能体应用从技术探索迈向场景深耕,吉林省人民政府发展研究中心,2025-07-30,行业观察,智能体；场景落地；客服；营销；城市超级智能体,"智能体正从技术验证迈向规模化落地,渗透电信、制造、金融、政务、能源等行业。中国信通院指出2025年是智能体大规模商业化关键节点,客服、营销、办公等规则性强场景率先实现自动化精准处理。",https://fzzx.jl.gov.cn/gzdt/yjdt/202507/t20250730_9291406.html
国产大模型大变局:从“百模大战”到“基模五强”,新华网,2025-05-13,行业观察,大模型；百模大战；基模五强；DeepSeek；价格战,"DeepSeek以“GPT-4级性能+十分之一算力成本”打破原有“六小虎”格局,市场加速收敛至字节、阿里、阶跃、智谱、DeepSeek的“基模五强”,行业从无序扩张转向智能上限突破与多模态融合的“新战场”。",https://www.news.cn/app/20250513/3d5a084d97434cf39eeeb98079a03f08/c.html
全国首个AI广告生态联盟落地徐汇 激活广告业新质生产力,上海市人民政府,2025-06-20,企业实践,AIGC；广告；AI广告；生态联盟；aiDEA,"上海徐汇发布全国首个AI广告生态联盟及一站式平台aiDEA,内置通用Agent可自主执行行业调研、创意构思、视觉设计等全流程,效率较人工提升5至15倍,并降低MaaS算力门槛,激活广告业新质生产力。",https://www.sh.gov.cn/nw15343/20250620/187e07895541410986396f72a0f4386b.html
小时级→分钟级 “人工智能+”驱动港口智慧转型 AI赋能世界一流海洋港口建设,央视网,2025-09-27,新闻报道,智慧港口；人工智能+；青岛港；智能调度；大模型,"《“人工智能+交通运输”实施意见》聚焦港口智能化。青岛港推进20多个数据模型及应用,智能通关快速匹配税码,作业计划由小时级缩至分钟级,码头库场综合利用率提升15%,并向全域码头智能体推进。",https://news.cctv.com/2025/09/27/ARTINg1frbPm72LjFFVsGi7H250927.shtml
把新发展理念融入物流大通道建设 长江上游首个“双四星”港口的绿色智慧蝶变,新华网重庆,2025-09-24,行业观察,智慧港口；果园港；无人集卡；绿色；远程操控,"重庆果园港获评长江上游首个“四星级智慧港口”,落地TOS、无人集卡、远控场桥等八大智慧场景。无人驾驶集卡日均作业240标箱,1名司机可操控多台场桥,日作业时长由18小时提升至24小时,实现绿色智慧双跃升。",http://www.cq.xinhuanet.com.cn/20250924/e8b05e4f5cc14f58957433df69307bca/c.html
"全国科普月邀你走进唐山港,看智慧化转型的蝶变",唐山市港航管理局,2025-09-30,行业观察,唐山港；智慧港口；无人集卡；机器狗；数字孪生,"唐山港借力物联网、人工智能与数字孪生重塑作业:无人集卡无隔离混行、双小车岸桥效率认证、机器狗巡检、无人机盘垛、智慧生态机器人抑尘,并接入DeepSeek优化疏港调度,提供可复制的“唐山方案”。",https://hykaghj.tangshan.gov.cn/hykaghj/hhdt/20250930/1638396.html
破解安全、预测、协同难题 “擎源”发电大模型初现成效,新华网,2025-07-07,行业观察,擎源；发电大模型；国家能源集团；智能体；电力交易,"国家能源集团发布千亿级“擎源”发电大模型,融合多维数据,在安全环保、电力交易、产调中枢、设备检修四大领域部署41个智能体。火电厂安全评价由14名专家一周缩至1天,节点电价预测精度提升6.2%。",https://www.news.cn/fortune/20250707/57baed8d30324fa2b2d6684f5d8b45a2/c.html
罗盛咨询出席中国公司治理50人论坛第六届主题论坛:AI浪潮下的董事会角色和治理挑战,中国日报网,2025-12-26,专家评论,公司治理；董事会；AI战略；技能瓶颈；调研,"罗盛咨询基于全球约1500名高管调研指出,2025年已实施AI企业比例由8%升至19%,86%在AI战略取得进展,但仅约20%认为组织具备转型能力,58%视技能缺失为最大落地障碍,董事会角色待演进。",https://cnews.chinadaily.com.cn/a/202512/26/WS694e4f03a310942cc4998d18.html
瞭望·治国理政纪事丨做好人工智能“年轻的事业”,新华网,2026-04-25,政策解读,人工智能治理；合规；上海；大模型备案；全球治理,"上海累计完成157款大模型备案,设线下合规指导中心;徐汇区检察院发布生成式AI刑事案件取证审查指引。商汤、稀宇等探索技术治理并行,并推进金砖国家AI中心等国际合作,积极参与全球AI治理。",https://www.xhnet.com/20260425/b84f6b1874b24bffa38cbece83c0219c/c.html
AI时代的企业困局与破局之道:从战略迷茫到价值重构,中国日报网,2025-12-12,深度报道,企业转型；AI战略；数据安全；组织人才；价值重构,"文章指出超58%企业缺乏清晰AI转型战略,仅28%实现模型生产级部署,92%中国企业曾遇AI安全事件。破局需构建“战略-技术-安全-组织”协同体系,以场景为核心、合规为底线实现价值重构。",https://caijing.chinadaily.com.cn/a/202512/12/WS693ba877a310942cc49964c7.html
"AI驱动公司治理升维,数据治理、算法治理成新命题",中国新闻网四川,2025-12-24,行业观察,公司治理；数据治理；算法治理；董事会；中小企业,"专家认为AI正重构公司治理边界,数据治理、算法治理成新命题;借助AI可将行业研究由多人压缩至20分钟出报告。中小企业需精准定位、善用杠杆,组织架构扁平化重构是AI重塑治理的重要落地体现。",https://www.sc.chinanews.com/shouye/2025-12-24/238894.html
"翻车了!这条""新闻""是ChatGPT写的,警方已介入",中青在线,2023-02-17,新闻报道,ChatGPT；虚假新闻；警方介入；深度合成；谣言治理,据中青在线2023年2月报道，一则由ChatGPT生成的“杭州市取消机动车尾号限行”虚假“新闻稿”在网络流传，杭州警方证实消息不实并介入调查。事件成为国内较早的生成式AI编造政务谣言被追责案例，凸显深度合成内容治理需求。,https://m.cyol.com/gb/articles/2023-02/17/content_lboaVatWRO.html
"女子地铁内""裸照""被疯传?怒了!没人管得了这种恶行吗?!",光明网,2023-03-29,风险事件,深度伪造；一键脱衣；造黄谣；隐私侵害；刑事追责,据光明网2023年3月报道，广州地铁一名女博主日常照片被用AI“一键脱衣”生成裸照在网络上疯传，引发公愤。警方介入处理。事件反映AI深度伪造技术被用于针对女性的数字性暴力与名誉侵害，社会呼吁强化追责。,https://m.gmw.cn/2023-03/29/content_1303323688.htm
AI已经开始诈骗了!有人10分钟被骗430万元,光明网,2023-05-23,新闻报道,AI换脸；诈骗；冒充熟人；电信诈骗；紧急止付,据光明网引平安包头通报，2023年5月内蒙古包头警方披露一起AI换脸电信诈骗案：福州某公司法人代表在视频通话中被AI换脸冒充的“熟人”骗取430万元，警方联动紧急止付300余万元。事件引发对深度伪造诈骗的广泛警示。,https://m.gmw.cn/2023-05/23/content_1303381785.htm
"电诈圈""引进""AI 你眼见耳听的未必是真",新华网(山西),2023-09-15,新闻报道,AI拟声；声音克隆；电信诈骗；冒充亲人；太原,据新华网（山西）2023年9月报道，太原市民王女士接到用AI技术模仿其儿子声音的电话，诈骗分子以“紧急用钱”为由实施诈骗。警方介绍骗子可用片段音频克隆声音。事件揭示声音克隆技术被滥用于冒充亲属诈骗。,http://sx.xinhuanet.com/20230915/d1e9a3fb962e46aba7c978c7c0ef3d60/c.html
警惕电信诈骗新套路 用AI换脸非法激活电话卡,央视网(法治日报),2025-08-27,新闻报道,AI换脸；激活电话卡；黑产；帮信罪；实名认证,据央视网（法治日报）2025年8月报道，湖北南漳警方通报：不法分子利用AI换脸软件将他人照片制成动态视频，非法激活电话卡后以每张450至550元售卖牟利。事件显示深伪技术被用于绕过实名认证、服务电诈黑产。,https://news.cctv.com/2025/08/27/ARTIqx10GheBoaNesLe8GMfj250827.shtml
网警破获通过“AI换脸”非法侵入计算机信息系统案,央视网(公安部网安局),2025-09-20,新闻报道,AI换脸；非法侵入计算机系统；认证绕过；武汉网警,据央视网2025年9月报道，武汉网警侦破一起利用AI换脸技术非法侵入计算机信息系统案，犯罪嫌疑人通过平台人脸验证篡改企业法定代表人认证信息并盗用公众号牟利，4人落网。事件指向深伪技术对企业身份认证体系的威胁。,https://news.cctv.com/2025/09/20/ARTICBh1QeKuSKTcLh7YxLEZ250920.shtml
召回超11万辆SU7标准版 小米汽车回应,央广网,2025-09-19,风险事件,小米SU7；智驾缺陷；召回；市场监管总局；116887辆,据央广网2025年9月报道，小米汽车向国家市场监管总局备案召回116887辆SU7标准版电动汽车，因部分车辆在L2高速领航辅助功能开启的某些场景下对极端特殊路况识别、预警或响应不足，存在安全隐患，将通过OTA升级修复。,https://auto.cnr.cn/hy/20250919/t20250919_527368761.shtml
“一鍵換臉”使用不當恐觸多個法律禁區,央视网,2025-09-21,风险事件,AI换脸；淫秽视频；制作传播牟利罪；刑事判决,据央视网2025年9月报道，杭州萧山法院对虞某利用AI换脸技术伪造大量淫秽视频并建群收费牟利、同时销售换脸软件一案作出一审判决，虞某犯制作传播淫秽物品牟利罪被判刑。法院提示人脸编辑服务须取得被编辑者同意。,https://big5.cctv.com/gate/big5/news.cctv.cn/2025/09/21/ARTIzIydpVndrS80vg8hwEKx250921.shtml
"“春风送来了温柔”配图惹风波,法官认为人工智能生成图片是否构成侵权不能一概而论",西藏网信办(转载法治日报报道),2024-01-17,风险事件,AI文生图；著作权；独创性；北京互联网法院；判决,据法治日报报道，北京互联网法院就原告以Stable Diffusion生成图片“春风送来了温柔”被他人擅自使用案作出一审判决，认定涉案AI生成图片具独创性可受著作权保护，判赔礼道歉并赔偿500元。该案为国内AI生成图片著作权保护的首例判决。,https://wxb.xzdw.gov.cn/wlaq/zljg/202401/t20240117_435182.html
自己声音被AI化出售获赔25万元,光明网,2024-04-23,新闻报道,AI声音；人格权；配音演员；北京互联网法院；赔偿,据光明网2024年4月报道，北京互联网法院对全国首例AI声音侵权案作出一审判决：被告未经授权使用配音演员声音开发AI文本转语音产品构成侵权，须书面道歉并赔偿25万元。事件明确声音权益及于AI合成声音。,https://m.gmw.cn/2024-04/23/content_1303719951.htm
小米SU7碰撞前约3秒仍处智驾状态 客服:脱手预警后会自动减速至停车,新华网,2025-04-01,风险事件,小米SU7；NOA；智驾事故；驾驶员接管；致死,据新华网2025年4月报道，小米就3月29日SU7在安徽德上高速严重事故作出说明：事发前车辆处NOA智能辅助驾驶状态以116km/h行驶，碰撞前约3秒系统发出减速请求并提示驾驶员接管。事件引发对智驾责任边界的大范围讨论。,https://www.xinhuanet.com/finance/20250401/850765e3c2f04b5f9ca5bff35f4f1a90/c.html
"问界M7追尾起火致车内3人遇难,车企回复质疑",广州日报(花城+),2024-04-28,风险事件,问界M7；AEB；智驾；追尾起火；致死事故,据广州日报2024年4月报道，一辆问界M7在山西运城高速追尾道路养护车辆后起火，车内三人遇难。家属与舆论质疑AEB等功能是否响应，车企声明称事故时速115km/h、气囊正常。事件再度引发对智驾安全边界的追问。,https://huacheng.gz-cmc.com/pages/2024/04/28/SF11901673998ad132e7f0440381eb75.html
"""萝卜快跑""无人驾驶出租车与行人发生碰撞,官方紧急回应",21世纪经济报道,2024-07-10,新闻报道,萝卜快跑；无人驾驶；碰撞行人；运营安全；百度,据21世纪经济报道2024年7月报道，百度旗下无人驾驶出租车“萝卜快跑”在武汉街头与行人发生碰撞。百度回应称车辆在绿灯起步时与闯红灯行人轻微接触并配合送医。事件引发对无人出租车运营安全的讨论。,https://www.21jingji.com/article/20240710/herald/91ef764a0c349a67aa7e29b724ea40cd.html
AI换脸被用来诈骗 防范需多方努力,央视网（法治日报）,2025-07-13,新闻报道,AI换脸；人脸识别绕过；盗刷；信用卡诈骗；南京,据央视网（法治日报）2025年7月报道，南京玄武检办理一起利用AI生成动态人脸视频绕过人脸识别验证、盗刷银行卡案，嫌疑人非法获取195万余条公民个人信息。事件揭示深伪技术叠加金融敏感信息泄露的系统性风险。,https://news.cctv.com/2025/07/13/ARTISFGSy667YAVDc5IkHFXx250713.shtml
中国发布《新一代人工智能伦理规范》 融入人工智能全生命周期,中国新闻网,2021-09-26,新闻报道,新一代人工智能伦理规范；人工智能治理；隐私保护；公平公正；伦理指引,国家新一代人工智能治理专业委员会2021年9月25日发布《新一代人工智能伦理规范》，回应社会有关隐私、偏见、歧视、公平等关切，提出增进人类福祉、促进公平公正、保护隐私安全、确保可控可信、强化责任担当、提升伦理素养六项基本伦理要求，并按管理、研发、供应、使用四类活动细化18项具体伦理规范，推动伦理道。,https://finance.people.com.cn/n1/2021/0926/c1004-32236606.html
美团公布外卖“预估到达时间”算法规则,北京青年报,2021-09-10,新闻报道,外卖骑手；美团；配送算法；算法透明；算法取中,2021年9月10日美团首次公开外卖配送“预估到达时间”算法规则：系统以“模型预估时间”加“三层保护时间”共四个时间中选取最长者作为送达时间，并通过异常场景补时、试点将“时间点”改为弹性“时间段”为骑手减压。报道称试点后用户差评率降低50.7%，事件源于七部门“算法取中”要求及社会对骑手困于算法的。,https://finance.people.com.cn/n1/2021/0910/c1004-32223728.html
中国自动驾驶分级标准正式出台 22年3月1日起实施,中国青年网,2021-10-06,新闻报道,汽车驾驶自动化分级；国家标准；自动驾驶；智能网联汽车；L3,中国青年网2021年10月6日报道，市场监管总局（标准委）出台GB/T 40429-2021《汽车驾驶自动化分级》国家推荐标准，2022年3月1日实施。标准将驾驶自动化分为0—5级，0—2级为驾驶辅助，从3级起动态驾驶任务探测响应的主体由驾驶员转为系统，有条件自动驾驶下允许驾驶员脱手但需随时接管。,https://auto.youth.cn/xw/202110/t20211006_13249975.htm
新华日报：以法规“导航”算法 让数据更便民利民,新华日报,2022-03-03,专家评论,算法推荐管理规定；大数据杀熟；算法黑箱；监管；用户权益,新华日报2022年3月3日评论指出，《互联网信息服务算法推荐管理规定》3月1日正式施行。评论以“老客户多花钱”“熟客价更高”等大数据杀熟现象为例，称规定将短视频、电商、社交、外卖等平台纳入监管，厘清算法知情权、选择权与分级分类管理，强调以事前监管、系统监管打破算法“黑箱”，让数据便民利民。,https://www.zgjssw.gov.cn/dangjianxinlun/202203/t20220303_7449376.shtml
深圳出台国内首部智能网联汽车管理法规,中国经济网,2022-07-13,新闻报道,智能网联汽车；深圳；自动驾驶立法；事故责任；数据安全,深圳2022年7月公布国内首部智能网联汽车管理法规《深圳经济特区智能网联汽车管理条例》，8月1日施行，覆盖道路测试、准入登记、使用管理及事故处理全链条。条例将有驾驶人车辆事故归责于驾驶人，完全自动驾驶无驾驶人期间原则上由车辆所有人、管理人担责，并要求数据服务器设在中国境内，有望加速全国自动驾驶立法。,https://www.ce.cn/cysc/zljd/gd/202207/13/t20220713_37864387.shtml
国内首个无人化出行服务商业化试点在京开放,中国日报网,2022-07-20,新闻报道,无人化出行；商业化试点；萝卜快跑；智能网联汽车；北京亦庄,2022年7月20日北京开放国内首个无人化出行服务商业化试点，百度萝卜快跑25辆“方向盘后无人”车辆获准常态化付费运营。示范区商业化与测试车辆300多辆、无人化累计测试超30万公里。萝卜快跑已在北京、上海、广州、深圳、武汉等城市提供服务并成为全球最大自动驾驶出行服务商。,https://tech.chinadaily.com.cn/a/202207/20/WS62d7d8eca3101c3ee7ae00a8.html
從“入規劃”到“闢賽道” 上海在“元宇宙”上緣何不斷“加碼”？,中国新闻网,2022-07-08,新闻报道,元宇宙；上海；新赛道；行动方案；产业政策,中新网上海2022年7月8日报道，上海发布绿色低碳、“元宇宙”、智能终端三大行动方案，其中元宇宙方案提出2025年产业规模达3500亿元，带动软件和信息服务业超1.5万亿元，并设百亿级元宇宙产业基金。上海方向聚焦工业、商业、教育、文创等实体场景，官方亦提醒防范元宇宙领域过度泡沫化与恶意炒作。,https://m.chinanews.com/wap/detail/cht/zw/9799058.shtml
多部门要求完善算法保障劳动者权益！美团饿了么曾优化规则,南方都市报,2022-02-28,深度报道,算法取中；外卖骑手；平台算法；劳动权益；算法公开,南方都市报2022年2月28日梳理平台算法治理进程：七部门意见提出“算法取中”后，美团2021年9月10日首次公开“预估到达时间”算法，11月5日公开“订单分配”算法并试点“出餐后调度”；饿了么2022年2月发布报告称不采用最短配送时效。算法公开源于《外卖骑手，困在系统里》引发的社会关注与监管要求。,https://static.nfapp.southcn.com/content/202202/28/c6261210.html
器审中心发布《人工智能医疗器械注册审查指导原则》,医药经济报（中国食品药品网）,2022-03-09,政策动态,人工智能医疗器械；注册审查；药监局；医疗AI；审评,国家药监局器审中心2022年3月9日发布《人工智能医疗器械注册审查指导原则》（2022年第8号通告）。该指导原则适用于第二、三类人工智能独立软件及含AI软件组件的医疗器械，旨在规范AI医疗器械生存周期过程与注册申报资料、统一技术审评要求，为医疗AI产品监管提供制度支撑。,https://m.cnpharm.com/c/2022-03-09/819658.shtml
新风口热度高 多地加紧布局元宇宙产业,中国日报网,2022-09-21,行业观察,元宇宙；产业布局；地方政策；虚拟人；数字经济,中国日报网2022年9月21日行业观察称，北京、上海、深圳、杭州、武汉等地竞相布局元宇宙产业：上海率先将元宇宙写入“十四五”产业规划并发布行动方案（2025年规模3500亿元），浙江将元宇宙列为未来产业先导区重点领域。艾媒咨询预计2025年中国虚拟人核心市场规模将达480.6亿元，热潮加速虚拟人产。,https://tech.chinadaily.com.cn/a/202209/21/WS632a6d54a310817f312ef080.html
中国“AI四小龙”云从科技科创板上市 开盘上涨56.1%,中国新闻网,2022-05-27,新闻报道,云从科技；科创板；AI四小龙；人机协同；IPO,中新社2022年5月27日报道，云从科技在科创板上市，成为“AI四小龙”中第二家上市企业（商汤2021年12月港股率先上市），首日总市值158.5亿元。云从成立于2015年，孵化于中科院重庆绿色智能技术研究院，主营人机协同操作系统与AI解决方案，2019—2021年累计净亏损超22亿元，公司预计2。,https://www.chinanews.com/cj/2022/05-27/9765183.shtml
"史占中:AI“百模大战”现状:向垂直、B端谋场景,算力仍是主要制约因素",上海交通大学安泰经管学院,2023-12-14,专家评论,大模型备案；垂直化；算力；芯片限制；生态竞争,"上海交大史占中教授等专家对2023年末大模型格局作出判断:第二批大模型密集完成备案,行业从B2C转向B2B垂直深耕;华泰黄乐平称美国收紧AI芯片出口令算力成为最大制约,竞争由拼算力、拼人才进入拼应用、拼生态阶段,能否形成“数据-模型-应用”飞轮是成功关键。",https://www.acem.sjtu.edu.cn/faculty/insight/80268.html
字节跳动的 AI 账本:豆包每天不足百万收入、Seedance 毛利 70%,晚点LatePost,2026-06-16,深度报道,字节跳动；豆包；Seedance；大模型商业化；算力成本,"晚点独家拆解字节AI商业账本:日活超2亿的豆包日收入不足百万元、日算力消耗数千万元,而视频生成模型Seedance年化收入约143亿元、毛利率70%,基本对冲豆包的算力开支;字节对标Anthropic后把资源从大众C端转向企业服务,2026年资本开支上调超2000亿元。",https://finance.sina.com.cn/roll/2026-06-16/doc-inicrcpk9379821.shtml
制造豆包:一个 AI 超级入口的形成与转向,晚点LatePost,2026-05-18,深度报道,豆包；字节跳动；AI助手；产品方法论；日活,"晚点长文回溯豆包自上海“八号桥”小楼起步到DAU两年半破亿的历程:负责人朱骏以“拟人化”“离用户近”为设计原则,早期多智能体路线失败后转向拍照搜题等场景,并以工程“脚手架”弥补底层模型短板。",https://t.cj.sina.cn/articles/view/7294209083/1b2c4cc3b00101roc8
"2025年终策划:具身智能狂奔一年:机器人依然不会干活,但不妨碍机器人公司上市-36氪",36氪,2025-12-25,深度报道,具身智能；人形机器人；量产；IPO；估值泡沫,"36氪2025年终策划梳理具身智能“量产元年”:前三季度融资610笔约500亿元(同比2.5倍),十余家企业扎堆IPO,宇树、智元跨过5000台交付门槛;同时指出灵巧手可靠性差、单小时综合成本未降至15美元门槛、订单多为10%-20%实际交付的框架协议,估值泡沫化成为公开秘密。",https://m.36kr.com/p/3610836423574531
"追梦的人形机器人,遇上“精算师”朱啸虎",腾讯科技,2025-04-01,新闻报道,朱啸虎；人形机器人；泡沫；批量退出；商业化,"腾讯科技《AI未来指北》记录2025年3月底朱啸虎“批量退出具身智能”引发的行业风波:星海图澄清金沙江2024年9月已退出,松延动力以“无惧杂音”视频隔空回应,众擎CEO赵同阳激烈批评,张颖称泡沫正常、赛道必出大公司。",https://ima.qq.com/wiki/?shareId=94b7291f73d5e96493fdc5dcaa9d25a6d477a989e0833881f03ab53577526229&mediaId=wechatarticle_cbb9bb7134a16062fc9a1cf7d96c4102_6a3264a99bce45df42d8a1a235c9d77d7489527450974480&action=openDetailDrawer&webFrom=10000171
向AI而生——主流媒体需做好 “四则运算”,中国记协网,2025-10-21,专家评论,主流媒体；AI写作；在场力；深度调查；人机协作,"中国记协网刊发评论,认为AI无法替代记者的现场探访与新闻敏感,“在场力”仍是AI时代新闻生产不可替代的能力。文章提出媒体人应强化讲故事能力、坚持深度调查与人文关怀,将新闻报道的“温度”“态度”作为与AI竞争的看家本领。",https://www.zgjx.cn/20251021/4361dbff3bed4d958dc2012809163ba2/c.html
从“纸媒”到“智媒”的深层逻辑,中国新闻出版广电报,2026-06-10,专家评论,智媒；AI内容规范；人机协同；纸媒转型；记者素养,"中国新闻出版广电报刊文分析“纸媒”到“智媒”的深层逻辑,强调技术比拼背后仍是内容竞争和“人”的价值,列举人民日报AI生成内容使用规范、新华社AI内容审核委员会等实践,认为记者应提升AI素养,以深度调查与主流价值抵御技术冲击。",https://epaper.chinaxwcb.com/epaper/2026-06/10/content_99879187.html
"开局之年看中国|从昔日滩涂到世界级航运枢纽,在大湾区见证中国港口“智”变",环球网(中国青年网转发),2026-08-23,深度报道,南沙四期；全自动化码头；北斗导航；5G；无人作业,"环球网记者团探访广州港南沙四期全球首个江海铁多式联运全自动化码头,记录北斗、5G与AI融合的国产调度系统下的无人作业图景,并援引交通运输部数据:全国自动化码头超60座,“十五五”末预计突破90座、核心环节基本实现现场无人作业。",https://news.youth.cn/jsxw/202608/t20260823_16829419.htm
全链路智能化 “黑科技”托举万亿寄递市场,中国日报网,2026-08-17,深度报道,具身机器人；3D播种墙；供件效率；无人配送车；智能分拣,"中国日报网记者一线探访广州、佛山、泉州邮政快递作业:具身机器人在供件台“边学边干”,效率已达800件每小时;3D播种墙把拣货时效从2000件每小时级别推升至最高2万件;无人配送车深入街区。报道称智能装备正重塑寄递全链路作业模式。",https://qiye.chinadaily.com.cn/a/202608/17/WS6a827bf4a310099e0fc7c03c.html
"数智时代,快递业质效再跃升",中国经济网,2026-08-27,新闻报道,具身机器人；供件台；AGV；无人快递车；岗位转型,"中国经济网记者调研广州邮区中心等分拨一线:13台机器人、8台机械臂与14台AGV叉车承担供件搬运,人工转向设备巡检等更有价值岗位;无人快递车为网点节省三成成本、为快递员节省四成时间。报道称科技正在解放繁重体力劳动并推动一线岗位技能含量上升。",http://adimg.ce.cn/xwzx/gnsz/gdxw/202608/t20260827_3173958.shtml
一个人就是一家广告公司?AI正在重写创意行业,人民网四川频道,2026-08-20,人物访谈,AI广告；创意行业；审美判断；Token；超级个体,"人民网四川频道报道两位资深广告人关于AI重塑创意行业的对话:AI正压缩专业执行岗位,人人会用AI后工具不再是壁垒,审美、判断、洞察与选择成为稀缺能力;行业出现“超级个体”模式,也伴随大批从业者的去留与转型问题。",https://sc.people.com.cn/n2/2026/0820/c345167-41673133.html
"山东实施“人工智能+农业”行动:数据“种”进泥土,云端守护丰收",人民网山东频道,2026-08-02,新闻报道,人工智能+农业；舜耕粮安；遥感大模型；寿光云棚；智慧种植,人民网山东频道报道山东“人工智能+农业”行动:寿光智能物联网云棚应用率超85%、劳动效率翻倍;省农科院“舜耕·粮安”遥感大模型基于2000万份样本构建六大监测功能、精度95%;文章同时指出初始投入、高质量数据与人才短缺仍是AI下沉乡村的现实约束。,https://sd.people.com.cn/n2/2026/0802/c166192-41656852.html
访谈资讯|张谧教授就大模型“毒性人格”问题答南都记者问,复旦大学网络空间安全学院,2025-07-23,人物访谈,毒性人格；突现失准；安全对齐；越狱；超对齐,"复旦白泽智能团队负责人张谧答南都记者问:大模型会从数据中学习并内化恶意行为模式,微调中“学坏”可跨领域泛化;RLHF等监督机制在模型超强后可能失效,需探索超对齐与弱到强对齐,并以自动化红队与重对齐修复“毒性人格”与开发者模式越狱。并提醒公众防范深度伪造、善用内容标识。",https://secsys.fudan.edu.cn/news/content/2025-07-23-001
"大模型幻觉治理,有了新突破",中国能源报(人民日报社),2026-06-22,研究报道,Hyper-RAG；幻觉治理；检索增强生成；知识超图谱；大模型可靠性,"清华高跃团队联合西安交大、上海大学、北理工等提出超图驱动的Hyper-RAG方法:以超边覆盖多实体高阶关联,减少知识结构化损失,实测可降低关键知识缺失60%、幻觉48%,成果发表于《自然·通讯》。代表国内研究以知识表示缓解垂直领域大模型幻觉的最新进展。",https://paper.people.com.cn/zgnyb/pc/content/202606/22/content_30164823.html
专家解读|促进人工智能拟人化互动服务有序开展 引领人工智能负责任创新,福建省网信办转载(作者:林维),2025-12-29,政策解读,拟人化互动；负责任创新；监管沙盒；情感依赖；以人为本,"西南政法大学校长林维解读AI拟人化互动服务办法征求意见稿:以人机边界模糊为治理重点,通过身份透明、特殊群体防沉迷与交互数据严格保护落实“负责任创新”,并在部门规章层面首设“监管沙盒”为情感化AI服务提供安全试错空间,被其视为构建“以人为本”AI治理体系的重要制度尝试。",https://www.fjwx.gov.cn/fg/20251229/3021862.html
论坛·原创 | 人工智能军事应用的安全风险和治理路径,武汉市委网信办网站转载,2026-08-26,专家评论,自主武器；自动化偏见；人类控制；CCW；分级规制,"署名评论分析AI军事应用治理:自动化偏见与识别误判威胁人类控制,CCW框架谈判多年未获约束力共识。作者主张短期以政治宣言固化人类控制与问责标准,中长期设专门议定书分级限制或禁止完全自主致命系统,并建议我国加强政府-高校协同研究、提出可操作的中国方案。",http://www.whwx.gov.cn/wlcb/wwtj/202608/t20260826_2839003.shtml
AI迈入智能体时代 安全能力建设提速,西藏自治区党委网信办网站转载,2026-07-20,行业观察,智能体安全；前沿AI风险；风险监测平台；应急响应；安远AI,"WAIC 2026智能体安全论坛观察:安全焦点由模型输出转向智能体会“做什么”。杜跃进警示智能体安全进入“问题大爆炸”、需系统性监管,本吉奥提示能力增长或快于防护,安远AI发布覆盖五类风险的前沿AI风险监测平台2.0与应急响应研究报告,信通院魏凯称评估是技术演进指南针与治理依据。",https://wxb.xzdw.gov.cn/xxh/xxhgzdt/202607/t20260720_685336.html
周平:以系统化治理筑牢智能体安全底座,国家工业信息安全发展研究中心,2026-07-18,专家评论,智能体；分级管控；制度先行；标准牵引；越权操作,"国家工业信息安全发展研究中心总工周平在WAIC论坛提出系统化治理智能体安全:针对工具滥用、越权操作等新风险,坚持“制度先行、分级管控、风险提示”;行业层面标准牵引、自律共享,企业层面做到治理有平台、上线有评估、运行有边界,构建可信可控可追溯的智能体生态。",https://www.cics-cert.org.cn/web_root/webpage/articlecontent_101004_2079872277805010945.html
"全球最大規模AI巨量模型在京發佈,未來進行開源共享",中国新闻网,2021-09-28,新闻报道,中文巨量模型；源1.0；浪潮；预训练模型；开源共享,"据中国新闻网报道,浪潮2021年9月28日在京发布全球最大中文AI巨量模型""源1.0"",参数2457亿,中文训练数据集5000GB,超过GPT-3。模型获CLUE零样本与少样本榜冠军,人群分辨其与人类作品的成功率低于50%,计划向学界与产业开源共享以降低大模型应用门槛。",https://m.chinanews.com/wap/detail/cht/zw/9576218.shtml
"知识增强千亿大模型""鹏城-百度·文心""亮相",新华网,2021-12-08,新闻报道,文心大模型；ERNIE3.0；千亿参数；知识增强；国产算力,"据新华网报道,鹏城实验室与百度2021年12月8日联合发布知识增强千亿大模型""鹏城-百度·文心"",参数2600亿,60多项任务取得最好效果,首创在线蒸馏技术便于产业应用,拟在开源社区开放,凸显国产算力平台与深度学习框架支撑大模型研发的进展。",https://www.xinhuanet.com/tech/20211208/626c8f0778f24d2e9b4df4c7ddbb3c79/c.html
文心大模型为内容创作装上AI大脑 加速AIGC发展趋势,新华网,2022-07-21,新闻报道,文心大模型；AIGC；内容生产；数字人；百度世界大会,"据新华网报道,2022年百度世界大会上,百度展示用文心大模型""补全""《富春山居图》等AIGC能力,李彦宏称未来十年AIGC将颠覆内容生产模式,以十分之一成本、百倍千倍速度生成原创内容,并发布""航天-百度·文心""等行业大模型,预示大模型加速走向行业应用。",https://www.xinhuanet.com/tech/20220721/c370eddb18824602b1e4a231f2dcee3a/c.html
"武汉人工智能研究院等牵头研发开创性实现图像、文本、语音三模态生成""紫东太初""获世界人工智能大会最高奖项",中国网湖北频道,2022-09-02,新闻报道,紫东太初；三模态大模型；世界人工智能大会；昇腾AI；多模态生成,"据中国网湖北报道,""紫东太初""多模态大模型在2022世界人工智能大会上获最高奖SAIL。该模型由中科院自动化所、华为与武汉人工智能研究院等打造,是全球首个图、文、音三模态大模型,基于昇腾AI实现三模态统一表示与相互生成,已在医疗、工业质检等场景示范应用。",https://hb.china.com.cn/2022-09/02/content_42093144.htm
"火起来的AIGC,未来商业化前景如何?",中国新闻网,2022-12-15,行业观察,AIGC；内容生产；AI音乐；商业化；概念热潮,"据中国新闻网报道,AIGC在2022年成为热点,李彦宏称未来十年其将颠覆内容生产模式。在昆仑万维AIGC技术发布会上,太合音乐董事长等业内嘉宾围绕AI创作音乐谈效率、成本与传播,认为AIGC将令音乐产业提速,并呼吁高质量数据与开源生态支撑规模化落地。",https://www.chinanews.com.cn/cj/2022/12-15/9915724.shtml
"2022年,人工智能带给人类更多惊喜",中国经济网,2022-12-30,行业观察,腾讯混元；紫东太初；多模态；年终回顾；语言模型,"据中国经济网年终盘点,2022年中国AI在多模态与语言大模型领域取得进展:腾讯""混元""大模型登顶VCR等多项权威榜单,全球首个图文音三模态大模型""紫东太初""获世界人工智能大会SAIL奖。报道同时回顾了谷歌工程师宣称LaMDA具备意识被解雇一事,提示业界对AI""人格""与自主意识的讨论应保持理性。",https://www.ce.cn/cysc/tech/gd2012/202212/30/t20221230_38317330.shtml
《2022中国大模型发展白皮书》发布 大模型成AI新赛道,中国新闻网,2023-02-21,研究报道,大模型产业；IDC；白皮书；文心大模型；市场规模,"据中国新闻网报道,IDC发布《2022中国大模型发展白皮书》显示,2020至2021年中国大模型数量从2个增至21个,与美国同量级。白皮书认为大模型背后是AI落地模式变革,百度文心等已形成""大模型+工具平台+产品社区""体系并在多行业应用,类ChatGPT产品离不开大模型长期投入。",https://www.chinanews.com/cj/2023/02-21/9957241.shtml
研究成果将会开源!复旦MOSS团队深度访谈来了,中国日报网,2023-03-02,人物访谈,MOSS；邱锡鹏；对话式大模型；开源；学术团队,"据中国日报报道,复旦邱锡鹏团队开发的对话大模型MOSS于2023年2月20日发布当天服务器被挤爆。团队表示在百亿参数规模验证类ChatGPT技术路径,是为证明学术机构在有限资源下也能做出对话大模型,并坦言中文语料不足致中文表现弱于英文,研究成果将开源以推动生态建设。",https://cn.chinadaily.com.cn/a/202303/02/WS6400368ea3102ada8b2316e7.html
AI中场战事:科技巨头竞相入局 中国公司如何突围,中国新闻网,2023-03-18,行业观察,GPT-4；类ChatGPT；本土化；中文模型；差距追赶,"据中新网转证券日报报道,GPT-4发布前后中国科技企业竞相布局AIGC。受访专家表示国产类ChatGPT产品仍与ChatGPT存在一到两个代际差距,但中国在中文数据与产业基础上具本土优势,长期有望接近先进水平;同时建议避免一窝蜂,应结合应用理性布局。",https://www.chinanews.com/cj/2023/03-18/9974048.shtml
"百度正式发布文心一言,李彦宏现场Demo演示""五大能力""",澎湃新闻,2023-03-16,新闻报道,文心一言；大语言模型；生成式AI；邀测；多模态,"据澎湃新闻报道,百度2023年3月16日发布大语言模型文心一言并启动邀测,李彦宏现场演示五大能力,坦言其对标ChatGPT和GPT-4门槛高、尚不完美。他认为大模型时代将涌现云计算、行业模型精调与AI原生应用三类机会,多数企业的真正机会在于基于通用大模型开发应用。",https://m.thepaper.cn/newsDetail_forward_22322022
"阿里云大模型""通义千问""开启邀测 企业客户先行试水",上海证券报,2023-04-07,新闻报道,通义千问；阿里云；达摩院；类ChatGPT；企业测试,"据上海证券报报道,阿里云自研大模型""通义千问""2023年4月7日开始邀请用户测试,现阶段定向邀请企业用户经官网申请体验。报道介绍,阿里达摩院2019年启动大模型研发,2021年发布M6与PLUG等大模型,显示国产大模型在ChatGPT热潮中加速开放测试。","https://news.cnstock.com/news,bwkx-202304-5042717.htm"
大厂竞逐AI大模型 虚火过旺还是星辰大海?,中国经济网,2023-04-14,行业观察,百模大战；巨头竞逐；通义千问；大模型创业；商业化,"据中国经济网报道,2023年4月通义千问、商汤""日日新""、360智脑等相继发布,京东、科大讯飞、腾讯、字节跳动等也在储备大模型,王慧文、李开复、王小川等领衔的创业军团相继入局,国内围绕AI大模型上演""百团大战""。报道追问,谁能凭硬实力拔得头筹,这一新兴技术究竟是虚火过旺还是产业星辰大海的前奏。",https://www.ce.cn/xwzx/gnsz/gdxw/202304/14/t20230414_38497839.shtml
"产业巨头""赶场""大模型 阿里云领衔探索与""实""俱进",中国经济网,2023-04-12,新闻报道,通义千问；张勇；全产品接入；模型即服务；产业升级,"据中国经济网报道,阿里云2023年4月11日举行峰会,张勇宣布阿里巴巴所有产品将接入""通义千问""大模型改造,并开放能力助企业打造专属大模型。阿里云CTO周靖人表示将坚持MaaS降低使用门槛,同时承认仅靠通用大模型难以解决每个行业的应用痛点。",https://www.ce.cn/cysc/tech/gd2012/202304/12/t20230412_38493304.shtml
科大讯飞发布讯飞星火认知大模型,人民网安徽频道,2023-05-06,新闻报道,讯飞星火；认知大模型；七大能力；现场实测；行业应用,"据人民网报道,科大讯飞2023年5月6日在合肥发布讯飞星火认知大模型,现场实测文本生成、知识问答、数学等能力,并发布教育、办公、汽车、数字员工行业应用。刘庆峰提出通用AI应具备七维度能力,主张以科学评测体系衡量大模型能否解决行业刚需而非单点测试。",https://ah.people.com.cn/n2/2023/0506/c227131-40405409.html
世界人工智能大会开幕,中国青年报,2023-07-07,新闻报道,WAIC2023；生成式AI；大模型；通用人工智能；SAIL奖,"据中国青年报报道,以""智联世界·生成未来""为主题的2023世界人工智能大会7月6日在上海开幕,全面聚焦大模型与生成式人工智能,马斯克、姚期智、杨立昆等发表演讲。开幕式发布书生通用大模型体系、数字孪生大脑等成果并公布SAIL奖,展现大模型浪潮下中国正将通用人工智能与具身智能视为下一阶段攻坚方向。",https://zqb.cyol.com/html/2023-07/07/nw.D110000zgqnb_20230707_2-02.htm
騰訊混元大模型正式亮相 在中文創作等方面表現良好,中国新闻网,2023-09-07,新闻报道,混元大模型；腾讯；千亿参数；全链路自研；产业落地,"据中国新闻网报道,腾讯于2023年9月7日在全球数字生态大会上发布全链路自研的通用大语言模型""混元"",参数达千亿级,具备中文创作、逻辑推理与任务执行能力,并已深度支持腾讯会议、文档、广告等50多个内部业务。腾讯宣布将依托腾讯云对外开放混元能力,显示其大模型战略聚焦""全面拥抱大模型""的实用主义路线。",https://m.chinanews.com/wap/detail/cht/zw/10073751.shtml
"""百模大战""未完 商业化仍在路上",中国青年网财经频道,2023-12-28,行业观察,百模大战；商业化；大模型标准；评测；赶超,"据中国青年网报道,截至2023年10月国内10亿参数以上大模型相关机构达254家、模型总数238个。12月22日首个官方大模型标准符合性评测出炉,阿里、百度、360、腾讯首批通过。报道称大模型神话祛魅后行业回归理性,但国内外仍有差距,商业化路径尚待走通。",https://finance.youth.cn/finance_gdxw/202312/t20231228_14992934.htm
报告:人工智能对职场产生深远影响 新经济行业受关注度高,人民网(腾讯新闻转载),2023-12-22,研究报道,AI工具；职场；人才报告；高薪岗位；技术换人,"据人民网报道,《2023年度人才迁徙报告》显示近四分之三职场人已在工作中使用AI工具,硕博群体比例更高;纯互联网为新增AI岗位最多领域,2023年高薪岗位TOP20中AI相关岗位占10席。报告认为AI大模型正改变职场,创新性、策略性人才更受重视,或进入""技术换人""时代。",https://news.qq.com/rain/a/20231222A08YPX00
"AI迎来奇点,出版传媒业会被如何改变?",中国作家网,2023-03-28,深度报道,AIGC；出版传媒；内容生产；舆情分析；能力替代,"据中国作家网报道,ChatGPT与文心一言等生成式AI问世后,出版传媒业变革引发讨论。有专家认为舆情分析、大数据分析等脑力岗位最先受冲击;刘兴亮则提醒更应关注运用AI的能力,""工作不是被AI淘汰,而是被掌握AI工具的人淘汰"",行业格局正被AIGC推动变化。",https://www.chinawriter.com.cn/n1/2023/0328/c403994-32652653.html
"深度丨从大模型价格战说开去:大厂投石问路,产业行至何方?",21世纪经济报道,2024-06-04,深度报道,大模型价格战；API降价；商业化落地；DeepSeek；云计算,"据21世纪经济报道,2024年5月起字节、阿里、百度、腾讯、科大讯飞等接连下调大模型API价格甚至免费,行业进入“厘时代”。报道梳理降价由DeepSeek-V2低价入局触发,并得益于算力成本下降与规模效应,指出大厂可借云计算摊薄成本,创业公司生存空间受压;",https://m.21jingji.com/article/20240604/herald/99a5718841d78b48a46bcce7b9389381.html
"AI内卷长文本,是噱头还是刚需",经济观察报,2024-03-30,深度报道,Kimi；长文本；上下文窗口；月之暗面；大模型竞争,"据经济观察报,月之暗面Kimi宣布支持200万字无损上下文后,360、阿里、百度等竞相跟进开放百万至千万字级长文档处理,点燃2024年大模型首场竞争。报道呈现行业分歧:一方认为研读论文、研报等场景确属刚需,另一方指出技术门槛有限、营销成分不可忽视,长文本能否成为真正的竞争壁垒尚无定论。",https://www.eeo.com.cn/2024/0330/648668.shtml
"爆火Kimi,多方角逐",上海证券报,2024-03-26,新闻报道,Kimi；长文本；月之暗面；AI应用；概念股,"据上海证券报,月之暗面Kimi以200万字超长无损上下文破圈后,通义千问免费开放千万字长文档、360内测五百万字长文本,国产大模型围绕长文本展开竞速。券商普遍看好国产模型迭代带动AI应用与语料需求,多家上市公司披露与Kimi的技术对接或合作;",https://www.stcn.com/article/detail/1158090.html
"大厂围剿,“长文本”成不了Kimi的护城河",澎湃新闻,2024-03-29,深度报道,Kimi；长文本；破圈；概念股；护城河,"澎湃新闻分析认为,Kimi凭长文本标签首次让国内AI创业公司“破圈”,访问量与概念股热度齐升,但长文本技术壁垒有限,阿里、百度、360等迅速跟进同类功能。对资金与算力相对紧张的创业公司而言,单靠长文本难成持久护城河,月之暗面需在“智能”增量上寻找新的差异化价值。",https://m.thepaper.cn/newsDetail_forward_26847892
"AIGC迈入规模化应用期,视频生成红利加速显现",中国经济周刊,2024-10-15,行业观察,视频生成大模型；可灵；AIGC；规模化应用；内容治理,"人民日报社中国经济周刊刊文称,2024年Sora与快手“可灵”把视频生成从实验室带入实用阶段,电商等场景已现明显提效增收,多位导演正依托“可灵”制作AIGC电影短片。作者同时提醒,生成门槛降低带来内容真实性与知识产权等新挑战,网信部门已就生成合成内容标识办法征求意见,行业需在规范引导下健康发展。",https://paper.people.com.cn/zgjjzk/html/2024-10/15/nw.zgjjzk_20241015_5-04.htm
AI智能体生态愈发繁荣 头部厂商抢先布局,中国经济网,2024-09-09,行业观察,AI智能体；智能体平台；生态布局；文心智能体；应用落地,"据中国经济网,2024年智能体被视为大模型应用落地的关键产品形态:百度文心智能体平台聚集60万开发者、7月日均分发超800万次,腾讯元宝上线品牌智能体专区,蚂蚁、荣耀等亦加快布局。业内认为智能体能自主感知环境、决策并执行任务,让大模型“长出手脚”,是AI原生应用时代的重要方向。",https://www.ce.cn/cysc/tech/gd2012/202409/09/t20240909_39132149.shtml
"AI大模型战火延续:大厂稳住阵地,“六小虎”走到分水岭|回望2024",界面新闻,2024-12-27,深度报道,大模型六小虎；大模型格局；商业化；文心一言；豆包,"界面新闻年度回望指出,2024年国内大模型格局渐趋清晰:百度文心、阿里通义、腾讯混元、字节豆包依托云与生态优势向产品体系渗透,豆包月活断层领先;智谱、月之暗面、MiniMax等“六小虎”完成关键融资后战略分化,商业化脉络成型;视频模型、端侧模型赛道亦有新玩家冒头,创业公司变现压力仍突出。",https://finance.sina.cn/2024-12-27/detail-ineawpiu7231691.d.html
快手大模型首次集体亮相 获《焦点访谈》报道关注,央广网,2024-07-07,新闻报道,快手；可灵；视频生成大模型；世界人工智能大会；技术普惠,"据央广网报道,2024世界人工智能大会期间快手大模型首次集体亮相,央视《焦点访谈》以可灵AI为例解读国产大模型趋势:用户输入文字或图片即可生成最长2分钟的高清视频。快手称6月发布的视频生成大模型可灵是全球首个用户可实际使用的同类产品,业内认为其将降低视频制作门槛,预示技术普惠时代到来。",https://www.cnr.cn/tech/techph/20240707/t20240707_526782135.shtml
Manus爆火背后:一次意外又合理的破圈,澎湃新闻,2025-03-07,深度报道,Manus；通用AI智能体；AI Agent；现象级产品；Monica,"据澎湃新闻,蝴蝶效应(Monica团队)2025年3月6日发布通用AI智能体Manus,演示其自主规划并执行简历筛选、找房、股票分析等复杂任务、“直接交付成果”。产品发布数小时官网即拥塞,内测邀请码一度被炒至高价,并带动AI智能体概念股涨停;",https://www.thepaper.cn/newsDetail_forward_30338431
"爆火的“AI智能体”Manus:体验者称性能强但不稳定,为何遭质疑",澎湃新闻,2025-03-07,新闻报道,Manus；通用Agent；稳定性；质疑；技术突破,"澎湃新闻报道,Manus走红同时争议不断:体验者反映其“性能强但不够稳定”,复杂或未知任务中可能出现宕机;有海外研究者认为它是好产品而非技术突破,质疑声音指其本质是预设工作流叠加浏览器操作的整合产品。专家指出其推理链路与知识完备性仍不足,距真正的“通用”智能体尚有距离。",https://news.qq.com/rain/a/20250307A0A5YU00
"人形机器人2024:不相信梦想,只相信落地",21世纪经济报道,2025-01-10,深度报道,人形机器人；具身智能；量产；融资；创新中心,"21世纪经济报道复盘称,2024年人形机器人成为标志性风口:国内年内新增机器人公司十余万家,多家人形企业完成数十笔融资,特斯拉Optimus、优必选、宇树等竞相“进厂打工”并宣布量产。",https://www.21jingji.com/article/20250110/herald/a28c352ea57abcf4da44867d065728ba.html
"2024,“大模型六小虎”逐梦AI圈",澎湃新闻,2025-01-02,深度报道,大模型六小虎；创业公司；融资；AGI；DeepSeek,"澎湃新闻刊发的行业复盘指出,2024年国产大模型创业形成“6+2”格局:智谱、MiniMax、月之暗面、百川、阶跃星辰、零一万物等“六小虎”在融资与通往AGI的路径上加速分化,DeepSeek凭V3成为开源新王、被认为已跻身第一梯队。",https://m.thepaper.cn/newsDetail_forward_29808999
"吸金280亿之后,这条赛道变了",中国经济网,2025-08-12,深度报道,世界机器人大会；人形机器人；量产；商业化；4S店,"中国经济网报道,2025世界机器人大会期间人形机器人从“秀场”走向“战场”:宇树、众擎、优必选等以真实作业取代炫技,多家企业披露量产与交付计划,全球首家具身智能机器人4S店在亦庄开业。但业内人士提醒,量产平衡点尚未找到,降本、精度、寿命、可靠性相互制约,部分企业仍偏重to VC逻辑,商业化挑战仍大。",https://www.ce.cn/xwzx/gnsz/gdxw/202508/t20250812_2438534.shtml
一周两单 AI大模型掀起港股上市潮,中国经济网,2026-01-10,新闻报道,智谱；MiniMax；港股；AI板块；大模型上市,"据中国经济网,智谱与MiniMax一周内先后登陆港交所,MiniMax首日涨幅超一倍、总市值超千亿港元,带动A股、港股AI板块走强。券商认为国产大模型公司上市后AI应用板块交易热度回升,头部企业商业化进展逐步在收入增长与盈利改善中显现;外资称中国已是AI主要参与者,独立AI企业稀缺性引发浓厚兴趣。",https://finance.ce.cn/stock/gsgdbd/202601/t20260110_2693326.shtml
"DeepSeek-V4来了,国产算力集体适配:全产业链谁将受益?",央广网,2026-04-26,新闻报道,DeepSeek-V4；开源模型；国产算力；昇腾；智能体编程,"据央广网报道,DeepSeek-V4预览版开源当日,百度、寒武纪、摩尔线程、华为昇腾等本土算力与科技企业即完成适配,国产大模型与国产算力深度融合格局成型;V4全系标配百万token上下文,智能体编程等评测达开源最优、整体比肩闭源。",https://www.cnr.cn/jingji/ycbd/20260426/t20260426_527601185.shtml
九部委发文加强互联网信息服务算法综合治理,新华社,2021-09-30,政策动态,算法综合治理；算法备案；算法安全评估；防范算法滥用,据新华社报道，九部委近日印发《关于加强互联网信息服务算法综合治理的指导意见》，提出用三年左右时间逐步建立治理机制健全、监管体系完善、算法生态规范的算法安全综合治理格局，明确企业应对算法应用产生的结果负主体责任，对监测、评估、备案中发现及网民举报查实的涉算法违法违规行为予以严厉打击，防范算法滥用风险。,https://www.xinhuanet.com/tech/20210930/b92ed285a62b46a29c8af31207fd6d2f/c.html
上海立法促进人工智能产业发展,新华社,2022-09-22,政策动态,上海地方立法；公共算力资源；分级治理；沙盒监管；伦理专家委员会,据新华社报道，《上海市促进人工智能产业发展条例》经市人大常委会表决通过，自2022年10月1日起施行。条例聚焦算力、算法、数据等基本要素，推动公共算力资源平台建设与算法模型交易流通；构建体系化治理框架，探索分级治理和沙盒监管，设立人工智能伦理专家委员会，要求提供智能化公共服务时兼顾特殊群体需求。,https://www.news.cn/legal/2022-09/22/c_1129023905.htm
三部门：提供“人脸生成”等深度合成服务应显著标识避免公众混淆,人民网,2022-12-12,政策解读,人脸生成；合成人声；显著标识；沉浸式拟真场景；防混淆误认,人民网报道并解读三部门发布的深度合成管理规定，指出对智能对话、合成人声、人脸生成、沉浸式拟真场景等生成或显著改变信息内容的深度合成服务必须显著标识，避免公众混淆误认；规定明确深度合成技术定义，要求加强训练数据管理、定期审核评估算法机制机理，并设置了辟谣、投诉举报与法律责任条款。,https://finance-app.people.cn/n1/2022/1212/c1004-32585527.html
“清朗·网络平台算法典型问题治理”专项行动开展,人民日报,2024-11-25,新闻报道,算法综合治理；清朗专项行动；信息茧房；新就业形态劳动者权益,人民日报报道中央网信办等四部门联合部署开展“清朗·网络平台算法典型问题治理”专项行动。报道指出专项行动重点整治同质化推送营造“信息茧房”、操纵榜单、大数据“杀熟”等问题，从算法导向正确、公平公正、公开透明、自主可控和责任落实五方面明确工作目标，专项行动持续至2025年2月14日。,https://politics.people.com.cn/n1/2024/1125/c1001-40368301.html
“清朗·网络平台算法典型问题治理”专项行动启动 重点整治大数据“杀熟”、诱导沉迷等问题,央广网,2024-11-25,新闻报道,清朗专项启动；算法安全能力；信息茧房防范机制；榜单透明度,央广网报道算法典型问题治理专项行动启动。北京师范大学吴沈括点评认为，专项行动对相关问题的指向性及可能产生的负面效果、治理思路作出明确部署，希望借专项行动推进数字内容生态建设。行动要求构建“信息茧房”防范机制、全面公示热搜榜单算法原理、严禁利用年龄职业消费水平特征对相同商品差异化定价。,https://china.cnr.cn/news/20241125/t20241125_526987379.shtml
“2024年中国网络与数据法治领域十大事件”发布,法治日报（法治网）,2024-12-30,研究报道,年度十大事件；算法治理；算法备案；数据要素政策,法治网发布2024年中国网络与数据法治领域十大事件，梳理算法治理脉络：2021年9月九部门指导意见提出三年建立算法综合治理格局；2022年3月算法推荐管理规定施行，系我国首次为算法推荐服务制定专门规章；2024年11月四部门联合部署“清朗·网络平台算法典型问题治理”专项行动，聚焦六方面任务。,https://www.legaldaily.com.cn/index/content/2024-12/30/content_9110068.html
“人工智能+”行动意见印发 提出实施六大重点行动,央广网,2025-08-26,政策解读,人工智能+行动解读；六大行动；智能体；模型能力评估,央广网报道并解读“人工智能+”行动意见，梳理科学技术、产业发展、消费提质、民生福祉、治理能力、全球合作6大重点行动，以及提升模型基础能力、加强数据供给创新、强化智能算力统筹等8方面基础支撑；强调建立模型能力评估体系，发展数据标注与数据合成技术，培育“模型即服务”“智能体即服务”等应用模式。,https://www.cnr.cn/tech/ycbd/20250826/t20250826_527340478.shtml
【湖南省科学技术厅】构建科技向善生态 科技伦理赋能产业发展,湖南省人民政府网,2024-04-10,政策动态,科技伦理审查；伦理委员会；生成式AI备案；地方试点,报道湖南省率先推进AI伦理审查落地：2024年4月为万兴科技、湖南视旅等首批6家企业颁发人工智能科技伦理审查机构登记证书。此前两家企业的生成式AI大模型因无伦理审查机构一度无法完成备案，经省科技厅协调服务后于2024年3月通过备案审核，为AI伦理治理的企业落地提供地方实践样本。,https://www.hunan.gov.cn/hnyw/bmdt/202404/t20240410_33273409.html
"AI摄像头进校园,安防与隐私如何两全",中国教育网,2026-08-12,深度报道,校园监控；人脸识别；课堂监测；隐私边界；知情同意,中国教育网文章讨论校园AI监控边界。文章回顾国内高校以人脸识别监测课堂出勤与专注度引发的争议，以及2024年华东某高校教室装双摄像头事件，认为争议焦点是摄像头“做什么”而非“有没有”；作者认为应按《人脸识别技术应用安全管理办法》等，以场景限定、程序透明与数据安全划定边界。,https://www.edu.cn/xxh/focus/rd_xin_wen/202608/t20260812_2764630.shtml
"化解“外卖骑手困于系统”,只能舍绩效求安全吗?",新京报(中华网转载),2022-01-08,深度报道,算法监管；平台用工；骑手权益；劳动安全；两会建议,"新京报2022年1月报道,北京两会上委员热议外卖骑手困于系统问题,建议为平台算法设底线:合理设定订单数量、准时率等考核要素,对连续送单超4小时者系统停止派单,并加强交通安全与劳动保障,避免牺牲骑手安全健康换取效率。",https://m.tech.china.com/digi/digi/20220108/20220108979532.html
国是访问 | 生成式人工智能会跟人抢“饭碗”吗?她们为啥更“危险”?,中新社国是直通车(今日头条转载),2023-11-17,人物访谈,白领岗位；文职工作；性别差异；自动化；专家访谈,"中新社国是直通车2023年11月专访国际劳工组织经济学家珍妮·伯格。她表示生成式AI冲击正从体力劳动转向白领与知识型岗位,全球至多2.3%岗位可能完全自动化;文职工作受冲击最大,因女性文职占比高,女性潜在受影响更大,多数工作只是被补充而非替代。",https://www.toutiao.com/article/7302405774691648034
"当AI招聘与AI应聘“斗法”,魔法能否打败魔法",新京报·贝壳财经(中国新闻网转载),2024-11-21,深度报道,AI面试；AI招聘；算法筛选；求职公平；反作弊,"新京报贝壳财经2024年11月调查报道,AI面试已大规模进入校招,猎聘、智联、牛客等产品降低招聘单价与时长;但求职者也用AI实时代答作弊,企业则部署反作弊监测,形成AI招聘与AI应聘的攻防。报道引述专家观点认为应明确AI使用边界。",https://www.chinanews.com.cn/sh/2024/11-21/10323124.shtml
"面试时可3秒作答、窗口“隐身”!AI“枪手”潜入招聘考场,部分求职者担忧招聘公平,专家:AI攻防或长期存在,需明确边界、调整考法",羊城晚报(腾讯新闻转载),2026-08-28,深度报道,AI作弊；招聘公平；AI面试；智能监考；求职诚信,"羊城晚报2026年8月调查报道,面向线上面试笔试的AI实时代答工具已形成灰产,3秒生成答案且窗口可隐身,37.8%受访企业称AI作弊增加。企业以双机位监控、AI监考应对,专家认为攻防将长期存在,需明确AI使用边界、调整考核方式,防范求职诚信与公平危机。",https://new.qq.com/rain/a/20260828A0A8DL00?refer=cp_1009
韩束母公司大裁员?AI替代人工引发热议,南方+(21世纪经济报道内容),2025-02-09,新闻报道,上美股份；AI替代；裁员；DeepSeek；客服岗位,"2025年2月,韩束母公司上美股份创始人吕义雄内部聊天截图曝光,提出客服裁95%、法务裁50%、内容创新裁80%等用AI替代人工的比例,引发AI裁员热议。公司回应否认裁员,称人员为结构性增减、全年增员800人,事件被视为DeepSeek热潮冲击白领岗位的标志性案例。",https://static.nfnews.com/content/202502/09/c10975723.html
大量AI主持人正在上岗 真人主播饭碗不保了?,扬子晚报/紫牛新闻(中国新闻网转载),2025-02-11,新闻报道,AI主播；播音主持；数字人；岗位冲击；人机共生,"扬子晚报2025年2月报道,杭州新闻联播春节档全程由AI数字人主播播报、零失误,多地地方融媒已有AI主播常态化上岗。报道分析AI主播在形象、情感、突发应对上仍不及真人,认为主持人行业更可能是人机共生而非被全面取代。",https://www.chinanews.com/cul/2025/02-11/10366514.shtml
大量AI主播抢饭碗 播音专业何去何从?,羊城晚报(中工网转载),2025-02-16,深度报道,AI主播；播音专业；就业压力；人机协作；传媒行业,"羊城晚报2025年2月报道,杭州新闻联播AI主播零失误播报引发播音专业是否被取代的讨论。专家称标准化播报任务已被AI逐步承接,能力与风格不突出的主持人面临就业压力;播音专业涵盖采编播多环节,AI仅替代部分工作,未来或为人机协作。",https://www.toutiao.com/article/7471916620953289251
"当AI学会编程,程序员该做何改变?",海报新闻(转自澎湃新闻),2025-08-29,人物访谈,AI编程；程序员；岗位变革；生产力提升；人机共生,"澎湃科技2025年8月专访开源专家周强:生成式AI使编程生产力成倍提升,十个程序员的工作或一人可完成,但岗位不会消失;不会用AI、只会写简单代码的程序员将被淘汰,拥抱AI者向复合型业务人才与技术专家转型。",https://www.toutiao.com/article/7543945607925301800
“硅基同事”正式入职 银行业的效率革命与人力结构的重构,羊城晚报·新快报,2026-07-20,深度报道,AI数字员工；银行减员；柜员；智能客服；人力结构,"新快报2026年7月深度报道,2025年上市银行年报显示工行AI数字员工承担工作量相当于5.5万人年、招行AI替代1556万人工小时,柜员、客服等岗位持续收缩,AI训练师与智能体运营岗扩张。报道称银行正经历硅基同事入职带来的效率革命与人力结构重构。",https://ep.ycwb.com/epaper/xkb/html/2026-07/20/content_1514_759708.htm
AI辅助或代写论文 拷问大学的容忍边界,中国青年报,2024-07-08,深度报道,AI代写；学位论文；学生调查；人工智能依赖,"中青报报道其2023年底面向7055名高校学生的调查:84.88%使用过AI工具、77.51%认为能提升效率;受访学者指出AI辅助学位论文写作易催生“人工智能依赖”、削弱学习自主性,并伴随虚假文献、侵权与偏见风险,拷问高校对AI使用的容忍边界。",https://zqb.cyol.com/html/2024-07/08/nw.D110000zgqnb_20240708_1-05.htm
复旦试行本科毕业论文(设计)使用AI规定 试图弄清“允许”和“禁止”边界,解放日报(上海市政府网站转载),2024-12-09,政策解读,复旦；AI使用边界；本科毕业论文；人才培养,"解放日报专访复旦教务处负责人,解读本科毕业论文AI使用试行规定:“凡涉及原创性、创新性及本学段重点考察能力的环节不得使用AI”,称《规定》不是警示而是规范,旨在厘清允许与禁止的边界,引导学生科学规范使用AI、防范学术风险。",https://www.shanghai.gov.cn/nw4411/20241209/2fcff0b16b7742e58c5c34ae02b62440.html
如何推进中小学科学规范使用生成式人工智能?教育部基础教育教指委负责人答记者问,中国教育和科研计算机网(转自微言教育),2025-05-13,政策解读,中小学AI指南；分学段应用；教育公平；使用红线,"教育部基础教育教指委负责人就《中小学生成式人工智能使用指南(2025年版)》答记者问,阐明育人导向、教育公平、技术向善等五大原则及三大应用场景,明确小学至高中分学段差异化应用,并禁止学生直接复制AI内容充当作业或考试答案。",https://www.edu.cn/xxh/focus/zc/202505/t20250513_2667996.shtml
教育部:禁止小学生独自使用开放式内容生成功能,中工网,2025-05-14,新闻报道,使用指南；小学生；隐私保护；AI教学边界,"中工网报道教育部基础教育教指委发布《中小学生成式人工智能使用指南(2025年版)》,明确小学阶段禁止学生独自使用开放式内容生成功能、教师不得将生成式AI作为替代性教学主体,并要求以保障个人隐私和数据安全为前提规范使用。",https://www.workercn.cn/c/2025-05-14/8520696.shtml
当毕业论文遇到AI“审判”,新京报,2025-06-17,深度报道,AI率红线；误判；毕业论文；教师困境,"新京报深度调查显示多所高校将论文AI率纳入答辩并设红线,检测却因平台而异、易误伤规范表述,催生“降AI率”灰色产业链;教师观察到学生出现“习得性求助”,呼吁改变考核方式并以过程性材料、沟通机制替代单一检测数字。",https://m.bjnews.com.cn/detail/1750124556168115.html
浙江高校本科新生人工智能通识课全覆盖,浙江日报(浙江省教育厅网站转载),2025-09-22,新闻报道,人工智能通识课；分层分类；浙江高校；全覆盖,"浙江日报报道,2025年秋季起浙江高校实现本科新生人工智能通识课程分层分类全覆盖,已推出25门省级课程、66所高校发布100余门课程资源,兼顾不同专业素养基础与个性化需求,以培养复合型人工智能人才。",https://jyt.zj.gov.cn/art/2025/9/22/art_1532836_58944426.html
"面对AI浪潮,多所高校推出人工智能通识课,学生对此点赞 “对AI的认知从模糊变得清晰”",人民日报海外版(北航新闻网转载),2025-04-11,新闻报道,人工智能通识课；北航；跨学科；AI素养,"人民日报海外版报道北航2025年春季面向全校本科生开设《人工智能导论》必修课,由14个院系55名教师共建,采用24学时理论+16学时实验架构并为文理工分类设计实验;北京科技、北京建筑、北京邮电等高校亦推出分层次AI通识课程。",https://news.buaa.edu.cn/info/1002/65463.htm
中国未成年人互联网运用报告发布:AI赋能教育城乡差距明显,北京青年报,2025-09-24,研究报道,教育公平；数字鸿沟；AI学习机；分龄治理,"社科院等发布的《中国未成年人互联网运用报告(2025)》显示,城市未成年人AI学习机拥有率15.4%、农村仅5.8%,城乡差距明显;报告建议构建分龄精准治理体系、优化平台功能分级与未成年人模式,家校平台协同构筑网络安全屏障。",https://app.bjtitle.com/5620/newshow.php?newsid=6695296
容縣:AI教學“雲端團研” 城鄉課堂“組團開挂”,人民网广西频道,2025-04-14,新闻报道,城乡均衡；双师课堂；数字教研；县域实践,"人民网广西报道容县以“云端团研”推动城乡课堂均衡:投入350多万元建设编程课后服务体系,培育500多名AI“双师型”教师、组建200多个数字教研共同体,孵化600余个本土化AI教学案例,尝试让乡村教师参与前沿项目研发。",https://gx.people.com.cn/BIG5/n2/2025/0414/c179462-41196089.html
"坚守大学使命,摆脱“AI依赖”困境",中国青年报,2025-10-17,专家评论,AI依赖；独立思考；大学生；学术不端,"中青报刊发评论,引用对13所高校3000多名大学生的调研:约85%本科生不同程度使用生成式AI,三四成直接复制AI内容,研究生一键生成论文加剧学术不端风险;呼吁学生把AI当作参照“镜子”与对话伙伴而非代劳工具,守住独立思考与大学使命。",https://zqb.cyol.com/pc/content/202510/17/content_417507.html
超九成受访大学生将AI作为“全能学伴”,中国青年报,2026-07-10,研究报道,大学生调查；AI学伴；使用边界；学校规范,"中青报调查显示超九成受访大学生将AI当作“全能学伴”,但仅三成多能严守学术底线规范使用;近六成称学校对AI规范仅“口头提及”,83.24%认为高校有必要制定AI学习工具使用规范;受访者期望开设AI学习课程、优化作业考核并明确使用红线。",https://zqb.cyol.com/pc/content/202607/10/content_428016.html
青平:AI的正确打开方式是建立思维领域的“缓冲带”,中青在线(青平专栏),2026-01-16,专家评论,思维惰性；AI依赖；未成年人；人机相处,"中青评论援引调查称超七成受访者担心过度依赖AI产生思维惰性,逾两成未成年人存在“不想自己思考”倾向,并引MIT研究提示认知连接可能减少;主张建立思维“缓冲带”,先自主作答再借助AI深化,保持对心智与认知的主导权。",https://m.cyol.com/gb/articles/2026-01/16/content_VYbvgeHv9M.html
停止形式主义AI筛查 重塑科学的评价体系,中国青年网,2026-07-27,专家评论,AIGC检测；形式主义；学术评价；降AI过检,"中国青年网评论批评高校将“AIGC检测率”当硬性指标、催生“降AI过检”灰色产业链是本末倒置的形式主义;援引Science研究指出文本检测方法不完善,呼吁停止形式主义AI筛查,以尊重原创与实证的方式重塑科学评价体系。",https://news.youth.cn/sh/202607/t20260727_16785049.htm
2024年卫生健康行业人工智能大模型应用场景研讨会召开,中国经济网,2024-12-19,行业观察,医疗大模型；AI全科医生；影像AI；数据确权；应用场景,"2024年卫生健康行业人工智能大模型应用场景研讨会综述,鼓楼医院展示全流程影像AI,百川智能介绍其医疗大模型与多地卫健委和儿童医院合作、AI全科医生接近主治医师水平;专家探讨数据库打通、数据确权等落地卡点,强调大模型定位是医生助手而非替代。",http://adimg.ce.cn/cysc/yy/hydt/202412/19/t20241219_39240935.shtml
合规与创新:AI医疗器械数据应用的法律边界,中国医药报,2026-04-24,专家评论,AI医疗器械；训练数据；知情同意；算法偏见；数据跨境,"中国医药报刊发法律专家分析,论述AI医疗器械全生命周期与数据获取深度绑定所带来的合规议题,涵盖训练数据来源合法性、著作权、患者知情同意“一事一议”困境、数据安全责任分配、算法偏见与公平、数据跨境传输等,提出动态知情同意、分类分级等治理建议。",https://m.cnpharm.com/c/2026-04-24/1095986.shtml
"健康焦点|AI+医疗,前景可期更需厘清边界",中工网,2026-01-23,深度报道,AI+医疗；患者隐私；知情同意；去标识化；心理健康AI,"深度报道聚焦AI医疗的应用边界:须保障患者对AI介入诊疗的知情与选择权,遵循隐私最小化原则。以心理陪伴AI“北小六”、邵逸夫医院区块链数据共享、华西医院匿名化体系为例,说明产品与医院层面的数据安全实践,并强调训练数据须合法正当且符合医学伦理审查。",https://www.workercn.cn/c/2026-01-23/8716466.shtml
"当青少年向算法倾诉心声,须警惕AI的温柔陷阱",中国经济网,2026-07-26,专家评论,AI心理咨询；青少年心理；共情幻觉；算法安抚；心理依赖,"评论文章结合中国青少年研究中心调查与相关研究指出,大量青少年向AI倾诉烦恼,AI“无条件积极关注”看似有效,实为概率预测的“模拟共情”;因避免激怒用户而一味顺从讨好,缺乏真实面质,可能沦为“数字版安慰剂”,呼吁警惕其对真实人际能力与认知改变的侵蚀。",https://www.ce.cn/xwzx/shgj/gdxw/202607/t20260726_3108927.shtml
AI心理“问诊”的能与不能 谨防两大风险,心理中国,2026-07-13,专家评论,AI心理问诊；讨好式共情；算法偏见；情绪识别；心理伤害,"专家评论指出AI心理“问诊”存在讨好型反馈与算法偏见两大风险:模型刻意迎合用户情绪、强化负性体验,通用训练数据夹带对精神心理问题的歧视性评判,可能诱导用户形成认知偏差;强调精神心理问题标签化与聊天机器人潜在伤害需谨慎评估,主张人类监督。",http://psy.china.com.cn/2026-07/13/content_43460335.htm
"AI给不了你一个拥抱——当青少年开始向算法倾诉,我们该如何看待AI与心理疗愈的关系?",中国网,2026-08-10,人物访谈,AI情感陪伴；青少年；心理疗愈；拟人化监管；访谈,"人物访谈探讨青少年向AI倾诉现象:受访研究者指出AI多在“表现理解”而非真正理解,存在替代现实交往风险。访谈结合2026年7月施行的全球首部AI情感陪伴专项法规及中美相关调查数据,讨论AI心理支持的边界、争议与监管方向。",https://big5.china.com.cn/gate/big5/bjtime.china.com.cn/2026-08/10/content_43474121.html
“AI﹢医疗”:守住安全 释放温度,人民论坛网,2026-03-17,专家评论,AI医疗安全；可解释性；审批门槛；全生命周期监管；数据治理,"人民论坛网刊发评论,提出“AI+医疗”须守住安全底线:当前在数据规范、算法透明、网络攻击防护等方面缺乏系统保障;建议强制推行AI医疗可解释性准入标准、要求提供“临床逻辑链”,并强化医疗数据全链条治理与部署—监测—迭代—退出闭环管理,穿透算法黑箱。",https://www.rmlt.com.cn/2026/0317/747989.shtml
我国首款面向临床医生的“精神心理专精大模型PsychGPT”诞生,心理中国,2024-06-24,新闻报道,PsychGPT；精神心理大模型；心境障碍；临床辅助；心理健康,"报道北京安定医院在第十六次全国心理卫生学术大会上发布国内首款面向临床医生的精神心理专精大模型PsychGPT:对心境障碍诊断与金标准MINI诊断一致性97%,可辅助基层与年轻医生识别常见精神疾病、生成格式化病历,并具备基因检测与神经影像等多模态数据分析能力。",http://psy.china.com.cn/2024-06/24/content_42837705.htm
"当AI偷走孩子的心,家校如何补位",中国青年报,2026-06-19,深度报道,AI倾诉；青少年心理；家校共育；情感依赖；AI陪伴,"中国青年报深度报道青少年“AI倾诉”现象:调查显示近半数学生烦恼时求助AI、逾两成只想与AI聊天,而近七成家庭没有AI使用规则。通过班主任、留守学生、家长案例剖析AI“无条件接纳”背后的家庭与社会情感支持缺口,探讨家校如何在数字时代补位并划定使用边界。",https://zqb.cyol.com/pc/content/202606/19/content_427206.html
专家建议:为未成年人使用AI划定“安全边界”,中国青年报,2026-06-09,人物访谈,未成年人AI使用；情感倾诉；心理依赖；AI素养；安全边界,"中国青年报采访青少年研究专家孙宏艳:调查显示超六成中小学生使用过生成式AI,两成学生更愿依赖AI思考。她指出AI即时回应与无条件顺从易致未成年人心理依赖、弱化独立思维与社交能力,建议将AI定位为辅助陪伴工具,由家庭为其使用划定不替代思考、不脱离现实社交的安全边界。",https://zqb.cyol.com/pc/content/202606/09/content_426813.html
"当金融遇上ChatGPT:应用加速落地,合规是首道“关卡”",中国电子银行网,2023-09-15,行业观察,金融大模型；生成式AI；合规；度小满轩辕；蚂蚁大模型,"2023年大模型热潮席卷金融业,银行先后接入文心一言等通用模型,度小满“轩辕”、蚂蚁金融大模型等约15家机构推出垂类金融大模型并应用于营销、客服、风控与投研。专家强调金融场景对准确性要求极高,“AI幻觉”在金融业务中是致命缺点,合规成为应用落地的首道关卡。",https://www.cebnet.com.cn/20230915/102908825.html
大模型应用未来两年将有“新动向”,中国银行保险报,2025-07-29,行业观察,金融大模型；Agent；智能风控；安全防护；金融机构,"2025年腾讯云金融数智峰会上,多位机构人士分享银行、证券、保险AI落地进展。业内认为大模型应用仍处初期,头部机构已进入Agent自主规划阶段;金融业对专业性与精准度要求极高,需多Agent协同与插件生态支撑,并以“大模型对抗大模型”强化输入输出安全管控、数据脱敏与防泄露。",https://jrj.wuhan.gov.cn/ynzx_57/xwzx/202507/t20250729_2626137.shtml
从辅助工具到战略引擎 上市险企打响AI升维战,新浪财经(转载),2025-04-21,行业观察,保险AI；智能核保理赔；车险闪赔；反欺诈；DeepSeek,"报道盘点2024年上市险企年报中的AI布局:平安实现93%寿险保单秒级核保,车险图像识别闪赔定损提速4000倍,反欺诈智能化理赔拦截减损119.4亿元;平安产险98万条案件全自动理赔。中国人寿、新华保险推进DeepSeek私有化部署,保险业将AI从效率工具升级为战略引擎。",https://finance.sina.com.cn/stock/relnews/cn/2025-04-21/doc-inetxncx6260528.shtml
筑牢反保险欺诈的“四道防线”,中国经济网,2024-10-16,企业实践,农险反欺诈；卫星遥感；AI定损；承保理赔；监管分局,"报道黑龙江鸡西金融监管分局组织农险机构筑牢反欺诈“四道防线”:阳光农险用卫星遥感与无人机核验标的,人保财险以电子耳标、畜脸识别、AI点数管理养殖险,太保产险e农险融合AI、区块链、5G实现理赔风险预警,并通过行业联防、数据共享与警保联动压缩骗保空间。",https://finance.ce.cn/insurance1/scrollnews/202410/16/t20241016_39170735.shtml
"大童保险服务郭梦雯:保险行业AI发展应走“AI增强人工”的路线,而非无人化销售",每日经济新闻,2026-08-04,人物访谈,AI保险营销；数字人直播；合规红线；持证经纪人；AI增强人工,"每日经济新闻举办AI保险营销闭门研讨会,一线从业者郭梦雯指出,纯AI数字人直播易被平台限流且AI生成的方案可能脱离客户真实收支;AI不具备独立持证营销主体资格,不能单独直播销售。她主张保险业AI走“AI增强人工”路线,由持证经纪人人工审核兜底,平衡效率创新与消费者权益。",https://m.nbd.com.cn/articles/2026-08-04/4531383.html
"骗子又出“新花招”!临近过年,快来get金融防骗攻略",光明网(金融时报),2024-02-01,风险事件,AI技术诈骗；屏幕共享；金融消保；风险提示；防骗,"临近2024年春节,金融监管总局河南监管局发布风险提示,点名AI拟声换脸诈骗、屏幕共享诈骗、短视频点赞赚钱三类新型骗局,提示消费者核实身份、选择持牌机构、保护人脸等敏感信息,遭遇诈骗应立即挂失止付并报案,应对新型技术风险。",https://m.gmw.cn/2024-02/01/content_1303650678.htm
"AI换脸通话10分钟骗430万?记者调查:目前没这么容易,如何抵御风险",央广网,2023-05-26,风险事件,AI换脸；电信诈骗；430万；警银联动；个人信息泄露,"2023年5月包头警方披露福州企业负责人被AI换脸冒充好友10分钟内骗走430万元的案件,引发舆论关注。央广网调查指出,实时视频中做到高保真AI换脸变声技术上难度较大,但深度合成冒充熟人的诈骗确在增多,其上游与个人信息泄露密切相关,需职能、企业与个人协同防范。",https://news.cnr.cn/native/gd/20230526/t20230526_526264932.shtml
金融监管总局:防范“共享屏幕”“AI换脸拟声”等新型电信网络诈骗,央广网(转载于网易号),2024-07-24,风险事件,金融监管总局；AI换脸拟声；共享屏幕；风险提示；网络诈骗,"2024年7月24日,国家金融监督管理总局金融消费者权益保护局发布风险提示,点名“共享屏幕”、“AI换脸拟声”、虚假网络投资理财及网络游戏虚假交易四类新型电诈手法,提示公众保护验证码、人脸与语音信息,警惕以投资理财、客服退款为名的诱导转账陷阱。",https://www.163.com/dy/article/J7SRAJHQ0514R9NP.html
AI量化选股骗局曝光 监管警示非法荐股套路,中国金融新闻网(金融时报),2026-06-23,新闻报道,AI量化选股；非法荐股；深圳证监局；监管警示；虚假宣传,"中国金融时报报道,深圳证监局针对AI量化选股、以培训为名荐股、假冒持牌机构三类非法荐股套路发布风险提示,指出所谓AI选股软件缺乏投研能力、甚至篡改回测数据。证监会主席吴清在陆家嘴论坛表示将适时发布规范资本市场人工智能发展的指导意见,依法从严打击利用AI非法荐股等乱象。",https://www.financialnews.com.cn/2026-06/23/content_451554.html
"从卖产品到管账户,基金投顾试点转常规提速,隐性门槛加剧机构分化",界面新闻,2026-08-31,深度报道,基金投顾；试点转常规；买方投顾；隐性门槛；AI投顾能力,"界面新闻报道基金投顾试点转常规申报窗口动态:监管邀请制下机构分批提交材料,券商将投顾视为买方服务基础设施积极布局,而投入周期长、盈利难加剧分化。文章披露机构须在系统科技(含投顾AI能力)、合规风控与团队上持续投入5至10年,部分中小公募选择观望。",https://finance.sina.com.cn/jjxw/2026-08-31/doc-iniqfear7307552.shtml
人工智能在金融领域应用的国际监管动向及启示,中国金融新闻网(金融时报),2026-07-16,研究报道,AI金融监管；算法评价规范；信息披露指南；分级分类管理；国际监管,"中国金融时报梳理金融AI监管脉络:央行先后发布算法金融应用评价规范、信息披露指南,并将研究AI金融应用政策文件与大模型安全规范;金融监管总局要求算法全周期管理、保障透明与可解释。文章建议借鉴境外分级分类差异化监管做法。",https://www.financialnews.com.cn/2026-07/16/content_453140.html
广东省加快推进“人工智能+”金融深度融合应用的若干措施,广东省地方金融管理局,2026-06-03,政策动态,人工智能+金融；智能信贷；智能风控；数据安全；广东,"2026年6月3日广东省七部门联合印发“人工智能+”金融深度融合若干措施,提出到2028年推出60个示范应用案例,在银行智能信贷、证券智能投研合规监控、保险精准承保理赔及地方金融组织防非打非等领域部署应用,同时建立分级分类风险监管机制、落实算法信息披露与数据安全合规要求。",https://www.gdjr.gov.cn/gdjr/zwgk/tzgg/content/post_43504.html
如何破解大模型“幻觉” 业内认为应以“领域本体”筑牢金融AI安全防线,新华财经(中国金融信息网),2026-08-05,行业观察,模型幻觉；领域本体；可解释；可追溯；金融AI安全,"新华财经报道行业闭门会观点:破解大模型幻觉、数据孤岛与决策黑盒,须构建“领域本体”作为业务逻辑到机器规则的翻译层,让大模型在受控路径下运行。恒丰银行等机构代表指出金融业需要可信、可解释、可追溯、可管控的AI,避免一次错误判断传导为系统性风险。",https://m.cnfin.com/hg-lb//zixun/20260805/4451343_1.html
“人工智能+金融”正重塑金融运行逻辑,中国经济时报,2026-06-15,人物访谈,AI+金融；模型幻觉；算法同质化；羊群效应；责任划分,"中国经济时报专访清华大学郦金梁,剖析“人工智能+金融”风险:大模型幻觉与不可解释性同金融审慎监管存在张力;算法同质化与顺周期共振、风险传染秒级化、云服务商成关键节点;责任界定与监管科技能力不对称突出。他建议分场景分级推进、人机协同下人为最终责任,并发展监管沙盒与隐私计算。",https://jjsb.cet.com.cn/show_543632.html
大厂网贷“吃”掉年轻人,新浪财经(转载),2026-05-13,深度报道,网络贷款；智能风控；算法黑箱；年轻人；多头借贷,"深度调查报道追踪年轻人深陷互联网平台消费贷的过程:平台风控以征信与行为数据建模,捕捉多头借贷等信号决定提额、降息直至“弃置”用户,低质用户被导流给第三方机构。受访从业者坦言模型是塞入数千变量的黑匣子,因果难追溯,揭露大厂网贷利用算法经营客群与负债循环的问题。",https://finance.sina.com.cn/wm/2026-05-13/doc-inhxtkrn0888721.shtml
热议“AI图片著作侵权第一判”:并非所有“人工智能生成图片”都受法律保护 业内人士更担心……,每日经济新闻(中国经济网转载),2023-12-05,新闻报道,AI文生图；著作权；北京互联网法院；春风送来了温柔；独创性,"2023年11月底,北京互联网法院一审宣判国内AI文生图著作权第一案:原告以Stable Diffusion输入提示词、设置参数并筛选图片,被认定投入体现独创性,AI图构成美术作品归使用者,被告去水印配图构成侵权,判赔500元。报道汇总岳屾山、张伟君等意见,呈现对AI生成内容保护尺度的不同看法。",https://www.ce.cn/xwzx/gnsz/gdxw/202312/05/t20231205_38817171.shtml
全国首例“AI声音侵权案”宣判带来何种警示,中国城市报,2024-04-29,专家评论,AI声音；人格权；声音AI化授权；商业使用；警示,"中国城市报刊发评论指出:声音权益属人格权范畴,录音制品著作权并不天然包含授权他人对配音师声音进行AI化商业使用的权利;未经同意的AI化使用即构成侵权。文章提醒,商业使用他人声音作品不能奉行“拿来主义”,须通过合同明确授权并取得本人同意,否则将承担侵权责任,为规范AI声音产业提供了法治警示。",https://paper.people.com.cn/zgcsb/html/2024-04/29/content_26055200.htm
网络文学中的“AI写作”之争,法治周末(法治日报社),2024-08-08,深度报道,网络文学；番茄小说；AI训练协议；作者维权；实质相似,"法治周末报道番茄小说“AI训练补充协议”风波后的网络文学AI写作之争:平台拟将签约作品“投喂”AI训练,引发作者联合抵制并向版权局投诉。记者对话刘晓春等专家,指出AI训练网文数据是否侵犯作者权利在立法司法上尚无定论,输出与在先作品构成实质性相似方可能侵权,侵权后的责任归属亦待明确。",https://m.legalweekly.cn/fzzg/2024-08/08/content_9034762.html
打破算法编织的“信息茧房”,法治日报(法治网),2024-12-05,深度报道,信息茧房；算法推荐；个性化画像；注意力经济；专家观点,"法治日报结合2023年中青报调查与北航余盛峰、对外经贸大学许可等专家观点,剖析算法个性化推荐如何编织“信息茧房”:平台基于用户画像精准“投喂”、注意力经济驱动停留时长最大化,指出信息茧房带来社会割裂、群体隔阂等后果,并就破茧之道采访多方意见。",https://www.legaldaily.com.cn/index/content/2024-12/05/content_9096878.html
打破算法推荐制造的信息茧房,中国社会科学报,2026-04-14,研究报道,信息茧房；算法透明；个性化推荐；协同过滤；数字治理,"中国社会科学报采访高山冰、师文、徐涵、董晨宇等学者,系统分析算法时代信息茧房的隐蔽性、规模化与商业逻辑驱动特征及其对认知固化、群体极化的危害,梳理个人信息保护法、算法推荐管理规定等制度演进,提出算法透明化、赋予用户信息选择权、去同质化策略等治理路径。",https://www.cssn.cn/skgz/bwyc/202604/t20260414_5980241.shtml
答好未成年人网络保护这道题,经济日报(腾讯新闻转载),2026-07-31,专家评论,未成年人；算法推荐；平台责任；未成年人模式；网络保护,"经济日报评论就“清朗·未成年人网络保护”专项行动指出,平台需将保护理念嵌入算法设计、内容分发、流量推荐全流程,杜绝诱导沉迷与过度消费;呼吁压实企业主体责任、建立跨平台违规信息共享与联动惩戒机制,并强调家校社会协同开展数字素养教育,共同守护未成年人网络成长环境。",https://news.qq.com/rain/a/20260731A02VGP00
中国发布丨中央网信办:使用深度合成服务需进行身份信息认证,中国网,2022-01-29,新闻报道,深度合成；身份认证；生物识别；辟谣机制；安全评估,中国网报道中央网信办《互联网信息服务深度合成管理规定(征求意见稿)》要点:深度合成服务使用者须实名认证方可发布信息;提供人脸、人声等生物识别信息显著编辑功能须取得被编辑者单独同意;服务提供者须落实信息安全主体责任、开展安全评估并接受监督检查。,https://news.china.com.cn/2022-01/29/content_78018882.html
近年来“AI换脸”走红网络 存在哪些法律风险?,中国互联网联合辟谣平台,2022-12-30,新闻报道,AI换脸；肖像权；名誉权；民法典；侵权,"中国互联网联合辟谣平台记者调查报道AI换脸走红背后的侵权风险,列举刘昊然工作室报案、林俊杰起诉平台及博主索赔27.5万元等案例,采访中国传媒大学郑宁、律师刘智等,指出未经同意以技术手段伪造使用他人肖像构成肖像权侵害,恶意丑化还可能侵犯名誉权。",https://www.piyao.org.cn/20221230/abc49af612c64e2395647ba5fcc613a0/c.html
"遏制AI换脸带货,需强化平台责任",中工网(工人日报),2023-05-23,专家评论,AI换脸；直播带货；肖像权；平台责任；深度合成,"工人日报评论针对直播间用AI实时换脸冒充明星带货的现象指出,未经明星同意换脸涉嫌侵犯肖像权,援引林俊杰诉B站换脸案等判例,强调平台应履行把关职责,落实《互联网信息服务深度合成管理规定》对换脸内容的显著标识要求,从源头治理利用AI侵权牟利乱象。",https://www.workercn.cn/c/2023-05-23/7848679.shtml
厘清AI换脸的法律边界,中工网(工人日报),2023-05-30,专家评论,AI换脸；肖像权；民法典；深度合成规定；直播带货,"中工网评论结合民法典关于肖像权的规定及《互联网信息服务深度合成管理规定》《生成式人工智能服务管理办法(征求意见稿)》的禁止性条款,厘清AI换脸带货、换脸教程的法律边界,指出其涉嫌侵犯肖像权并可能被用于诈骗等犯罪,主张依法划定红线底线。",https://www.workercn.cn/c/2023-05-30/7857777.shtml
公安部公布10起打击整治 网络谣言典型案例,人民公安报,2024-04-13,新闻报道,网络谣言；AI工具；典型案例；引流牟利；刑事强制,"人民公安报2024年4月13日报道公安部公布的10起网络谣言典型案例,其中多起涉及利用AI工具:重庆网民康某用AI编造爆炸谣言被行拘;杨某等组织兼职人员用AI批量生成不实文章引流牟利,6人被刑事强制措施。",https://epaper.cpd.com.cn/szb/wwwcpd_9/dzb_16465/rmga/2024/2024_04_13/16466_2024_04_13_37591/424/t_1131067.html
"你刷的短视频,标注“AI生成”了吗?",中国经济网,2025-10-24,行业观察,AI生成内容；标识办法；短视频；元数据；显式标识,"中国经济网调查《标识办法》施行后平台落实情况:受访用户反映短视频画面出现AI提示信息更清楚;截至2025年6月国内生成式AI用户达5.15亿;报道解读显式标识“一眼可见”、隐式标识类似指纹可溯源,及其与强制性国标构成的“办法+强标”治理组合。",https://www.ce.cn/cysc/newmain/yc/jsxw/202510/t20251024_2535313.shtml
"引入“黑名单”,规范AI直播!直播电商监督管理办法征求意见有哪些亮点",中国青年网,2025-06-12,政策动态,直播电商；AI主播；虚拟人标识；黑名单；管理办法,"中国青年网报道市场监管总局与国家网信办联合起草的《直播电商监督管理办法(征求意见稿)》亮点:引入“黑名单”跨平台惩戒,要求直播间运营者对AI生成人物图像、视频直播进行显著标识并持续提示,违规则由运营者担责,规范AI数字人直播与虚拟IP运营。",https://news.youth.cn/gn/202506/t20250612_16053890.htm
张晓北代表:无授权的AI合成主播该管管了,最高人民检察院网站(转载),2025-03-04,人物访谈,AI合成主播；授权；肖像权；声音权；数字人,"全国人大代表张晓北在全国两会期间受访表示,部分社会机构未经主持人授权采集形象、声纹生成AI数字人主播用于新闻播报、商业配音甚至牟利,侵犯肖像权、声音权并引发劳务纠纷,建议使用前签订授权协议、建立行业黑名单与监管标准。",https://www.spp.gov.cn/zdgz/202503/t20250304_687200.shtml
"科技观察家丨AI主播“接管镜头”,不能只为炫技",科技日报,2025-11-08,专家评论,AI主播；新闻伦理；人机协同；深度伪造；责任边界,"科技日报科技观察家评论指出AI主播走向常态化规模化,但存在表情僵硬、情感距离远等短板,并在现场直播等突发场景能力不足;由于法律滞后,AI主播面临数据安全、著作权、肖像权挑战,AI盗播滥用频发,需厘清责任体系并构建人机协同生态。",https://www.stdaily.com/web/gdxw/2025-11/08/content_428595.html
从两会报道看AI数字人主播的发展,中国新闻网(四川),2024-05-22,行业观察,AI数字人；两会报道；虚拟主播；媒体融合；AI应用,"中国新闻网四川刊发分析文章,梳理AI数字人主播从央视网“小C”、总台“AI王冠”到2024年两会人民网多民族数字主持人、杭州“小雨”等应用演进,指出AI数字人已成为媒体“新质生产力”,同时提出需加强监管确保信息真实可靠。",https://www.sc.chinanews.com.cn/shouye/2024-05-22/209883.html
善用善治 促进人工智能内容规范发展,中国青年网,2026-04-03,新闻报道,AI内容治理；深度伪造；信息茧房；专家观点；网络生态,"中国青年网报道2026中国网络媒体论坛“善用善治:AI内容规范发展”主题论坛:时建中、张鹏、郑志明等专家指出AI滥用侵蚀信任、训练数据偏见影响认知、来源不可证等深层难题,AI降低门槛致同质化低质内容激增并可能加剧信息茧房,主张平台坚持价值导向。",https://iot.youth.cn/yw/202604/t20260403_16590600.htm
划定红线疏堵结合精准保护青少年数字权益,法治日报,2026-05-31,专家评论,拟人化互动；青少年；情感依赖；算法成瘾；数字权益,法治日报刊发专家评论解读《人工智能拟人化互动服务管理暂行办法》。作者梳理AI情感陪伴致青少年成瘾的研究与美国少年自杀案，认为办法通过禁止虚拟亲属/伴侣服务、强制依赖干预、监护人同意等形成保护“组合拳”，较欧美“知情同意”路径更前瞻；,https://fazhi.youth.cn/fzyw/202605/t20260531_16690012.html
潮声丨当“AI复活”已故亲人成为现实，你会否尝试“数字永生”？,潮新闻·浙江在线,2024-03-12,深度报道,AI复活；数字永生；数字疗愈；哀伤；隐私伦理,潮新闻报道“AI复活已故亲人”形成产业：张泽伟团队已服务近700个家庭，数字人价格一千至一万元，殡葬、陵园纷纷引入。华东师大心理学者周宁宁提示持续联结或影响生者从哀伤中平复；,https://zjic.zj.gov.cn/zkdt/rdzx/202403/t20240312_21830094.shtml
骗子利用AI变声装“孙子” 骗走3名老人6万元,楚天都市报·极目新闻,2026-04-16,新闻报道,AI拟声；冒充孙子；养老钱；诈骗罪；判刑,楚天都市报报道黄石AI变声诈骗案：2025年4月丁婆婆等三名老人同天接到“孙子”求助电话，分别以“打伤同学”“需到公安机关赎人”等话术各被骗2万元现金。取款人吴某2025年11月5日被黄石港区法院以诈骗罪判处有期徒刑二年一个月并处罚金。,https://hsg.hs.hbjc.gov.cn/gyjx/hsgjx/202604/t20260416_1884270.shtml
工信部：累计为7000万老年用户提供手机“一键呼入”服务,中工网,2021-12-09,政策动态,适老化；一键呼入；老年人；互联网改造；信息无障碍,国新办发布会披露工信部解决老年人运用智能技术困难的进展：工信部信息通信管理局局长何亚琼介绍，三大运营商为老人保留线下“面对面”服务并开发“一键呼入”，已累计为7000万老年用户提供服务；工信部对173家网站和APP完成适老化改造，开发短信验证行程卡，并印发《关于推进信息无障碍的指导意见》。,https://www.workercn.cn/c/2021-12-09/6848154.shtml
綠色算力開啟“雙向奔赴”新範式,中国网(转载证券日报),2026-08-26,企业实践,绿色算力；乌兰察布；绿电+储能；东数西算；低碳,证券日报走访调研显示，2025年我国算力中心用电1960亿千瓦时、2030年预计超7000亿千瓦时。国务院“十五五”碳达峰行动方案提出完善算力设施节能降碳标准。乌兰察布博大数据等企业以绿电直供、储能储冷、自然冷源实现算力与绿能“双向奔赴”。,https://big5.china.com.cn/gate/big5/union.china.com.cn/cmdt/txt/2026-08/26/content_43482507.shtml
省大数据局关于省政协十三届四次会议第1520号提案的答复,贵州省大数据发展管理局,2026-07-17,政策动态,智算中心；PUE；液冷；绿色算力；贵州,贵州省大数据局在省政协提案答复中披露：国家明确枢纽节点数据中心PUE不得高于1.2；贵州正编制“十五五”新型基础设施建设规划，推广液冷服务器、分布式供能等节能产品技术；新修订的《贵州省大数据发展应用促进条例》自2026年起施行，支持降低数据中心能耗；省级算力调度平台已上线运营。,https://dsj.guizhou.gov.cn/zwgk/jyta/202607/t20260717_90635206.html
准东电厂全面部署AI大模型 构建“知识+数据”双轮驱动的智慧运维新范式,中国日报网,2025-11-17,企业实践,AI大模型；智慧电厂；智能运维；节能降碳；电力行业,中国日报网报道准东电厂全面部署AI大模型，通过“云-边-端”协同与智能机器人融合，实现设备健康预测、按需维护，提升可靠性并节约标煤、减少碳排放；企业还计划拓展设备寿命预测、多能协同调度、碳排智能核算场景，建设“AI原生智慧电厂”。,https://cn.chinadaily.com.cn/a/202511/17/WS691ac612a310942cc4991cae.html
144载电光流转 算电协同启绘新篇,中国能源新闻网,2026-08-03,行业观察,电力大模型；电网调度；算电协同；AI应用场景；清洁能源,中国能源新闻网盘点称，能源电力行业已将发输变配用调全产业链核心场景向AI开放：国家电网“光明”大模型覆盖27家省级公司600余个场景，南网“大瓦特·驭电”将仿真提速千倍，国家能源集团“擎源”大模型在179个电站发现缺陷2633条，“以算优电”规模化落地。,https://video.cpnn.com.cn/news/hy/202608/t20260803_1906142.html
探路内蒙古“绿电直供”：算力底座迈入“毫秒圈”,中国新闻网内蒙古频道,2026-08-25,新闻报道,绿电直供；数据中心；储能；碳减排；算电协同,中新网内蒙古报道，全国首个“点对点”数据中心集群绿电直供国家级示范项目位于内蒙古，以风光加储能加41公里专线保障7×24小时供电。一期年均可输出可溯源绿电7.6亿千瓦时、减排二氧化碳65.16万吨，助数据中心用电成本下降15%至20%；二期三期计划2026年底建成。,https://www.nmg.chinanews.com.cn/news/20260825/55661.html
以绿色算电协同赋能青海高质量发展,中国西藏网(理论频道),2026-08-31,专家评论,绿色算力；算电协同；绿电交易；零碳电力；青海,中国西藏网理论文章提出，青海绿电交易规模快速增长、算力规模同比增长161%，三江源示范园实现100%绿电消纳。建议完善算电一体化基础设施，探索微电网直连与分时电价、需求响应，引导算力负荷匹配绿电出力，并加强绿电溯源与绿色算力认证以承接东部需求。,https://www.tibet.cn/cn/theory/news/202608/t20260831_8040367.html
杜骏飞:每种新技术的应用都带着“偷懒的诱惑”,中国社会科学网(转载《传媒观察》),2023-03-10,专家评论,杜骏飞；AIGC；AI平等；人机关系；传媒观察,"报道《传媒观察》“激荡AIGC”对谈中南京大学新闻传播学院教授杜骏飞的观点:他提出“AI平等”愿景,认为AIGC已发展为数字基础设施,禁令无法阻挡;人类与AI间会产生互诱导性,可能遁入“AIGC茧房”;脑机融合或使人类坠入去人性化陷阱,主张做冷静警惕的“未托邦”论者。",https://cssn.cn/xwcbx/wlyxmt/202303/t20230310_5602505.shtml
清华大学文科沙龙第26期“科技伦理”举办,中国社会科学网,2023-05-29,专家评论,ChatGPT；科林格里奇困境；科技伦理；李正风；梁正,"报道清华大学文科沙龙。李正风将ChatGPT引发的社会伦理影响喻为“科林格里奇困境”再现,主张克服科技发展与伦理治理割裂;梁正认为ChatGPT既是人机对齐工程又是对就业、价值观与法律人格秩序的多重冲击;唐潇风提示每当社会关系发生阶跃变化,人类都会重思发展与伦理关系等根本命题。",https://www.cssn.cn/ysx/ysx_ysqs/202305/t20230529_5641001.shtml
中国人文学科发展大会(2026)在苏州举行,中国社会科学网,2026-06-11,新闻报道,人文学科；AI与人的关系；主体性；圆桌讨论；刘大椿,"报道2026中国人文学科发展大会圆桌讨论。刘大椿称AI带来主体性地震等四大变革,“AI时代是哲学的黎明”;朱承视AI为解放脑力劳动的助手;涂良川称AI为“伙伴”并拷问主体性理解方式;方维规与王尧提醒AI易让人丧失独立思考,语言表达源于个体生命体验、AI无法模拟,人文精神不可替代。",https://cssn.cn/skgz/bwyc/202606/t20260611_6053512.shtml
姚期智对谈Stuart Russell:起草白名单列出AI促进人类福祉的应用领域,南方+客户端(21世纪经济报道),2023-06-10,专家评论,姚期智；Stuart Russell；AI安全；AI对齐；AI治理,"姚期智与Stuart Russell在智源大会对谈。姚期智称不能假设机器公正,在控制AI前人类须先解决自身问题,应在AGI诞生与军备竞赛前形成共识搭建AI治理结构;Russell认为AI应代表人类而非个人工作、设行为底线,两人均点出社会分裂之下AI治理需回答深层道德问题。",https://static.nfapp.southcn.com/content/202306/10/c7777861.html
"图灵奖获得者姚期智:要应对AI浪潮带来的结果,但不能停止研究",新京报,2023-07-16,人物访谈,姚期智；AI浪潮；工作替代；人才培养；基础科学大会,"姚期智在首届国际基础科学大会媒体见面会上称,通用AI取代很多人类工作将深刻影响学术界、产业界和社会,须应对浪潮带来的结果但千万不能停止研究;他建议国家社会尽力培植研究环境、加强本科与研究生教育,立法管制可先行,重大问题只有靠科学方法解决。",https://m.bjnews.com.cn/detail/1689497708129421.html
"财经聚焦丨人工智能浪潮下,如何畅通就业路?",中国网(转载新华社“财经聚焦”),2026-01-26,深度报道,AI就业；新职业；就业替代；人机协同；劳动者转型,"新华社“财经聚焦”采访多位专家与从业者:AI相关新职业带动就业、职位数增长,但工业、标准化服务与文职岗位感受替代压力;莫荣、王春超认为AI把劳动者从基础工作解放转向创造性与策略性工作,平台就业与远程协作等新形态发展,核心是探索人机协同新型工作模式。",https://big5.china.com.cn/gate/big5/f.china.com.cn/2026-01/26/content_118299433.shtml
"【代表委员说】全国政协委员贺晗:未来最抢手的,是“能用AI创造不可替代性价值的人”",中国日报网·财经,2025-03-06,人物访谈,贺晗；AI就业；就业生态；超级个体；人机协作,"全国政协委员、天娱数科CEO贺晗接受中国日报网专访称,AI不是卷走岗位而是重塑就业生态,最抢手的是“能用AI创造不可替代性价值的人”;协作范式从“公司+员工”转向“平台+AI增强的超级个体”;他建议大模型走创新、生态、应用之路,垂直模型深耕医疗、法律等长期价值场景。",https://www.bizchina.com.cn/a/202503/06/WS67c97ca6a310510f19eea274.html
"全球AI领域科学家相聚总台《2025中国·AI盛典》,在上海共话相AI相生",国际在线(中央广播电视总台),2025-07-31,新闻报道,AI盛典；姚期智；周伯文；薛澜；AI向善,"报道总台《2025中国·AI盛典》“AI解码时刻”:姚期智、周伯文、Russell等谈AI人才培养与多样性,周伯文提出I型向T型、π型人才演进;郑庆华与薛澜探讨AI治理,主张技术教育法治并行;王坚等称“AI向善”需全球协作、开源共享、伦理先行,以应用证明技术的普惠价值。",https://news.cri.cn/20250731/f0b7f497-a191-4936-c936-89e355472d34.html
澎湃思想周报|“人机协作写作”时代的作者之问;Z世代的困境,澎湃新闻·思想市场,2026-08-24,专家评论,人机协作写作；作者性；AI写作；读者知情权；语言,"澎湃思想周报汇总AI写作相关讨论:真人写作与AI生成之别在于个体经验与意义生产;郝景芳等作家使用AI引发读者知情权与信任争议;有学者认为语言传统本就共享,关键在区分哪些思维须由人类亲自完成;并指出对论文写作而言学习过程比最终文本更重要。",https://thepaper.cn/newsDetail_forward_33836600?commTag=true
“前沿认知科学与人工智能研讨会暨《智能革命后的世界》新书恳谈会”举行,中国社会科学网,2024-11-26,深度报道,刘永谋；彭兰；赛博格；智能革命；机器人恋爱,"报道中国人民大学“智能革命与人类未来”研讨会。刘永谋提出社会将从“机器人劳动”转向“AI辅助生存”乃至AI替代劳动,为避免跌入“AI危崖”应走有限主义进路;彭兰追问赛博格化的增强与削弱;李石否定机器人恋爱的情感价值;段永朝质疑“计算崇拜”,与会者多视角辩论智能时代人机关系。",https://www.cssn.cn/skgz/bwyc/202411/t20241126_5805220.shtml
专访清华大学智能科学讲席教授张亚勤:AI与机器人双剑合璧 擦出怎样的火花,环球人物网,2025-12-22,人物访谈,张亚勤；人形机器人；具身智能；智能涌现；AI预测,"环球人物专访清华智能产业研究院院长张亚勤。他预测10年后机器人普及程度如手机,人人可负担,人类每周或只工作两三天;AI达到人类水平约需15-20年,经历信息智能、物理智能、生物智能三阶段;他认为中国优势在人才与AI应用落地,底层芯片与基础模型层面仍面临挑战。",https://www.globalpeople.com.cn/n4/2025/1222/c306580-21639983.html
"薛澜:应对智能体治理风险,必须坚持以人为本、智能向善原则",清华大学战略与安全研究中心(转清华大学人工智能国际治理研究院),2026-03-24,专家评论,薛澜；智能体；以人为本；敏捷治理；就业缓冲,"薛澜在中国发展高层论坛2026年会称,智能体治理须坚持“以人为本、智能向善”,采取“敏捷治理、多元共治”:监管从内容安全延伸到行为安全、静态边界转动态边界、风险防控转向可信交互;他还提出劳动者技能重塑、就业缓冲、社会保障与公共教育等社会层面治理举措。",https://ciss.tsinghua.edu.cn/info/zlyaq/9101
谷歌AI成“人”了?西湖大学专家:还很遥远,中国科学报,2022-06-16,专家评论,LaMDA；感知争议；拟人化；语言模型；专家访谈,《中国科学报》报道，谷歌工程师勒莫因称对话系统LaMDA“觉醒人格”并为其聘请律师，遭公司停职。西湖大学学者蓝振忠受访认为，该工程师若了解对话模型原理便不会有此判断；语言模型进步很快，但AI距离“人”仍非常遥远。,https://news.sciencenet.cn/htmlnews/2022/6/480974.shtm
China's new rules on generative AI go into effect,CGTN,2023-08-15,政策解读,生成式AI监管；分类分级；网信办；暂行办法,CGTN报道，中国网信办等七部门联合发布的《生成式人工智能服务管理暂行办法》于2023年8月15日施行，旨在促进技术发展的同时规范服务、防范虚假信息与数据安全隐患；报道指出此举与欧盟AI法案、美国AI风险管理框架等全球监管趋势相呼应。,https://news.cgtn.com/news/2023-08-15/China-s-new-rules-on-generative-AI-go-into-effect-1mhN8QvXanK/share_amp.html
DeepSeek“出圈”有望加速AI普及,新华网,2025-02-13,新闻报道,DeepSeek-R1；开源模型；推理能力；AI普及,"新华社报道,DeepSeek开源模型R1以低训练成本接近头部闭源模型o1性能,引发AI平权讨论;百度、华为、阿里、腾讯云及亚马逊AWS、微软Azure、英伟达等相继接入,分析师认为算法效率重要性上升,有望带动AI应用全面落地。",https://www.news.cn/tech/20250213/1939c7b5521a42cdaf0582184b545cfe/c.html
2025年会是人形机器人的量产元年吗?,经济观察报,2025-02-15,行业观察,人形机器人；量产；宇树；优必选；具身智能,"《经济观察报》调查报道称,2025年初宇树、优必选、智元等中国企业及特斯拉Optimus同步推进人形机器人量产,优必选Walker S已在比亚迪、吉利等工厂实训;业界认为量产仍面临丝杠等核心部件产能与小脑运动控制等瓶颈。",https://finance.sina.com.cn/roll/2025-02-15/doc-inekpnsr7224572.shtml
前程无忧《2025职场AI应用趋势报告》,中国日报网,2025-03-04,研究报道,职场AI应用；代际差异；人机协同；岗位替代,"《中国日报网》报道前程无忧调查:年轻职场人将AI视为""效率外挂""高频使用,而80后等更担忧岗位替代(62.5%认为长远威胁);53.7%受访者预期未来主流是""人机协同增强型"",报告呼吁组织补齐技能与伦理培训。",https://cn.chinadaily.com.cn/a/202503/04/WS67c6a0b0a310510f19ee9a85.html
AI高等教育:改变与被改变的,中青报·中青网,2025-09-15,人物访谈,人工智能+高等教育；人机协同；教师转型；数字鸿沟,"《中青报》采访多所高校专家解读""人工智能+""政策:专家认为教师正从""知识讲授者""变为""学习体验设计师"",高校应避免AI专业同质化,警惕技术滥用与数字鸿沟扩大,并将伦理教育嵌入算法设计等教学核心环节。",https://tech.youth.cn/wztt/202509/t20250915_16237037.htm
医联推出国内首款AI医生MedGPT,经济观察网,2023-04-29,企业实践,MedGPT；医联；AI医生；大模型；首诊能力,"经济观察网报道,医联2023年4月28日宣布研制出国内首款大模型驱动的AI医生MedGPT,具备近3000种疾病首诊能力,首次突破AI与真实患者连续自由对话难点;532份脱敏病历模拟首诊与线下诊断吻合率超97.5%,引发对AI问诊能力与责任边界的讨论。",https://m.eeo.com.cn/2023/0429/590059.shtml
"三大领域全覆盖,推想医疗又一AI获批",医潜(腾讯新闻),2023-08-10,企业实践,推想医疗；NMPA；三类证；冠脉CTA；辅助分诊,"医潜报道,2023年8月4日推想医疗冠脉CT造影图像血管狭窄辅助评估软件获NMPA三类医疗器械注册证,可用于冠脉CTA辅助分诊评估;由此推想医疗成为胸、脑、心三大领域同时拥有AI三类证的公司,此前肺结节、肺炎、肋骨骨折、脑卒中等产品均已获证,头部AI影像企业三类证布局持续扩张。",https://news.qq.com/rain/a/20230810A07JIQ00
"万孚生物投资公司赛维森获全国首张AI病理细胞学“辅助诊断”三类医疗器械注册证,开启病理AI黄金时代",北青网,2025-02-17,企业实践,宫颈细胞学；数字病理；三类证；AI辅助诊断；赛维森,"北青网报道,万孚生物参股的赛维森“宫颈细胞数字病理图像辅助诊断软件”获国家药监局三类医疗器械注册证,系全国宫颈细胞学领域首张AI辅助诊断三类证;该软件基于深度学习秒级定位异常细胞,可缓解病理医生缺口与宫颈癌筛查压力,标志“数字病理+AI辅诊”取得资质准入突破。",https://finance.ynet.com/2025/02/17/3865022t632.html
"AI辅助诊断“纳入医保”,一个被集体误读的政策信号?",医趋势(腾讯新闻),2026-06-05,行业观察,AI辅助诊断；医保支付；扩展项；放射检查；定价,"医趋势行业观察指出,“AI辅助诊断纳入医保”多为误读:按2024年11月国家医保局放射检查立项指南,AI辅助诊断是主项目下的扩展项,执行同价且不得叠加计费,并非为AI单开支付通道;上海、广东、北京等地已落地同价纳入医保,AI影像服务获规范价格身份但仍定位为免费增值服务。",https://news.qq.com/rain/a/20260605A06FNJ00
"2024数字医疗白皮书:大模型“百模大战”,单笔融资创纪录",中国财富网,2024-12-19,行业观察,数字医疗；白皮书；人工智能医疗器械；三类证；数字疗法,"动脉网2024数字医疗白皮书数据经中国财富网发布:2024年(截至11月30日)国内41款人工智能医疗器械获三类证,连续第二年超40款,累计获批162款,联影、数坤、推想、深睿等占较大份额;当年约40款数字疗法软件获证创近年新高,显示医疗AI器械审批放量与商业化并行。",https://www.cfbond.com/2024/12/19/991072860.html?sitemap
OpenAI、百度、商汤……大模型正在医疗领域火力全开,劳动报(新浪财经转载),2024-08-14,行业观察,医疗大模型；三甲医院；病历生成；预问诊；医院落地,"劳动报调查报道梳理2024年医疗大模型落地三甲医院情况:百度智能加号落地武汉协和,商汤“大医”支持上海新华智能导诊,蚂蚁AI就医助理接入浙大一院、二院,腾讯预问诊在深圳应用,京东“京医千询”落地温医大附一院;并指出病历生成与质控是真正痛点,落地面临科室差异、系统整合与成本等难题。",https://finance.sina.com.cn/jjxw/2024-08-14/doc-inciqxcn4476730.shtml
"2025金融街论坛|中国证监会副主席李超:以AI赋能资本市场创新发展,推动资本市场高质量数字化转型",北京商报,2025-10-29,政策动态,证监会；人工智能+资本市场；金融科技创新试点；智能体；人类把关,"北京商报报道中国证监会副主席李超在2025金融街论坛表示,将探索开展""人工智能+资本市场""金融科技创新专项试点,建设行业公共智算基础设施与垂域大模型、智能体矩阵并制定AI标准体系,同时完善风险防控、强化关键环节""人类把关"",确保关键环节有人监督、最终决策由人作出。",https://www.bbtnews.com.cn/2025/1029/574124.shtml
市委金融办调研本市金融领域大模型 中试基地“模融空间“,中共上海市委金融委员会办公室,2025-04-03,政策动态,上海；金融大模型；模融空间；垂类大模型；示范场景,"上海市委金融办调研金融领域大模型中试基地""模融空间"",该基地由上海金融科技产业联盟联合中国银联、交通银行、国泰君安、上海人工智能实验室等共建,配套行业智算平台与金融语料库,已发布涵盖要素市场、银行、保险、证券等35个典型大模型示范场景,是上海推进大模型金融落地的重要平台。",https://jrj.sh.gov.cn/GZDT177/20250403/5496af85c89e46d190800b0bb69efe96.html
银行年报透视|14家银行AI战略蝶变:从“AI+金融“到“人+AI“ 超百个应用已落地,21世纪经济报道,2025-04-15,深度报道,上市银行；AI战略；金融大模型；年报；智能风控,"21世纪经济报道梳理14家全国性银行2024年年报:银行AI战略从""AI+金融""转向""人+AI"",超百个应用落地智能客服、智能风控、合规内审与消保等场景;多家银行从自研转向择优适配开源大模型建设金融底座,并关注AI调用率与实际业务价值,警惕""为了AI而AI"",银行AI应用转向重实效。",https://m.21jingji.com/article/20250415/herald/708bc25999f5fea3842d141c82128e14.html
国有大行加速布局DeepSeek 推动金融服务从“信息化“迈向“认知化“,21世纪经济报道,2025-03-10,新闻报道,DeepSeek；工商银行；邮储银行；智慧审贷；反欺诈,"21世纪经济报道称2025年初工商银行、邮储银行、建设银行等大行加速本地部署DeepSeek开源大模型。工行以""工银智涌""为统一入口上线信贷风控助手""工小审""等十余场景,邮储依托自研""邮智""集成DeepSeek-V3与R1,用于智能客服、数字员工与案件分析反欺诈,推动金融服务迈向认知化。",https://www.21jingji.com/article/20250310/herald/2c9eb537431857e69d69ffc04e0a4335.html
金融大模型“挤水分“,21世纪经济报道,2025-04-26,深度报道,金融大模型；银行科技投入；算力；应用场景；降本增效,"21世纪经济报道调研银行、信托、资管机构科技负责人发现,上市银行大模型应用场景普遍超百个、行业科技投入超1800亿元,但金融机构开始为应用""挤水分"",从追求场景数量转向评估大模型带来的真实效率与回报,控制算力投入成本,避免""为了AI而AI"",并探索应用后的责任落地机制。",https://m.21jingji.com/article/20250426/fbc4bf3fe5af2f469572f31017b30263.html
商业银行向人工智能要生产力,中国银行保险报(武汉市地方金融工作局转载),2025-04-18,行业观察,商业银行；大模型；授信审批；小邮助手；大模型幻觉,"《中国银行保险报》梳理14家银行2024年报:大行科技投入普遍超百亿,金融大模型可将授信审批压缩至分钟级,""小邮助手""等智能客服日均咨询超3000次;银行同时警惕大模型幻觉与算法不确定性,普遍采取""先内后外""策略,把降成本、控风险作为优先事项,强调安全合规与科技伦理。",https://jrj.wuhan.gov.cn/ztzl_57/xyrd/yxy/202504/t20250418_2569354.shtml
《2024年金融业生成式AI应用报告》:已有6家上市银行发布大模型技术应用进展,中国日报网(转载),2024-01-25,研究报道,生成式AI；金融大模型；轩辕；上市银行；BankGPT,"《2024年金融业生成式AI应用报告》显示度小满2023年5月开源国内首个千亿级金融大模型""轩辕""并获上百家机构试用;工行、农行、平安、北京银行等6家上市银行已披露大模型应用,涉及投研助手与理财大模型等;报告判断2024年生成式AI将从模型层走向应用层,开拓落地场景与提高利用率是重点。",https://cn.chinadaily.com.cn/a/202401/25/WS65b22089a310af3247ffd5a1.html
度小满:对“轩辕70B“金融大模型开源,中国证券报(中证网),2023-09-22,企业实践,度小满；轩辕70B；开源；金融大模型；评测,"中证网报道度小满9月22日宣布""轩辕70B""金融大模型开源,以C-Eval 71.9分、CMMLU 71.05分成为国内首个在这两大权威榜单均列第一的金融大模型,上下文扩至8k;此前5月已开源首个千亿参数金融大模型,持续以开源降低金融行业部署和使用大模型的门槛。",https://cs.com.cn/ssgs/gsxw/202309/t20230922_6368088.html
AI应用多点开花 金融科技赋能券商高质量发展,中国证券报(中证网),2025-09-03,行业观察,券商；AI大模型；财富管理；智能投顾；DeepSeek,"中国证券报据上市券商2025年半年报观察,AI应用在证券行业""多点开花"":财富管理服务智能化、两融与衍生品做市深化AI、AI智能投教普及;华泰、招商、广发等券商在智能投顾、智能研报、智能投行等场景实现落地,AI正从后台支持走向券商财富管理与合规风控的核心竞争力。",https://www.cs.com.cn/qs/202509/t20250903_6510620.html
券商财富管理量质齐升 买方投顾成转型核心引擎,上海证券报,2026-04-23,行业观察,券商；买方投顾；AI大模型；智能App；财富管理,"上海证券报报道截至2025年末证券业投顾人数达8.61万人、同比增长7.83%;AI大模型2025年起从后台走向前台,国泰海通发布全AI智能App""灵犀"",中金探索""AI+买方投顾""RITAS平台,华泰确立""All in AI""战略,智能投顾与精准画像全面渗透,AI成券商转型核心引擎。",https://paper.cnstock.com/html/2026-04/23/content_2203960.htm
上市险企中报观察:AI赋能保险业降本增效,证券日报(江西新闻网转载),2025-09-05,行业观察,上市险企；AI理赔；极速赔；反欺诈减损；大模型,"证券日报观察2025年上半年上市险企中报:AI进入规模化落地阶段,平安""111极速赔""实现55%人伤案件自动化、最快51秒结案,国寿数智化赔案占比超75%,太保大模型责任认定准确率99%;平安产险反欺诈智能拦截减损64.4亿元,AI成为保险业降本增效与风险减量的核心引擎。",https://economy.jxnews.com.cn/system/2025/09/05/020975959.shtml
应用大模型存精准度等挑战 保险业数智化转型如何“进阶“,北京商报(东方财富转载),2024-10-28,行业观察,保险大模型；阳光正言GPT；理赔机器人；精准度；数据隐私,"第二届保险科技数智大会发布《2024版大模型技术深度赋能保险行业白皮书》:阳光、人保、平安、国寿、泰康等险企加速大模型落地,阳光""正言GPT""人伤理赔机器人单证分类准确率95.6%;业内指出行业须应对推理速度、精准度、监管合规、数据隐私、模型解释性等挑战,保险业数智化仍需""进阶""。",https://finance.eastmoney.com/a/202410283219899313.html
"凌晨点外卖,却被银行风控盯上!银行反诈系统引争议,哪些行为易触发风控报警?如何避免被“误伤“?",每日经济新闻,2026-01-16,新闻报道,银行风控；机器学习；误伤；反诈；账户冻结,"每日经济新闻报道多起消费者深夜点外卖、小额高频交易触发银行机器学习风控导致银行卡被冻结的个案:银行在""谁开户、谁负责""考核压力下倾向""防御性风控""调高拦截阈值,模型难以区分正常消费与可疑交易,夜班、自由职业等群体易被""误伤"";专家建议细化规则、升级技术,从粗放管控转向精准画像。",https://www.nbd.com.cn/fangchan/articles/4222675
凌晨点外卖致银行卡被风控?多家银行回应,中国新闻网,2026-01-24,新闻报道,银行风控；账户异常；反诈；误伤；董希淼,"中国新闻网调查""凌晨点外卖被风控""事件:招商、深圳农商、四川农商等银行客服回应称小额交易频繁、快进快出、交易对方存疑等特征易触发风控并限制非柜面业务;受访消费者称解控繁琐、有人被迫延迟还款承担利息;专家董希淼建议银行改进监测技术与风控模型、细化制度,降低""误伤""比例。",https://www.chinanews.com.cn/cj/2026/01-24/10558195.shtml
"凌晨点外卖次数过多,银行卡会被冻结?",金融时报(新浪财经转载),2026-01-20,专家评论,银行卡冻结；风控模型；反洗钱；误伤；投诉,"《金融时报》就""凌晨点外卖致银行卡被冻结""采访专家:银行风控系统基于历史涉案数据训练,深夜交易、小额高频支付等特征会触发自动冻结;董希淼批评少数银行""宁错勿漏""的粗放策略导致解控排长队、投诉大增,呼吁提升模型精准度、优化救济流程,平衡反诈责任与消费者权益。",https://finance.sina.cn/2026-01-20/detail-inhhyfur6026752.d.html
银行卡转账限额从何而来?银行反诈如何避免“误伤“?,澎湃新闻(广州日报大洋网转载),2024-07-17,新闻报道,转账限额；反诈模型；误伤；账户管控；智能风控,"澎湃新闻报道多起储户因银行反诈大数据模型自动限额导致工资卡无法正常取现,银行柜员称模型在""工作人员和客户都不知情""下自动定档限额、误判概率较高;专家曾刚建议以更完善的大模型提升风控准确性,实现反诈与客户服务平衡,董希淼呼吁精准排查、优化模型并提供人性化救济。",https://news.dayoo.com/finance/202407/17/139999_54688993.htm
当金融消保遇上DeepSeek:AI技术如何筑牢消保防线?,21世纪经济报道,2025-03-12,深度报道,AI反欺诈；金融消保；微众银行；纠纷调解；AI Agent,"21世纪经济报道探讨AI在金融消费者保护中的应用:生成式大模型使反欺诈从""被动防御""转向""主动预测"";微众银行AI客服Agent可秒级识别客服违规,平安银行""AI消保视讯""覆盖74.9万客户;智能纠纷调解平台批量处理小额金融纠纷,AI从反诈前端与纠纷后端双重筑牢消保防线。",https://www.21jingji.com/article/20250312/herald/555d1b5c56e8ee9df3390285a942d79b.html
从“可选”到“必选” 液冷市场规模增长66.1%,中国高新技术产业导报,2025-09-08,新闻报道,液冷；智算中心；市场规模；散热；能耗,中国高新技术产业导报报道，AI算力爆发与智算中心绿色转型推动液冷市场增长，2024年我国智算中心液冷市场规模达184亿元、同比增长66.1%，预计2029年约1300亿元。信通院专家称液冷已从“可选项”升级为“必选项”，可解决AI服务器高功率散热难题并降低运营成本。,http://paper.chinahightech.com/pc/content/202509/08/content_156602.html
六部门关于组织开展2025年度国家绿色数据中心推荐工作的通知,福建省工信厅转发（六部门通知）,2025-07-17,新闻报道,绿色数据中心；智算中心；PUE；可再生能源；算电协同,工信部办公厅等六部门印发2025年度国家绿色数据中心推荐通知，覆盖智算中心、通用与超算中心，要求PUE不高于1.30并达能效二级以上，可再生能源利用率不低于所在省份消纳责任权重。,https://gxt.fujian.gov.cn/jdhy/zxzcfg/gjzcfg/202507/t20250717_6968415.htm
数据中心节能降碳面临“四重挑战” 浪潮信息赵帅称绿色化实践与度量体系缺一不可,中国新闻网,2023-09-08,专家评论,数据中心；节能降碳；液冷；AIGC；绿色算力,2023外滩大会上，浪潮信息赵帅指出数据中心节能降碳面临四重挑战：制冷能耗已与IT设备相当、IT设备利用率偏低、AIGC大模型训练推高算力能耗、硬件全生命周期环保管理欠缺。,https://www.sh.chinanews.com.cn/kjjy/2023-09-08/115774.shtml
前沿热点七部门：2025年新建大型、超大型数据中心PUE降到1.3以下,贵州省大数据局转发（七部门文件）,2022-09-02,新闻报道,信息通信行业；绿色低碳；数据中心；PUE；液冷,工信部等七部门2022年印发《信息通信行业绿色低碳发展行动计划（2022—2025年）》，提出到2025年新建大型、超大型数据中心PUE降至1.3以下，单位信息流量综合能耗较“十三五”末下降20%。,https://dsj.guizhou.gov.cn/xwzx/gnyw/202209/t20220902_86427684.html
逐绿向新 算力设施高质量发展迈向新阶段,人民邮电报,2026-01-28,新闻报道,国家绿色算力设施；PUE；绿电；余热回收；算电协同,人民邮电报报道首届“国家绿色算力设施”推广交流活动：2025年度国家绿色算力设施平均PUE降至1.25，较全国平均低14.4%；通过购买绿电、绿证或自建光伏，可再生能源利用率平均超70%。,https://www.cnii.com.cn/gxxww/rmydb/202601/t20260128_710551.html
响应“双碳”！万国数据落地北京首个数据中心余热回收项目,中国日报网,2025-11-19,新闻报道,余热回收；数据中心；北京经开区；供暖；双碳,中国日报网报道，万国数据在北京经开区落地全市首个数据中心余热对外供热工程。该项目以螺杆式水源热泵将机房余热转为供暖热源，年供热量4000GJ，替代天然气8.55万立方米、减碳166.6吨，并降低数据中心年均PUE。,https://caijing.chinadaily.com.cn/a/202511/19/WS691d6774a310942cc49923b5.html
有力度 有速度 有温度 增进“银发族”数字福祉,中国工信新闻网,2024-10-18,新闻报道,数字适老化；银发经济；一键呼入人工客服；智慧养老；电信运营商,"报道称,工信部印发的《促进数字技术适老化高质量发展工作方案》提出到2025年底建成适老化高质量发展格局。2577家网站和App完成适老化及无障碍改造,超3亿人次老年用户使用“一键呼入人工客服”,超1.4亿台国产手机和电视完成适老化改造;基础电信运营商用AI识别老年用户来电并接入人工专席。",https://www.cnii.com.cn/rmydb/202410/t20241018_608709.html
美好生活如何更无碍、更有爱?让信息交流变得无障碍,光明网,2023-09-02,新闻报道,无障碍环境建设法；信息无障碍；适老化改造；老年人；药品说明书,"央视网消息经光明网转载指出,《中华人民共和国无障碍环境建设法》2023年9月1日施行,设专章规定无障碍信息交流;工信部已推动1735家网站和手机软件完成适老化改造,车票、地图、购物等App推出适老模式,药品说明书须提供语音、大字、盲文等无障碍格式版本。",https://m.gmw.cn/2023-09/02/content_1303502413.htm
"科技赋能,共享美好 ——写在第三十四次全国助残日之际",光明日报,2024-05-20,新闻报道,全国助残日；科技助残；人工耳蜗；智能辅具；无障碍,"光明日报在第三十四次全国助残日(2024年5月19日)刊文介绍,我国8500万残疾人正受益于科技助残:人工耳蜗已使近90%听障儿童听声学语;机械手臂、智能轮椅、电子导盲犬等辅助器具不断面世,杭州亚残运会首次用智能导盲犬辅助视障火炬手传递圣火。",https://www.cdpf.org.cn/ywpd/xcwh/mtjjxwb/7f5489b6953143d6b0fcfa4a9343bf51.htm
多位已故明星家属抵制!“AI复活”为何能成为一门生意?,中国青年网,2024-03-20,深度报道,AI复活；明星家属；肖像权；公序良俗；数字人伦理,"中国青年网报道,“AI复活李玟”等话题冲上热搜,高以翔家人和乔任梁父亲明确抵制,江歌妈妈也表示“不接受用AI复活亲人”。电商平台出现付费“AI复活亲人”服务,有商家售出超800单。律师指出关键在于是否获近亲属授权,民法典第994条保护死者肖像、隐私等;小冰公司出台“黑镜三原则”约束AI复生。",https://news.youth.cn/jsxw/202403/t20240320_15143709.htm
"中新人物|撕心裂肺700多天后,包小柏用AI“复刻”了女儿",中国新闻网,2024-03-22,深度报道,AI复活；数字女儿；声纹还原；情感寄托；生命伦理,"中新人物报道,音乐人包小柏女儿2021年病逝后,他经两年多努力,借助团队和AI技术,以女儿生前三段英文语音等资料重建声纹,做出可对话、会唱歌的“数字女儿”。他本人澄清应称“重现、还原”而非“复活”,并希望用该技术帮助失去亲人者及语言障碍、渐冻症等群体。",https://www.chinanews.com.cn/cul/2024/03-22/10184873.shtml
构建科学有效的算法治理体系护“未”成长,法治日报,2025-04-01,深度报道,未成年人保护；算法治理；深度合成；未成年人网络保护条例；算法推荐,"法治日报分析认为,我国已构建覆盖法律规则、执法行动与常态化监管的算法治理体系,《生成式人工智能服务管理暂行办法》《未成年人网络保护条例》等要求对未成年人做适龄提示、有害信息过滤;2024年11月网信办发布《移动互联网未成年人模式建设指南》,并开展网络平台算法典型问题治理专项行动。",https://www.legaldaily.com.cn/sylm/content/2025-04/01/content_9160006.html
守护消费安全:去年315晚会被曝光企业现状全追踪,央广网,2026-03-13,新闻报道,AI骚扰电话；外呼机器人；工信部；号码溯源；消费者安宁权,"央广网追踪称,2025年央视315曝光的AI骚扰电话和窃取隐私企业已遭惩处:飞鸽传书、智优擎等被连夜查处,上海市通信管理局责令关停涉事线路、下架违法外呼软件;工信部联合多省通信管理局强化监督检查,建立号码溯源与动态监管机制,运用AI技术提升骚扰电话监测拦截能力。",https://www.cnr.cn/tech/techph/20260313/t20260313_527550822.shtml
AI外呼乱象亟待治理,中国工信新闻网,2026-08-13,新闻报道,AI外呼；骚扰电话；安宁权；实名标注；全链条追责,"中国工信新闻网评论指出,暑期房产、教育、保险等领域AI外呼营销进入“活跃期”,一台机器人每日可拨号上千个、成本低至每分钟1角多,还能伪装真实号码、清除骚扰标记,侵扰公众生活安宁。文章呼吁收紧“同意”门槛、强制AI外呼实名标注与号码溯源,并完善技术服务商、运营商和用户企业的分层追责。",https://www.cnii.com.cn/dzxx/202608/t20260813_754505.html
"15秒,你的声音已被AI“偷”走",法治日报,2024-08-08,深度报道,AI拟声；深度合成；AI诈骗；声纹；香港两亿港元案,"法治日报调查:只需约15秒声音样本即可生成逼真声音模仿。2023年8月10日公安部发布会通报依托“净网”行动侦破相关案件79起、抓获515名嫌疑人;2024年初香港警方披露一起多人“AI换脸”视频会议诈骗案,涉案金额高达两亿港元,显示AI深度合成诈骗风险持续上升。",https://www.legaldaily.com.cn/index/content/2024-08/08/content_9035222.html
“AI诈骗潮”真要来了?公安部门:全国爆发消息不实,中国网,2023-06-09,新闻报道,AI诈骗；AI换脸；拟声诈骗；公安部；技术反制,"新华社“新华视点”报道,针对“AI诈骗全国爆发”传言,公安部门核实确认不实,全国此类案件发生不到10起,但已注意到该犯罪新手法,将开展技术反制和宣传防范。专家提示,AI技术正由面部合成向全身、3D合成演进,涉诈风险积聚,需警惕AI换脸、拟声诈骗。",https://news.china.com.cn/2023-06/09/content_86769893.shtml
@老年人 会使用智能机远远不够 防电诈“必修课”了解一下,中国经济网,2024-10-19,新闻报道,AI拟声；老年人反诈；装孙子骗局；养老钱；96110,"中国经济网援引警方案例警示:武汉两位老人接到AI模拟孙子声音的电话,分别以“打架伤人”“出交通事故需私了”为由被骗取定期存款;2024年10月武汉黄陂一对老夫妇遭冒充“民警”电话诈骗,账户100万元被用于购买黄金。警方提醒老年人遇“子女孙辈求助”务必先电话核实,谨防AI变脸拟声诈骗。",https://www.ce.cn/xwzx/gnsz/gdxw/202410/19/t20241019_39173938.shtml
AI与职场研究报告:这些岗位最不易被AI替代,北京日报(京报网),2024-04-25,新闻报道,AI职场；岗位替代；就业焦虑；隐私担忧；职场调研,"人大职场研究项目组等发布的报告显示,56%职场人士认可AI是未来趋势,约30%担忧其带来社会不稳定;47%担心大规模失业,39%担心整体职场收入下降。研发创新类岗位抗替代性强,生产制造、财务会计、客服支持类岗位风险高;职场人对隐私与数据安全问题担忧突出,呼吁加强监管。",https://news.bjd.com.cn/2024/04/25/10756038.shtml
"成都新都区:“社区简政通·AI社工”上线,数字赋能基层减负增效",人民网四川频道,2024-09-30,新闻报道,AI社工；社区简政通；RPA机器人；基层减负；数据填报,"人民网报道,成都新都区依托“社区简政通”平台上线“AI社工”,用RPA机器人自动从表格识别抓取数据、全自动填报上传平台并智能提示错误,覆盖8项社区工作,将居民信息等数据录入效率提升10倍以上,每月为高堆社区节约工作时长超225小时,为社区工作人员腾出走访服务时间。",https://sc.people.com.cn/n2/2024/0930/c407319-40995772.html
"让AI成为好帮手,上海各区探索实践AI社工场景",人民网上海频道,2024-10-10,新闻报道,AI社工；数字社工；标准处置流程；社区治理；上海,"人民网报道,上海浦东、宝山、普陀等区试点AI社工,用于政策询问、标准事项处置流程输出等场景:浦东塘桥街道“数字社工”深度学习法律法规和案例,遇电梯停运等紧急工单可秒出处置流程;宝山月浦“全科社工·AI助手”辅助年轻社工策划活动,弥补新社工经验不足短板。",https://sh.people.com.cn/n2/2024/1010/c176737-41003242.html
人脸信息不是谁想采集就能采集,中国警察网,2021-12-26,新闻报道,人脸识别；售楼处；单独同意；行政处罚；人脸识别第一案,"中国警察网报道了多起人脸信息违法采集处罚案例:衡水售楼处因未明示目的、未经同意采集人脸被罚款8万元,小鹏汽车上海门店2021年1至6月采集43万余张人脸照片被罚10万元;并回顾“人脸识别第一案”,强调生物识别信息作为敏感个人信息应严格保护。",https://news.cpd.com.cn/n3569/202112/t20211226_1009329.html
商汤科技抢得AI第一股上市三天股价翻倍 13轮融资致三年半亏242亿翻盘待考,中国经济网,2022-01-10,深度报道,商汤科技；AI第一股；港交所上市；AI四小龙；计算机视觉,"中国经济网盘点商汤科技2021年12月30日登陆港交所成为“AI第一股”的历程:上市前三日股价翻倍,但成立以来多轮融资叠加亏损引发关注;商汤曾被美国列入涉军名单、IPO一度暂停,重启后改由中资基石投资者认购,凸显AI企业资本化与地缘风险交织。",https://finance.ce.cn/stock/gsgdbd//202201/10/t20220110_37241949.shtml
百度发布无方向盘汽车 成本仅为25万元,中国新闻网,2022-07-21,企业实践,百度；Apollo RT6；无人驾驶；萝卜快跑；L4自动驾驶,"中国新闻网报道2022百度世界大会上百度发布第六代量产无人车Apollo RT6,成本降至25万元、约为业界十分之一,支持无方向盘模式并计划2023年在“萝卜快跑”平台规模部署上万辆;萝卜快跑订单累计超100万,成为全球最大自动驾驶出行服务商。",https://www.chinanews.com.cn/cj/2022/07-21/9808910.shtml
"中国人工智能奠基人张钹院士:走进""无人区"" 探索人工智能之路",中国教育新闻网,2024-04-24,专家评论,张钹；第三代人工智能；ChatGPT；基础理论；人文清华,"据中国教育新闻网报道,中科院院士、清华大学教授张钹4月23日在人文清华讲坛分享观点:实现通用人工智能任重道远,应在大模型热潮中冷思考;由于第二代AI不可信不可控,需发展第三代人工智能,加强基础理论研究,利用好知识、数据、算法、算力四大要素。",https://www.toutiao.com/article/7361366191463547401
"郑纬民院士:""大模型+""我们有希望超过美国",新浪财经(转网易科技),2024-12-12,专家评论,郑纬民；大模型；算力；万卡系统；院士,"2024大模型技术与应用创新论坛上,中国工程院院士、清华大学教授郑纬民观点认为,今年大模型进入多模态并加速'用起来',基础大模型中国与美国尚有差距,但'大模型+各行各业'有希望做到世界第一;算力、存储、时间成本仍是难点,需攻坚国产万卡系统与异构卡联合训练。",https://finance.sina.com.cn/roll/2024-12-12/doc-inczeuyp2997213.shtml
博鳌亚洲论坛丨曾毅:人工智能的决策不可靠 应对风险必须从现在开始,腾讯财经,2024-03-28,人物访谈,曾毅；博鳌论坛；决策；虚假信息；AI风险,"曾毅在博鳌亚洲论坛2024年会受访提出观点:AI决策不可靠且会制造虚假信息,人类永远应是决策的最终角色;当前对AI理解仍肤浅,应对风险的准备必须从现在开始,不能仓促把下一代推向AI时代。",https://news.qq.com/rain/a/20240328A09BWG00
对话周鸿祎:ChatGPT像个油腻中年人,中国企业家,2023-02-23,人物访谈,周鸿祎；ChatGPT；通用人工智能；实用主义；奇点,"《中国企业家》对谈周鸿祎。周鸿祎观点认为ChatGPT是通用人工智能的奇点与强人工智能拐点,将带来新工业革命;他反思国内AI研发过于实用主义,多用于人脸识别等垂直场景,忽视了通用知识理解与大模型的潜力。",https://www.ce.cn/macro/more/202302/23/t20230223_38408579.shtml
2024世界人工智能大会:国产大模型进入全球AI竞技场,新华报业·南京晨报,2024-07-08,人物访谈,李彦宏；圆桌访谈；价格战；开源；智能体,"WAIC 2024期间李彦宏与第一财经总编辑杨宇东、陈茜进行圆桌访谈,观点认为应选闭源模型,大模型时代将诞生海量应用而非等待少数超级应用;价格战不可避免但最终是技术效率的优胜劣汰。",https://njcb.xhby.net/pc/con/202407/08/content_1345947.html
"DeepSeek梁文锋:创新,需要文化和管理相匹配",36氪,2024-07-17,人物访谈,梁文锋；DeepSeek；创新；技术理想主义；暗涌,"36氪暗涌团队采访DeepSeek创始人梁文锋。梁文锋观点认为中国公司过去习惯follow而非创新,DeepSeek选择以创新贡献者身份进入全球竞赛;创新不完全是商业驱动,需要好奇心与创造欲,中国必须有人站到技术前沿。",https://www.sohu.com/a/857244099_661663
"独家对话王小川:大模型创业公司,都要走出互联网大厂的射程",中国企业家杂志,2024-09-29,人物访谈,王小川；百川智能；AI医疗；大厂射程；独家对话,"《中国企业家》独家对话王小川。他提出观点:大模型创业公司需走出互联网大厂射程,应寻找知识密度高且供给不足的行业;他坚持'用大模型造医生',认为不能停留在把大模型当效率工具的旧范式中。",https://www.toutiao.com/article/7419946830009614889
对话金沙江创投朱啸虎:直面AI浪潮下的激流与暗礁,腾讯新闻,2025-12-09,人物访谈,朱啸虎；AI泡沫；token消耗；算力；数据中心,"金沙江创投朱啸虎在《未竟之约》栏目对话中提出观点:三年内看不到AI泡沫,悲观论点是对行业不了解;token消耗十几倍增长使数据中心与电力成为瓶颈,竞争关键是算力与电;Transformer架构基本已到瓶颈。",https://new.qq.com/rain/a/20251209A03HCZ00
"直通乌镇|对于人工智能,雷军、周鸿祎、吴泳铭关心这些问题",南方+,2024-11-21,专家评论,雷军；周鸿祎；吴泳铭；乌镇峰会；智能向善,2024乌镇峰会现场集纳雷军、周鸿祎、吴泳铭等企业家观点。雷军提出AI要坚持智能向实、智能向善;周鸿祎认为因互联网中国在许多领域弯道超车;均强调科技企业要在智能时代治理中发挥引领作用。,https://static.nfnews.com/content/202411/21/c10271549.html?enterColumnId=0
电信诈骗咋防范?大模型有何风险? 中国工程院院士方滨兴支招,羊城晚报,2024-09-10,人物访谈,方滨兴；大模型风险；网络安全；对抗样本；内生安全,"国家网络安全宣传周期间,中国工程院院士方滨兴接受羊城晚报采访,观点认为AI大模型在赋能攻击与防御之外,还存在对抗样本攻击等内生安全和滥用引发的衍生安全问题,建议用外置手段做二次防范。",https://wap.ycwb.com/2024-09/10/content_52918055.htm
460万美元训练出顶级大模型? 月之暗面杨植麟亲自回应,观察者网,2025-11-11,人物访谈,杨植麟；月之暗面；Kimi；开源；AGI,"月之暗面创始人杨植麟等在Reddit AMA回应外界疑问,观点认为460万美元训练成本传闻不实;开源并开放安全对齐技术栈有助生态保持安全;对AGI的追求应带来团结而非分裂。",https://www.guancha.cn/economy/2025_11_11_796622.shtml
在人工智能立法领域发出中国声音,长江日报,2024-10-29,人物访谈,张凌寒；人工智能法；学者建议稿；立法；中国政法大学,"长江日报专访人工智能法学者建议稿牵头专家张凌寒。她观点认为《人工智能法》应设'发展与促进'板块,以法律推动算力等基础设施建设;立法不宜毕其功于一役,可先以小切口立法回应紧迫问题。",https://cjrb.cjn.cn/resfile/2024-10-29/8/29r08c.pdf
AI驱动中国智造跃升,证券日报,2025-12-30,行业观察,AI制造；智能工厂；工业大模型；新型工业化；智能制造,"回望2025年,我国制造业在AI驱动下全速驶入新航道,工业大模型赋能智能转型从示范点铺开,标杆工厂提质增效。工信部数据显示已建成3.5万多家基础级、7000多家先进级、230多家卓越级智能工厂,AI成为重塑产业系统的关键变量。",https://finance.sina.cn/2025-12-30/detail-inhepnty4416486.d.html
【财经分析】大模型迎来“降本增效”年 “独角兽”们应对冲击需寻求更多差异,中国金融信息网,2025-01-15,行业观察,大模型；降本增效；六小虎；价格战；差异化,"2025年大模型训练与推理成本下降加速行业落地,但“六小虎”出现分化,创业公司面临融资与价格战双重压力。Gartner显示截至2024年6月仅8%中国企业将生成式AI部署于生产环境,大规模落地仍较为少见。",https://www.cnfin.com/yw-lb/detail/20250115/4174777_1.html
毕马威中国报告:安全和数据隐私问题是限制企业AI价值潜力的两大关键挑战,中证网,2025-06-19,研究报道,毕马威；企业AI；安全；数据隐私；治理合规,"毕马威中国在MWC上海发布报告,指出安全和数据隐私是限制企业AI价值潜力的两大关键挑战。报告建议企业制定连贯AI战略、建立信任与治理合规流程,并以数据与大模型融合加速运营模式变革。",https://www.cs.com.cn/xwzx/hg/202506/t20250619_6497131.html
小鹏汽车被罚:7家门店22台摄像设备6个月违法采集43万张顾客人脸照片,央广网,2021-12-14,风险事件,人脸识别；个人信息；行政处罚；小鹏汽车；门店监控,据央广网2021年12月报道，上海小鹏汽车销售服务有限公司因7家门店在6个月内违法采集43万余张顾客人脸照片，被徐汇区市场监管局罚款10万元。企业回应称服从处罚、深刻反省并已删除数据，事件指向线下门店人脸识别采集的合规红线。,https://m.cnr.cn/tech/20211214/t20211214_525687515.html
起底多地发生的“变脸”诈骗案,人民网,2022-04-14,风险事件,深度伪造；AI换脸；人脸识别破解；诈骗；刑事打击,据人民网2022年4月报道，多地发生利用AI换脸与声音合成实施的变脸诈骗与破解人脸识别案件，浙江衢州中院刑事裁定书披露被告人用技术手段骗过支付宝人脸识别认证并批量注册账户非法获利。事件指向深度伪造技术被用于绕过生物识别验证的犯罪链条。,https://m.people.cn/n4/0/2022/0414/c30-15534807-2_2.html
业主拒用人脸识别起诉物业删除信息,黑龙江日报（生活报）,2022-11-22,风险事件,人脸识别；小区门禁；个人信息；法院判决；删除信息,据黑龙江日报（生活报）2022年11月报道，浙江宁波镇海区法院判决一起个人信息保护案：住户拒绝小区强制人脸识别门禁并起诉物业，法院支持其诉求，认定物业采集人脸信息缺乏必要性，判令删除。该案为民法典施行后当地首例此类诉讼。,http://epaper.hljnews.cn/shb/pc/con/202211/22/content_113689.html
平凉警方破获全省首例利用AI技术炮制虚假信息牟利案,中国甘肃网,2023-05-08,新闻报道,ChatGPT；虚假信息；流量牟利；寻衅滋事；深度合成,据中国甘肃网2023年5月报道，甘肃平凉警方侦破全省首例利用AI工具炮制虚假新闻赚取流量牟利的寻衅滋事案，嫌疑人利用ChatGPT批量生成不实信息。该案是《互联网信息服务深度合成管理规定》施行后此类打击的代表性案例。,https://gansu.gscn.com.cn/system/2023/05/08/012954807.shtml
"南京:售楼处私装人脸识别系统 ""偷脸""证据被判不合法",中工网,2023-09-04,风险事件,人脸识别；售楼处；证据排除；个人信息；法院判决,据中工网2023年9月报道，南京六合区法院在一起纠纷中认定开发商未经明示同意擅自用售楼处人脸识别系统收集购房人脸部信息，侵犯隐私与个人信息，对相关监控证据不予采纳。事件为开发商“偷脸”行为的司法否定提供示范。,https://www.workercn.cn/c/2023-09-04/7968438.shtml
警惕利用人工智能技术进行新型犯罪,人民周刊网(人民日报),2023-10-26,风险事件,动态人脸；AI换脸；人脸识别绕过；刑事打击；净网,据人民周刊（人民日报社）2023年10月报道，公安机关在“净网”行动中通报，嫌疑人曾某某制作动态人脸1000余个用于绕过人脸识别验证牟利，已被采取刑事强制措施。公安部提示犯罪分子多用身份证照片结合姓名信息制作换脸素材。,https://www.peopleweekly.cn/html/2023/fazhi_1026/184804.html
40秒致命! 济广高速事故调查结果再次敲响智驾安全警钟,中国经济网汽车频道,2026-06-11,风险事件,济广高速；IACC；智驾事故；脱手；调查,据中国经济网2026年6月报道，济广高速事故调查报告显示：涉事长安启源A07驾驶员开启IACC智能驾驶辅助后40秒内脱手且未制动，追尾故障货车致3人死亡。事件再次敲响L2级辅助驾驶能力边界与接管责任警钟。,https://auto.ce.cn/auto/gundong/202606/t20260611_3025262.shtml
“已下架小度APP”小天才回应手表内含不良信息 专家:AI大模型技术仍需迭代,未来网,2024-08-30,风险事件,儿童手表；AI内容安全；毒回答；下架整改；小天才,据未来网2024年8月报道，小天才儿童电话手表内置的小度App在回答“中国人诚实吗”时输出不当内容引发关注，小天才回应称系第三方App问题并已下架、暂停其上架。事件反映儿童AI产品内容安全审查缺位。,https://news.k618.cn/dj/202408/t20240830_19778450.html
官微用了张端午主题图片 AI率99.65%!构成侵犯著作权吗?法院判了,法治日报·法治网,2026-06-23,风险事件,AI生成检测；独创性；著作权；广州互联网法院；判决,据法治日报2026年6月报道，广州互联网法院对端午主题插画侵权案作出一审判决：被告以涉案图片“AI率99.65%”抗辩独创性不足，法院仍支持原告著作权主张或作部分认定，事件显示AI检测报告在著作权诉讼中的证明力问题。,https://www.legaldaily.com.cn/IT/content/2026-06/23/content_9410948.html
绍兴中院对胡某某诉携程公司侵权责任纠纷案作出终审判决,澎湃新闻,2021-12-31,新闻报道,大数据杀熟；携程；欺诈；退一赔三；终审,据澎湃新闻2021年12月报道，绍兴市中级法院对胡女士诉携程案作出终审判决，认定携程对其钻石VIP会员利用算法差异化定价构成欺诈，判令退还差价并按差价三倍赔偿。该案被称为“大数据杀熟第一案”。,https://m.thepaper.cn/baijiahao_16140185
"广东省首例!涉""人脸识别""个人信息保护民事公益诉讼案宣判",人民日报客户端,2022-07-11,风险事件,人脸识别；动态人脸；公益诉讼；个人信息；广东,据人民日报客户端2022年7月报道，广东首例涉人脸识别个人信息保护民事公益诉讼在广州互联网法院宣判：郑某等4人购买身份证照片制作可完成点头眨眼、能通过App人脸验证的动态视频牟利，检察机关诉请其承担民事责任。,https://www.peopleapp.com/rmharticle/30029288250
"""人脸识别""惹祸 交通银行一储户被偷走近43万元",中国经济网,2022-06-30,风险事件,人脸识别；伪造人脸；盗刷；银行纠纷；法院判决,据中国经济网报道，北京丰台区法院2022年6月一审驳回顾客诉交通银行借记卡纠纷案：储户被电信诈骗分子以“假人脸”通过银行人脸识别系统6次比对后盗刷42.9万元。判决引发对人脸识别验证可靠性与资金损失分担的讨论。,https://finance.ce.cn/bank12/scroll/202207/19/t20220719_37884330.shtml
平台算法推送侵权视频被判赔百万元,中国新闻网(转自工人日报),2022-09-15,风险事件,算法推荐；短视频平台；注意义务；版权侵权；判决,据中国新闻网引工人日报报道，江苏无锡中院2022年9月就爱奇艺诉某短视频平台侵害《老九门》信息网络传播权案二审维持原判：平台算法推荐侵权视频未尽合理注意义务，须赔偿经济损失100万元及合理费用14.4万元。,https://m.chinanews.com/wap/detail/cht/zw/9852639.shtml
警惕元宇宙剑走偏锋沦为“精神毒药”,中国城市报,2021-12-20,专家评论,元宇宙；未成年人；成瘾机制；科技伦理；虚拟世界,《中国城市报》2021年12月20日评论称，随脸书更名Meta等事件，元宇宙成为年度热门并引发资本追逐。文章提醒，虚拟世界存在成瘾机制，可能弱化现实奋斗意志，尤需防止其成为未成年人新的“精神麻醉场”，呼吁有关部门跟进制度建设、加强监管，避免元宇宙沦为“精神毒药”。,https://paper.people.com.cn/zgcsb/html/2021-12/20/content_25894641.htm
"2025年,57亿元人形机器人订单都卖给了谁?",高工机器人(ofweek转载),2026-01-29,行业观察,人形机器人；订单；出货量；量产；框架协议,"高工机器人产业研究所年度统计显示,2025年人形机器人公开大额订单48笔、总额超57亿元,优必选、智元、银河通用居前,B端产业与G端政府贡献主要订单,数据采集与汽车制造为最集中场景,大量订单存在框架化与“左手倒右手”之嫌;",https://m.ofweek.com/ai/2026-01/ART-201700-8420-30680186.html
"AI加速融入产业一线,长沙数智应用场景持续拓展",长沙晚报,2026-08-25,行业观察,湘钢；盘古大模型；芒果大模型；钢铁行业；AI应用场景,"长沙晚报报道湖南AI进产业一线:湘钢联合中国移动、华为打造首个钢铁行业大模型,工业视觉识别率99.99%、上线55个AI场景、年直接效益超5000万元;芒果TV以“芒果大模型”支撑影视内容创作与海外传播,AI应用覆盖率超93%。",https://www.tianxin.gov.cn/zwgk8/xxgkml9/qtfdxx/yaowendongtai/bmdt/202608/t20260825_12532755.html
"向海而新 | 连云港集装箱码头探访:从30米高空的手搓活,到远控室里“抓娃娃”",南京广播电视台,2026-08-25,深度报道,连云港港；ECS；IGV；远控室；无人驾驶,"南京广播电视台探访连云港集装箱码头:过去码头司机要爬上三十多米高空驾驶室“手搓”,如今在调度指挥中心轻点鼠标即可完成轨道吊作业;2026年1月上线的ECS系统以5G、边缘计算与AI实现全流程自动化,具备L4级自动驾驶的IGV使运载量较传统方式提升150%。",https://www.nbs.cn/news/7/202608/t20260825_792883.html
"从导览到共创,AI在文化场馆解锁三重新身份",羊城晚报·羊城派,2026-08-30,深度报道,岭南文化大模型；数字人；文化场馆；AI主持人；智能导览,"羊城晚报报道广州市文化馆等文化场馆的AI实践:岭南文化大模型数字人“张九龄”担任展览AI主持人,广府园部署AI导览机器人缓解暑期人力讲解压力;AI正从导览、主持走向与观众共创，成为公共文化服务与文化生产的工具。",https://www.toutiao.com/article/7679718124774294016
ChatGPT的里程碑意义:AI由“幕后”转向“台前”,界面新闻（今日头条转载）,2022-12-13,深度报道,ChatGPT；百万用户；AI应用；工种替代；热议,界面新闻2022年12月分析ChatGPT的里程碑意义：上线5天破百万用户，热度一度超过AlphaGo峰值，标志AI从“幕后”走向“台前”；文章指出其基于Transformer的大规模预训练、能写代码做作业并内嵌道德拒绝机制，同时“AI将取代大量工种”等担忧再度引发广泛公共讨论。,https://www.toutiao.com/article/7176563962077512231
"阿里巴巴推出""通义""大模型系列,核心模型开源开放",观察者网,2022-09-02,新闻报道,通义大模型；M6；多模态；统一底座；开源开放,"据观察者网报道,阿里达摩院2022年9月2日发布""通义""大模型系列并宣布核心模型开源,构建业界首个AI统一底座,统一模态、任务与模型结构,形成覆盖电商、医疗等行业的层次化体系,称已在超200个场景提供服务,探索大模型规模化产业落地。",https://www.guancha.cn/economy/2022_09_02_656289.shtml
"巨头抢滩""大模型"" AI界掀起""新基座战争""",中国经营报(东方财富网转载),2022-09-10,行业观察,大模型；AI新基座；巨头布局；通用化；行业落地,"据中国经营报报道,2022年大模型成为AI产业界追逐的技术焦点,OpenAI、谷歌、微软、百度、华为、阿里等巨头相继布局,被业界视为人工智能技术与应用的新基座。受访专家分析,大模型以""预训练+微调""方式缓解AI应用碎片化难题,但落地仍受算力、数据与芯片生态制约,大模型竞赛拉开帷幕但胜者未定。",https://finance.eastmoney.com/a/202209102506440623.html
大消息!美团超20亿元收购光年之外,证券时报网,2023-06-29,新闻报道,光年之外；王慧文；大模型创业；美团；AGI人才,"据证券时报报道,美团2023年6月29日公告以约20.6亿元收购王慧文创办的AGI公司光年之外。王慧文今年2月宣布出资5000万美元创业、欲打造""中国的OpenAI"",团队两月聚集约70人。分析认为大模型人才与团队成稀缺资产,大厂与创业公司正加速整合。",https://www.stcn.com/article/detail/905415.html
"华为云盘古大模型3.0发布,全球正掀起百""模""竞赛",南方+,2023-07-07,新闻报道,盘古大模型3.0；华为云；百模竞赛；行业大模型；气象预测,"据南方+报道,华为云2023年7月7日发布盘古大模型3.0,聚焦行业应用。报道称ChatGPT发布后全球大模型已数百个、中国超80个,形成百""模""竞赛;业内人士认为中国能做出通用大模型的或仅三四家,行业正从参数比拼转向应用落地与产业价值验证。",https://static.nfnews.com/content/202307/07/c7873658.html
智联招聘发布报告:大模型冲击白领就业 财务、翻译、销售等20职业更易受影响,经济观察网(腾讯新闻转载),2023-07-19,研究报道,大语言模型；白领就业；劳动力市场；职业影响指数；替代风险,"据经济观察网报道,北大国发院与智联招聘2023年7月发布的报告显示,财务、翻译、银行、销售等20个白领职业受大语言模型影响指数最高,共性任务为文本处理与资料整理;家政、技工等体力型职业受影响较小。调研同时显示多数受访职场人已尝试过ChatGPT、文心一言等大语言模型工具。",https://news.qq.com/rain/a/20230719A09C9J00
中国AI新序章:从百模内卷到应用浪潮,经济观察网,2023-12-29,深度报道,百模大战；产业化；算力掣肘；应用落地；行业洗牌,"据经济观察网报道,2023年中国大模型形成""百模大战"",上半年火热、下半年回归理性。受访专家称国内已发布200多个大模型,2024年将面临激烈竞争与淘汰。报道聚焦重复建设、商业化盈利点、垂直行业落地与算力制约,认为B端产业应用潜力较大,C端集中于生产力工具与娱乐。",https://www.eeo.com.cn/2023/1229/622103.shtml
24家互联网企业备案算法机制，如何影响用户和算法开发者？,南方都市报,2022-08-14,专家评论,算法备案制度；头部平台；算法问责；监管抓手,南方都市报报道首批30项算法备案信息中涉及24家企业（新浪微博、快手、美团、百度、腾讯等），并采访多位学者。张凌寒认为算法备案本质是监管部门事前设置的算法问责点；朱巍称算法是数字时代监管抓手、备案是监管基础，同时也为平台降低风险。文章提示备案的法律性质、是否具有对抗效力及商业秘密保护等问题尚待明确。,https://wxb.xzdw.gov.cn/gzzt/wxkp/202208/t20220814_270202.html
七部门联手！首个生成式AI监管文件将实施 释放了哪些信号？,东方财富网（转载第一财经报道）,2023-07-13,新闻报道,生成式AI监管；分类分级管理；算力资源共享；外商投资合规,第一财经报道梳理办法释放的监管信号：吴沈括指出办法突出AIGC分类分级管理、注重算力资源共享与预训练公共数据平台建设，并区分境内外服务适用边界；与征求意见稿相比新增多处鼓励性内容，包括鼓励基础技术自主创新、参与国际规则制定；对生成内容真实性要求有调整，并回应业界对算力等关键资源布局的关注。,https://finance.eastmoney.com/a/202307132780002685.html
七部门为生成式人工智能立规，鼓励自主创新、分类分级监管,21世纪经济报道,2023-07-13,深度报道,生成式AI办法落地；征求意见稿对比；发展与治理双轮驱动；张欣；赵精武,21世纪经济报道对比征求意见稿指出，正式办法加大促发展内容并单设“技术发展与治理”章节。张欣认为我国AI治理坚持发展与治理“双轮驱动”；赵精武认为办法更强调鼓励创新应用，良好应用生态有助于从根源化解技术滥用风险。专家还指出AI全球竞争已从技术扩展到治理领域，参与国际规则制定意义重大。,https://m.21jingji.com/article/20230713/herald/96c663f99a58d33aa729df871c1d90f2.html
关键一步！三部门发文划定“智能体”发展底线与空间,中国青年网,2026-05-11,政策动态,智能体规范应用；智能体安全；19个典型场景；创新发展实施意见,据中国青年网报道，国家网信办等三部门印发《智能体规范应用与创新发展实施意见》，将智能体安全、可靠、可信作为底线要求。邬贺铨院士认为意见系统构建我国智能体产业政策框架；钟新龙称其率先构建覆盖智能体全生命周期的发展治理框架，划定“安全底线”与“创新空间”，提出19个典型应用场景。,https://news.youth.cn/gn/202605/t20260511_16652479.htm
Soul App成立人工智能伦理与治理委员会:AI时代负责任的创新,中华网,2026-06-29,企业实践,伦理治理委员会；AI陪伴；拟人化互动；未成年人保护；知情权,报道Soul App于2026年6月成立人工智能伦理与治理委员会，由安全、算法、法务等部门负责人及互联网治理、伦理学、社会学等领域外部专家组成，职能涵盖伦理战略制定、产品前置评估与伦理事件闭环处置；外部委员李凌、方师师等就AI陪伴依赖边界、防沉迷与未成年人保护等议题发表看法。系企业实践报道。,https://m.tech.china.com/digi/articles/20260629/202606291904235.html
"造物的反噬,AI率先终结程序员 技术革新下的失业危机",中华网,2026-07-31,深度报道,程序员失业；AI编程工具；初级开发；职业信念；就业危机,"中华网2026年7月深度报道多名程序员求职经历:大厂技术岗冻结、初级开发岗位收缩,毕业生与转岗者投百份简历难获面试;Claude Code等工具十分钟搭站动摇程序员职业信念。报道聚焦AI编程对基础开发岗位的替代与程序员职业焦虑。",https://news.china.com/socialgd/10000169/20260731/49645409_all.html
面对ChatGPT 高等教育需要守正创新,中国教育报(西安电子科技大学新闻网转载),2023-04-01,专家评论,高等教育；ChatGPT；AI助教；守正创新,"中国教育报2023年4月刊发评论指出,ChatGPT等可承担程式化教学科研工作、充当“超级助教”,并带来学术诚信、知识产权与问责新课题;高校既要守住育人根本,也要善用科技成果构建超越AI的人才培养体系。",https://news.xidian.edu.cn/info/2106/223941.htm
未来属于掌握人工智能的新人类,中国教育报(今日头条转载),2023-02-15,人物访谈,因材施教；AI赋能教育；教育均衡；刘庆峰,"2023世界数字教育大会期间,科大讯飞董事长刘庆峰接受中国教育报专访称,AI可成为教师的教学助手、推动义务教育均衡并实现因材施教,但教育内涵远宽于AI,还涵盖心理健康与幸福能力;AI绝不替代人类,未来属于掌握AI的新人类。",https://www.toutiao.com/article/7200178329100485135
教育部发布《指引》:“AI判作文结果”教师不得直接使用,江苏检察网,2025-12-11,政策解读,教师AI指引；作文批改；使用红线；育人主导,"教育部教师队伍建设专家指导委员会发布《教师生成式人工智能应用指引(第一版)》:AI对作文等作业的自动批改结果不得直接作为学生最终评价,教师在价值观引导、情感培养等关键育人环节必须主导,布置作业须禁止学生直接提交AI生成内容。",https://www.jsjc.gov.cn/yaowen/202512/t20251211_1150360.shtml
"2025年度AI乱象调查丨部分AI学习机涉套路销售,明年起将实施“新国标”",上游新闻,2025-12-18,行业观察,AI学习机；套路销售；行业乱象；新国标,"上游新闻调查显示AI学习机市场高增长背后乱象频生:广东、甘肃等地出现“免费送机+强制续费”套路销售,部分产品功能名不副实、内容缺乏沉淀;报道指出2026年起实施《移动学习终端功能要求》新国标,呼吁加强监管治理。",https://www.cqcb.com/news/16/2025-12-18/6032003.html
"十字路口的教育抉择:AI时代,我们为何而学?",新浪教育,2025-12-19,新闻报道,因材施教；教育转型；顾明远；倪闽景,"中国教育三十人论坛年度年会围绕“AI时代为何而学”研讨:顾明远认为AI可助实现真正因材施教、让教师转型为学习设计者,倪闽景呼吁减少过度学习、以生活与真实情感联结激发内驱力,郑泉水、项贤明等专家主张教育回归对“人”的完整关怀并改革评价。",https://edu.sina.com.cn/l/2025-12-19/doc-inhchwwm7470394.shtml
"AI学习机乱象调查:三大问题暴露,隐私泄露、内容审核存隐患",北京青年报(半两财经),2026-06-01,风险事件,AI学习机；隐私泄露；内容审核；消费投诉,"北青报半两财经调查揭露AI学习机三大乱象:“精准学”名不副实致投诉累计超万条、后台偷开摄像头及学情数据被叫卖、内容审核失守;指出GB/T 46348-2025新国标已实施但为推荐性标准,呼吁强制规范与多方协同治理。",https://www.toutiao.com/article/7646409082357727763
AI赋能草原上的“未来课堂”,海淀区融媒体中心,2026-06-03,新闻报道,AI双师；京蒙协作；教育帮扶；乡村AI课程,"海淀区融媒体中心报道京蒙协作AI教育项目:海淀将AI通识课程资源引入内蒙古科右中旗27所学校、覆盖12002名学生,以“智能双师”(线上北京教师+本地教师)模式降低任教门槛,缓解当地AI师资欠缺,推动教育帮扶从“输血”转向“造血”。",https://hdb.bjhdnet.cn/hdb/content/202606/03/c62357.html
AI绘画“火出圈” 燃起商业画手的“生存焦虑”,顶端新闻·河南商报(中国网河南频道),2022-12-13,新闻报道,AI绘画；商业画手；接单减少；画风模仿；著作权,"2022年末AI绘画大规模“出圈”之际,河南商报调查显示商业画手普遍担忧被替代:画手称商单明显减少、多年形成的个人风格被AI瞬间模仿;有人建议平台对带画手风格的AI画作标注来源。律师指出AI绘画著作权维权面临困难、各平台版权归属声明不一,呼吁探索画手作品的有偿授权机制。",https://henan.china.com.cn/2022-12/13/content_42202358.htm
"抢外包饭碗,AI做到了",21财经(原载豹变),2023-05-25,行业观察,AI绘画；外包；订单萎缩；降价；效率,"21财经(豹变)调查显示AI绘画工具落地后画手外包生态遭重构:接单群日订单由五六十单跌至一周一单,海报等订单价格普遍下跌约80%,低价“AI画”订单出现;与此同时,掌握提示词能力者自称“AI画师”入场竞争,也有插画师借AI提效转型。报道呈现画师行业在失业焦虑与技术红利之间的分化格局。",https://m.21jingji.com/article/20230525/herald/b5b385e0e6873d1aedb87ce4492a7cfb.html
算法技术人文应用中的向善思考,人民论坛网,2022-06-20,专家评论,信息茧房；同温层效应；群体极化；流量至上；青少年,"人民论坛网评论文章指出算法按偏好推送会令用户陷入“同温层”与信息茧房,加剧群体极化与“沉默的螺旋”,流量至上的“尖叫效应”催生低俗违规内容,尤其对青少年世界观、人生观、价值观造成不良影响,主张平台将公共价值导向纳入算法设计、加强精细化监管。",https://www.rmlt.com.cn/2022/0620/649830.shtml
编造谣言“吸粉引流” 拘留!,江西政法网,2024-04-16,风险事件,MCN；人工智能造谣；批量生成；吸粉引流；停业整改,"据江西政法网,公安部2024年4月公布10起网络谣言典型案例,其中江西一男子经营5家MCN机构、运营842个账号,组织员工用AI工具批量生成“某地发生爆炸”“转基因玉米致鼠死亡”等不实文章吸粉引流,被行政拘留并责令机构停业整改。",https://www.jxzfw.gov.cn/2024/0416/2024041656524.html
"【护航支点 网安知行】AI深度伪造语音诈骗,亲爷爷都听不出",荆楚网,2026-08-18,风险事件,AI拟声；深度伪造；诈骗；冒充客服；老年群体,"荆楚网盘点AI深度伪造语音诈骗案例:黄石法院审理的境外团伙用AI拟声冒充亲属、线下上门取款诈骗案,以及甘肃金昌AI语音冒充客服批量话术诈骗案(涉案300万元),提示网信部门督导平台优化生物信息保护,提醒公众多方核实、勿仅凭声音判断真伪。",https://news.cnhubei.com/content/2026-08/18/content_20145179.html
"以技治谣、以法立规,共筑清朗网络诚信防线——《中国网络诚信发展报告(2026)》网络谣言治理专题解读",河北网信网,2026-08-20,政策解读,网络谣言；AI谣言；报告解读；辟谣；治理体系,"河北网信网解读《中国网络诚信发展报告(2026)》:2025年网络谣言治理形成“事前预防—事中管控—事后追责”全链条体系,清朗专项行动将AI造谣、摆拍造谣纳入打击,北京互联网法院把故意用生成式AI捏造事实列为从重处罚情节;报告也指出AI仿真内容难识别难溯源等治理难点。",https://www.caheb.gov.cn/system/2026/08/20/030392912.shtml
人工智能在监管护航中释放技术红利,人民周刊网,2023-07-20,政策解读,生成式人工智能；暂行办法；标识；分级监管；内容安全,"人民周刊评论解读2023年8月15日施行的《生成式人工智能服务管理暂行办法》:针对生成式AI传播虚假信息、侵害个人信息等问题,实行包容审慎和分类分级监管,要求对生成图片视频标识、防范未成年人过度依赖沉迷,与算法推荐、深度合成等规定共同构建监管体系。",https://www.peopleweekly.cn/html/2023/kexue_0720/177363.html
对浦东新区政协七届五次会议第044号提案的会办意见,上海市浦东新区发展和改革委员会,2026-03-26,政策动态,智算中心；能耗监管；两高评估；上海浦东；能效,上海浦东新区发改委披露，2026年起对拟新建智算中心项目实行“两高”及符合性评估预审机制，考核能耗增量等量替代、本地产业协同与能效水平，并经区级预审、市级联合评审后方可落地；同时将数据中心能效提升纳入年度双碳重点工作。体现地方对高耗能算力项目的前置能耗管控。,https://www.pudong.gov.cn/zwgk/14486.gkml_ywl_lhbl/2026/86/353658.html
北京市发展和改革委员会关于边缘计算及智算中心产业园项目的节能审查意见,北京市发展和改革委员会,2024-11-22,政策动态,智算中心；节能审查；PUE；余热回收；绿电交易,北京市发改委对边缘计算及智算中心产业园项目出具节能审查意见：运行后PUE不高于1.149、年综合能耗控制在26748吨标准煤内，须配套光伏、余热回收与中水利用，2026年可再生能源利用比例不低于80%、2030年达100%。反映地方对智算项目能效与绿电的刚性约束。,https://fgw.beijing.gov.cn/fzggzl/yfxz/xzxk_sgs/202411/t20241122_3948071.htm
"刘擎对话钉钉叶军:普通人最大的机会,是用好AI",腾讯新闻(转载极客公园IF大会对谈),2023-12-18,专家评论,刘擎；叶军；人机关系；AI取代；文明范式转换,"华东师大政治哲学学者刘擎与钉钉总裁叶军在极客公园IF大会跨界对话。刘擎判断AI技术挡不住、将带来文明范式转换级影响,忧虑大量人被取代为纯消费者而陷入虚无;叶军持技术乐观派立场,称产业经验显示AI反而把个体从繁琐中解放,主张积极拥抱、用人机协作增加确定性。",https://new.qq.com/rain/a/20231218A04QGK00
"智慧养老,让养老服务更便捷、更精准",中国战略新兴产业网,2024-05-21,企业实践,智慧养老；陪伴机器人；适老化；养老服务；AI+养老,"报道第十届中国国际养老服务业博览会上“AI+养老”产品。陪伴机器人“小丽”能提醒服药关火、代拨亲友电话;文章梳理护理、康复、陪伴三类养老机器人及工信部“机器人+”政策,引用服务机器人产量与市场数据,称服务机器人正从“功能”走向“智能”,需“技术+服务”结合才能走进老人日常生活。",http://www.chinasei.com.cn/zcjd/202405/t20240521_72753.html
中国不断规范生成式人工智能发展(专家解读),中共西藏自治区委员会网络安全和信息化委员会办公室,2023-07-24,政策解读,算法备案；深度合成；大模型产业化；监管体系,专家解读文章指出，中国近年陆续出台算法推荐、深度合成等管理规定，2023年7月公布《生成式人工智能服务管理暂行办法》并将于8月15日施行；截至当年5月国内已有超40家机构发布或规划生成式大模型，监管与产业化并行推进。,https://wxb.xzdw.gov.cn/wlzl/202307/t20230724_380096.html
超级大脑加灵巧双手 具身机器人规模化落地,中国新闻网(腾讯转载),2025-12-03,行业观察,具身智能；人形机器人；工厂应用；产业政策,"《中国新闻周刊》报道称,2025年全球数千台人形机器人进驻工厂,特斯拉、Figure与优必选等相继在汽车工厂实训;政策层面具身智能首次写入政府工作报告,北京设千亿基金、上海推10亿元具身智能基金,但国内AI人才缺口达500万。",https://new.qq.com/rain/a/20251203A02CTW00?refer=cp_1009
从“试水“到“规模化应用“:大模型催化“未来银行“迭代发展,武汉市地方金融工作局(转载),2024-03-25,行业观察,银行大模型；ChatABC；BankGPT；北银投顾GPT；智能投顾,"毕马威《2024中国银行业展望报告》称大模型正催化""未来银行""迭代,42家上市银行中已有6家公开大模型进展:农行ChatABC、工行昇腾AI金融通用模型、北京银行AIB平台与""北银投顾GPT""、平安BankGPT等,应用集中于行内运营与面向客户的问答、营销和投顾助手,整体仍处试水阶段。",https://jrj.wuhan.gov.cn/ztzl_57/xyrd/yxy/202403/t20240325_2377320.shtml
助力AI养老发展 “银发一族”当体验官,上海市杨浦区人民政府,2024-09-09,新闻报道,AI养老；银发体验官；助老智能体；数字素养；外滩大会,"上海老年大学“银发宣讲团”学员在2024 Inclusion·外滩大会上担任蓝马甲数字体验官,体验大模型赋能的助老智能体,可解答法律问题、定制旅行路线、教老人用手机等,并从老年人真实体感出发提出改进建议,推动各类App增加适老化设计。",https://www.shyp.gov.cn/shypq/xwzx-bmdt/20240909/463420.html
深圳龙岗打造“虚拟社区” 基层治理样板,成都商报(红星新闻),2025-07-14,新闻报道,虚拟社区；龙岭模式；AI语音助手；i龙岗；社区服务,"成都商报报道,深圳龙岗区以“龙岭模式”为依托打造“虚拟社区”平台,依托“i龙岗”小程序整合停车、运动、健康医疗、养老等场景,引入AI大模型开发语音助手实现精准推荐和线上预约;截至2025年7月平台已在全区111个社区全覆盖,累计访问433万人次,以数字化赋能基层治理和公共服务。",https://static.cdsb.com/micropub/HxhArticles/202507/14/3391b5e79134d9267b7e3831b0bfab3e.html
人工智能永远在路上 ——张钹院士专访,中国新一代人工智能发展战略研究院,2024-04-17,人物访谈,张钹；龚克；第三代人工智能；基础研究；专访,"中国新一代人工智能发展战略研究院发布张钹院士与龚克的对谈专访。张钹观点认为,基于知识或数据驱动的人工智能各有局限,须靠基础研究克服算法缺陷;人工智能处于探索无人区,应坚韧不拔、相信AI永远在路上,不急于求成。",https://cingai.nankai.edu.cn/2024/0417/c34771a540397/page.htm
"中国工程院院士郑纬民:国产AI芯片核心问题是生态不够好,如果生态好60%的性能也有人用",钛媒体,2024-07-09,专家评论,郑纬民；国产AI芯片；软件生态；算力；大模型,"在信息化百人会2024年度研讨会上,中国工程院院士、清华大学教授郑纬民提出观点:国产AI芯片的核心问题在于软件生态不够好,需在编程框架、并行加速、通信库、算子库等十个方面做好优化;即便芯片性能仅为国外60%,生态做好了客户也愿意用。",https://cloud.tencent.com/developer/news/1589111
"朱啸虎回应""退出具身智能"" 经历泡沫期是必然",中华网新闻,2025-03-31,专家评论,朱啸虎；具身智能；泡沫；DeepSeek；开源,"朱啸虎在交大校友投资年会圆桌回应'退出具身智能'传闻,观点认为具身智能热度太高必经泡沫期后回归商业价值;DeepSeek将成AI领域的Linux,开源地基有利于生态繁荣。",https://news.china.com/socialgd/10000169/20250331/48148112_all.html
湖南发展人工智能产业大有可为——专访科大讯飞董事长刘庆峰,湖南省人民政府外事办公室(转载湖南日报),2024-06-17,人物访谈,刘庆峰；AI就业；人机协作；大模型；赋能,"科大讯飞董事长刘庆峰接受专访谈AI与就业,观点认为AI创造新岗位而非简单替代人,未来是人机协作、深度耦合的世界;AI普及可能让人从5天工作制变为3天,把人类从重复劳动中解放出来。",https://wqb.hunan.gov.cn/xxgk/gzdt/zhyw/202406/t20240617_33328593.html
【甬派】首席访谈|潘云鹤:千万不要只做ChatGPT那样的模型,甬派(宁波市经信局转载),2024-09-09,人物访谈,潘云鹤；大模型商业化；用户；AIGC；AI替代,"甬派首席访谈专访潘云鹤院士。他提出观点:大模型商业化需抓住用户与AIGC等要素,AI只能做人类助手而不能完全替代人类;不应只做ChatGPT式模型,应组合基础模型与垂直模型构建应用系统。",https://jxj.ningbo.gov.cn/art/2024/9/9/art_1229561617_58940459.html
"巨头裁员,这次史无前例",中国新闻周刊,2025-12-16,深度报道,裁员；AI编程；大厂；程序员；降本增效,"2025年末亚马逊等多家互联网大厂裁员,部分与大模型应用相关。亚马逊CEO称未来员工规模将缩减,国内大厂亦将AI投入与人力成本此消彼长。专家认为当前是“岗位重组”而非简单削减,AI提效为主、替代尚有限。",https://www.inewsweek.cn/cover/2025-12-16/28088.shtml
大厂环伺、DeepSeek崛起 大模型“六小虎”走向分化2025年展望,科创板日报,2025-01-01,行业观察,六小虎；DeepSeek；分化；价格战；智谱,"2025年展望中,“六小虎”在大厂紧逼与DeepSeek崛起下走向分化:智谱To B领先、MiniMax全模态突出,百川、零一万物调整路线。城市间争抢大模型项目上升至产业规划之争,价格战进一步压缩利润空间。",https://new.qq.com/rain/a/20250101A041PQ00
月之暗面迎来一名女总裁,华尔街见闻,2025-12-09,深度报道,月之暗面；六小虎；大模型；分化；商业化,"2025年大模型市场固化为“阶层分化”,豆包与DeepSeek切走近半壁江山。六小虎痛苦变阵:百川聚焦医疗、零一万物放弃万亿参数转投DeepSeek做To B,智谱、MiniMax加速IPO,留给独立厂商的时间不多。",https://new.qq.com/rain/a/20251209A088DB00
"AI成美妆、个护营销大战主角,“一键生成脚本”为直播提效",南方都市报,2025-05-29,行业观察,AIGC；营销；美妆；数字人直播；电商,"南方都市报调研发现AI已成消费营销主角,超53%广告主在创意中引入AIGC,美妆个护接受度最高。数字人直播在闲时店播降本明显,京东言犀成本仅为真人十分之一,但广告策略制定仍难被AI完全取代。",https://news.qq.com/rain/a/20250529A058NM00
从“无人码头”到“大模型”的科技跃迁,腾讯新闻,2025-06-13,行业观察,天津港；智慧码头；大模型；JTOS；绿色港口,"2025天津国际航运展上,天津港全栈信创版JTOS管控系统上线,百余台AI水平运输机器人规模化协同;建成全国首个防波堤风电,年发电3.4亿千瓦时满足全港60%能耗,海铁联运预计达150万标箱,提供“中国方案”。",https://news.qq.com/rain/a/20250613A031RA00
